-- phpMyAdmin SQL Dump
-- version 4.4.14
-- http://www.phpmyadmin.net
--
-- Host: 127.0.0.1
-- Generation Time: May 17, 2018 at 12:07 PM
-- Server version: 5.6.26
-- PHP Version: 5.6.12

SET SQL_MODE = "NO_AUTO_VALUE_ON_ZERO";
SET time_zone = "+00:00";


/*!40101 SET @OLD_CHARACTER_SET_CLIENT=@@CHARACTER_SET_CLIENT */;
/*!40101 SET @OLD_CHARACTER_SET_RESULTS=@@CHARACTER_SET_RESULTS */;
/*!40101 SET @OLD_COLLATION_CONNECTION=@@COLLATION_CONNECTION */;
/*!40101 SET NAMES utf8mb4 */;

--
-- Database: `bigcity_group_db`
--

-- --------------------------------------------------------

--
-- Table structure for table `0_areas`
--

CREATE TABLE IF NOT EXISTS `0_areas` (
  `area_code` int(11) NOT NULL,
  `description` varchar(60) COLLATE utf8_unicode_ci NOT NULL DEFAULT '',
  `inactive` tinyint(1) NOT NULL DEFAULT '0'
) ENGINE=InnoDB AUTO_INCREMENT=2 DEFAULT CHARSET=utf8 COLLATE=utf8_unicode_ci;

--
-- Dumping data for table `0_areas`
--

INSERT INTO `0_areas` (`area_code`, `description`, `inactive`) VALUES
(1, 'Global', 0);

-- --------------------------------------------------------

--
-- Table structure for table `0_attachments`
--

CREATE TABLE IF NOT EXISTS `0_attachments` (
  `id` int(11) unsigned NOT NULL,
  `description` varchar(60) COLLATE utf8_unicode_ci NOT NULL DEFAULT '',
  `type_no` int(11) NOT NULL DEFAULT '0',
  `trans_no` int(11) NOT NULL DEFAULT '0',
  `unique_name` varchar(60) COLLATE utf8_unicode_ci NOT NULL DEFAULT '',
  `tran_date` date NOT NULL DEFAULT '0000-00-00',
  `filename` varchar(60) COLLATE utf8_unicode_ci NOT NULL DEFAULT '',
  `filesize` int(11) NOT NULL DEFAULT '0',
  `filetype` varchar(60) COLLATE utf8_unicode_ci NOT NULL DEFAULT ''
) ENGINE=InnoDB DEFAULT CHARSET=utf8 COLLATE=utf8_unicode_ci;

-- --------------------------------------------------------

--
-- Table structure for table `0_audit_trail`
--

CREATE TABLE IF NOT EXISTS `0_audit_trail` (
  `id` int(11) NOT NULL,
  `type` smallint(6) unsigned NOT NULL DEFAULT '0',
  `trans_no` int(11) unsigned NOT NULL DEFAULT '0',
  `user` smallint(6) unsigned NOT NULL DEFAULT '0',
  `stamp` timestamp NOT NULL DEFAULT CURRENT_TIMESTAMP ON UPDATE CURRENT_TIMESTAMP,
  `description` varchar(60) COLLATE utf8_unicode_ci DEFAULT NULL,
  `fiscal_year` int(11) NOT NULL DEFAULT '0',
  `gl_date` date NOT NULL DEFAULT '0000-00-00',
  `gl_seq` int(11) unsigned DEFAULT NULL
) ENGINE=InnoDB AUTO_INCREMENT=14 DEFAULT CHARSET=utf8 COLLATE=utf8_unicode_ci;

--
-- Dumping data for table `0_audit_trail`
--

INSERT INTO `0_audit_trail` (`id`, `type`, `trans_no`, `user`, `stamp`, `description`, `fiscal_year`, `gl_date`, `gl_seq`) VALUES
(1, 25, 1, 3, '2018-05-17 04:33:37', '', 1, '2018-04-30', 0),
(2, 20, 1, 3, '2018-05-17 05:17:54', '', 1, '2018-05-17', NULL),
(3, 18, 2, 3, '2018-05-17 04:52:02', 'Updated.', 1, '2018-05-17', 0),
(4, 25, 2, 3, '2018-05-17 04:52:17', '', 1, '2018-04-30', 0),
(5, 20, 2, 3, '2018-05-17 04:53:25', '', 1, '2018-05-17', 0),
(6, 18, 3, 3, '2018-05-17 04:59:59', 'Updated.', 1, '2018-05-17', 0),
(7, 25, 3, 3, '2018-05-17 05:00:21', '', 1, '2018-05-17', 0),
(8, 20, 3, 3, '2018-05-17 05:00:59', '', 1, '2018-05-17', 0),
(9, 18, 4, 3, '2018-05-17 05:14:20', 'Updated.', 1, '2018-05-17', 0),
(10, 25, 4, 3, '2018-05-17 05:15:03', '', 1, '2018-05-17', 0),
(11, 20, 4, 3, '2018-05-17 05:16:36', '', 1, '2018-05-17', 0),
(12, 20, 1, 3, '2018-05-17 05:17:54', 'Voided.\nDocument reentered.', 1, '2018-05-17', 0),
(13, 20, 5, 3, '2018-05-17 05:17:54', '', 1, '2018-05-17', 0);

-- --------------------------------------------------------

--
-- Table structure for table `0_bank_accounts`
--

CREATE TABLE IF NOT EXISTS `0_bank_accounts` (
  `account_code` varchar(15) COLLATE utf8_unicode_ci NOT NULL DEFAULT '',
  `account_type` smallint(6) NOT NULL DEFAULT '0',
  `bank_account_name` varchar(60) COLLATE utf8_unicode_ci NOT NULL DEFAULT '',
  `bank_account_number` varchar(100) COLLATE utf8_unicode_ci NOT NULL DEFAULT '',
  `bank_name` varchar(60) COLLATE utf8_unicode_ci NOT NULL DEFAULT '',
  `bank_address` tinytext COLLATE utf8_unicode_ci,
  `bank_curr_code` char(3) COLLATE utf8_unicode_ci NOT NULL DEFAULT '',
  `dflt_curr_act` tinyint(1) NOT NULL DEFAULT '0',
  `id` smallint(6) NOT NULL,
  `bank_charge_act` varchar(15) COLLATE utf8_unicode_ci NOT NULL DEFAULT '',
  `last_reconciled_date` timestamp NOT NULL DEFAULT '0000-00-00 00:00:00',
  `ending_reconcile_balance` double NOT NULL DEFAULT '0',
  `inactive` tinyint(1) NOT NULL DEFAULT '0'
) ENGINE=InnoDB AUTO_INCREMENT=2 DEFAULT CHARSET=utf8 COLLATE=utf8_unicode_ci;

--
-- Dumping data for table `0_bank_accounts`
--

INSERT INTO `0_bank_accounts` (`account_code`, `account_type`, `bank_account_name`, `bank_account_number`, `bank_name`, `bank_address`, `bank_curr_code`, `dflt_curr_act`, `id`, `bank_charge_act`, `last_reconciled_date`, `ending_reconcile_balance`, `inactive`) VALUES
('1060', 0, 'Symi Holdings Savings', '', '', '', 'LKR', 0, 1, '5690', '0000-00-00 00:00:00', 0, 0);

-- --------------------------------------------------------

--
-- Table structure for table `0_bank_trans`
--

CREATE TABLE IF NOT EXISTS `0_bank_trans` (
  `id` int(11) NOT NULL,
  `type` smallint(6) DEFAULT NULL,
  `trans_no` int(11) DEFAULT NULL,
  `bank_act` varchar(15) COLLATE utf8_unicode_ci NOT NULL DEFAULT '',
  `ref` varchar(40) COLLATE utf8_unicode_ci DEFAULT NULL,
  `trans_date` date NOT NULL DEFAULT '0000-00-00',
  `amount` double DEFAULT NULL,
  `dimension_id` int(11) NOT NULL DEFAULT '0',
  `dimension2_id` int(11) NOT NULL DEFAULT '0',
  `person_type_id` int(11) NOT NULL DEFAULT '0',
  `person_id` tinyblob,
  `reconciled` date DEFAULT NULL
) ENGINE=InnoDB DEFAULT CHARSET=utf8 COLLATE=utf8_unicode_ci;

-- --------------------------------------------------------

--
-- Table structure for table `0_bom`
--

CREATE TABLE IF NOT EXISTS `0_bom` (
  `id` int(11) NOT NULL,
  `parent` char(20) COLLATE utf8_unicode_ci NOT NULL DEFAULT '',
  `component` char(20) COLLATE utf8_unicode_ci NOT NULL DEFAULT '',
  `workcentre_added` int(11) NOT NULL DEFAULT '0',
  `loc_code` char(5) COLLATE utf8_unicode_ci NOT NULL DEFAULT '',
  `quantity` double NOT NULL DEFAULT '1'
) ENGINE=InnoDB DEFAULT CHARSET=utf8 COLLATE=utf8_unicode_ci;

-- --------------------------------------------------------

--
-- Table structure for table `0_budget_trans`
--

CREATE TABLE IF NOT EXISTS `0_budget_trans` (
  `id` int(11) NOT NULL,
  `tran_date` date NOT NULL DEFAULT '0000-00-00',
  `account` varchar(15) COLLATE utf8_unicode_ci NOT NULL DEFAULT '',
  `memo_` tinytext COLLATE utf8_unicode_ci NOT NULL,
  `amount` double NOT NULL DEFAULT '0',
  `dimension_id` int(11) DEFAULT '0',
  `dimension2_id` int(11) DEFAULT '0'
) ENGINE=InnoDB DEFAULT CHARSET=utf8 COLLATE=utf8_unicode_ci;

-- --------------------------------------------------------

--
-- Table structure for table `0_chart_class`
--

CREATE TABLE IF NOT EXISTS `0_chart_class` (
  `cid` varchar(3) COLLATE utf8_unicode_ci NOT NULL,
  `class_name` varchar(60) COLLATE utf8_unicode_ci NOT NULL DEFAULT '',
  `ctype` tinyint(1) NOT NULL DEFAULT '0',
  `inactive` tinyint(1) NOT NULL DEFAULT '0'
) ENGINE=InnoDB DEFAULT CHARSET=utf8 COLLATE=utf8_unicode_ci;

--
-- Dumping data for table `0_chart_class`
--

INSERT INTO `0_chart_class` (`cid`, `class_name`, `ctype`, `inactive`) VALUES
('1', 'Assets', 1, 0),
('2', 'Liabilities', 2, 0),
('3', 'Income', 4, 0),
('4', 'Costs', 6, 0);

-- --------------------------------------------------------

--
-- Table structure for table `0_chart_master`
--

CREATE TABLE IF NOT EXISTS `0_chart_master` (
  `account_code` varchar(15) COLLATE utf8_unicode_ci NOT NULL DEFAULT '',
  `account_code2` varchar(15) COLLATE utf8_unicode_ci NOT NULL DEFAULT '',
  `account_name` varchar(60) COLLATE utf8_unicode_ci NOT NULL DEFAULT '',
  `account_type` varchar(10) COLLATE utf8_unicode_ci NOT NULL DEFAULT '0',
  `inactive` tinyint(1) NOT NULL DEFAULT '0'
) ENGINE=InnoDB DEFAULT CHARSET=utf8 COLLATE=utf8_unicode_ci;

--
-- Dumping data for table `0_chart_master`
--

INSERT INTO `0_chart_master` (`account_code`, `account_code2`, `account_name`, `account_type`, `inactive`) VALUES
('1060', '', 'Checking Account', '1', 0),
('1065', '', 'Petty Cash', '1', 0),
('1200', '', 'Accounts Receivables', '1', 0),
('1205', '', 'Allowance for doubtful accounts', '1', 0),
('1510', '', 'Inventory', '2', 0),
('1520', '', 'Stocks of Raw Materials', '2', 0),
('1530', '', 'Stocks of Work In Progress', '2', 0),
('1540', '', 'Stocks of Finished Goods', '2', 0),
('1550', '', 'Goods Received Clearing account', '2', 0),
('1820', '', 'Office Furniture &amp; Equipment', '3', 0),
('1825', '', 'Accum. Amort. -Furn. &amp; Equip.', '3', 0),
('1840', '', 'Vehicle', '3', 0),
('1845', '', 'Accum. Amort. -Vehicle', '3', 0),
('2100', '', 'Accounts Payable', '4', 0),
('2110', '', 'Accrued Income Tax - Federal', '4', 0),
('2120', '', 'Accrued Income Tax - State', '4', 0),
('2130', '', 'Accrued Franchise Tax', '4', 0),
('2140', '', 'Accrued Real &amp; Personal Prop Tax', '4', 0),
('2150', '', 'Sales Tax', '4', 0),
('2160', '', 'Accrued Use Tax Payable', '4', 0),
('2210', '', 'Accrued Wages', '4', 0),
('2220', '', 'Accrued Comp Time', '4', 0),
('2230', '', 'Accrued Holiday Pay', '4', 0),
('2240', '', 'Accrued Vacation Pay', '4', 0),
('2310', '', 'Accr. Benefits - 401K', '4', 0),
('2320', '', 'Accr. Benefits - Stock Purchase', '4', 0),
('2330', '', 'Accr. Benefits - Med, Den', '4', 0),
('2340', '', 'Accr. Benefits - Payroll Taxes', '4', 0),
('2350', '', 'Accr. Benefits - Credit Union', '4', 0),
('2360', '', 'Accr. Benefits - Savings Bond', '4', 0),
('2370', '', 'Accr. Benefits - Garnish', '4', 0),
('2380', '', 'Accr. Benefits - Charity Cont.', '4', 0),
('2620', '', 'Bank Loans', '5', 0),
('2680', '', 'Loans from Shareholders', '5', 0),
('3350', '', 'Common Shares', '6', 0),
('3590', '', 'Retained Earnings - prior years', '7', 0),
('4010', '', 'Sales', '8', 0),
('4430', '', 'Shipping &amp; Handling', '9', 0),
('4440', '', 'Interest', '9', 0),
('4450', '', 'Foreign Exchange Gain', '9', 0),
('4500', '', 'Prompt Payment Discounts', '9', 0),
('4510', '', 'Discounts Given', '9', 0),
('5010', '', 'Cost of Goods Sold - Retail', '10', 0),
('5020', '', 'Material Usage Varaiance', '10', 0),
('5030', '', 'Consumable Materials', '10', 0),
('5040', '', 'Purchase price Variance', '10', 0),
('5050', '', 'Purchases of materials', '10', 0),
('5060', '', 'Discounts Received', '10', 0),
('5100', '', 'Freight', '10', 0),
('5410', '', 'Wages &amp; Salaries', '11', 0),
('5420', '', 'Wages - Overtime', '11', 0),
('5430', '', 'Benefits - Comp Time', '11', 0),
('5440', '', 'Benefits - Payroll Taxes', '11', 0),
('5450', '', 'Benefits - Workers Comp', '11', 0),
('5460', '', 'Benefits - Pension', '11', 0),
('5470', '', 'Benefits - General Benefits', '11', 0),
('5510', '', 'Inc Tax Exp - Federal', '11', 0),
('5520', '', 'Inc Tax Exp - State', '11', 0),
('5530', '', 'Taxes - Real Estate', '11', 0),
('5540', '', 'Taxes - Personal Property', '11', 0),
('5550', '', 'Taxes - Franchise', '11', 0),
('5560', '', 'Taxes - Foreign Withholding', '11', 0),
('5610', '', 'Accounting &amp; Legal', '12', 0),
('5615', '', 'Advertising &amp; Promotions', '12', 0),
('5620', '', 'Bad Debts', '12', 0),
('5660', '', 'Amortization Expense', '12', 0),
('5685', '', 'Insurance', '12', 0),
('5690', '', 'Interest &amp; Bank Charges', '12', 0),
('5700', '', 'Office Supplies', '12', 0),
('5760', '', 'Rent', '12', 0),
('5765', '', 'Repair &amp; Maintenance', '12', 0),
('5780', '', 'Telephone', '12', 0),
('5785', '', 'Travel &amp; Entertainment', '12', 0),
('5790', '', 'Utilities', '12', 0),
('5795', '', 'Registrations', '12', 0),
('5800', '', 'Licenses', '12', 0),
('5810', '', 'Foreign Exchange Loss', '12', 0),
('9990', '', 'Year Profit/Loss', '12', 0);

-- --------------------------------------------------------

--
-- Table structure for table `0_chart_types`
--

CREATE TABLE IF NOT EXISTS `0_chart_types` (
  `id` varchar(10) COLLATE utf8_unicode_ci NOT NULL,
  `name` varchar(60) COLLATE utf8_unicode_ci NOT NULL DEFAULT '',
  `class_id` varchar(3) COLLATE utf8_unicode_ci NOT NULL DEFAULT '',
  `parent` varchar(10) COLLATE utf8_unicode_ci NOT NULL DEFAULT '-1',
  `inactive` tinyint(1) NOT NULL DEFAULT '0'
) ENGINE=InnoDB DEFAULT CHARSET=utf8 COLLATE=utf8_unicode_ci;

--
-- Dumping data for table `0_chart_types`
--

INSERT INTO `0_chart_types` (`id`, `name`, `class_id`, `parent`, `inactive`) VALUES
('1', 'Current Assets', '1', '', 0),
('10', 'Cost of Goods Sold', '4', '', 0),
('11', 'Payroll Expenses', '4', '', 0),
('12', 'General &amp; Administrative expenses', '4', '', 0),
('2', 'Inventory Assets', '1', '', 0),
('3', 'Capital Assets', '1', '', 0),
('4', 'Current Liabilities', '2', '', 0),
('5', 'Long Term Liabilities', '2', '', 0),
('6', 'Share Capital', '2', '', 0),
('7', 'Retained Earnings', '2', '', 0),
('8', 'Sales Revenue', '3', '', 0),
('9', 'Other Revenue', '3', '', 0);

-- --------------------------------------------------------

--
-- Table structure for table `0_comments`
--

CREATE TABLE IF NOT EXISTS `0_comments` (
  `type` int(11) NOT NULL DEFAULT '0',
  `id` int(11) NOT NULL DEFAULT '0',
  `date_` date DEFAULT '0000-00-00',
  `memo_` tinytext COLLATE utf8_unicode_ci
) ENGINE=InnoDB DEFAULT CHARSET=utf8 COLLATE=utf8_unicode_ci;

--
-- Dumping data for table `0_comments`
--

INSERT INTO `0_comments` (`type`, `id`, `date_`, `memo_`) VALUES
(20, 2, '2018-05-17', 'ini inv 2'),
(20, 4, '2018-05-17', 'ini_stock_ship4 inv');

-- --------------------------------------------------------

--
-- Table structure for table `0_credit_status`
--

CREATE TABLE IF NOT EXISTS `0_credit_status` (
  `id` int(11) NOT NULL,
  `reason_description` char(100) COLLATE utf8_unicode_ci NOT NULL DEFAULT '',
  `dissallow_invoices` tinyint(1) NOT NULL DEFAULT '0',
  `inactive` tinyint(1) NOT NULL DEFAULT '0'
) ENGINE=InnoDB AUTO_INCREMENT=5 DEFAULT CHARSET=utf8 COLLATE=utf8_unicode_ci;

--
-- Dumping data for table `0_credit_status`
--

INSERT INTO `0_credit_status` (`id`, `reason_description`, `dissallow_invoices`, `inactive`) VALUES
(1, 'Good History', 0, 0),
(3, 'No more work until payment received', 1, 0),
(4, 'In liquidation', 1, 0);

-- --------------------------------------------------------

--
-- Table structure for table `0_crm_categories`
--

CREATE TABLE IF NOT EXISTS `0_crm_categories` (
  `id` int(11) NOT NULL COMMENT 'pure technical key',
  `type` varchar(20) COLLATE utf8_unicode_ci NOT NULL COMMENT 'contact type e.g. customer',
  `action` varchar(20) COLLATE utf8_unicode_ci NOT NULL COMMENT 'detailed usage e.g. department',
  `name` varchar(30) COLLATE utf8_unicode_ci NOT NULL COMMENT 'for category selector',
  `description` tinytext COLLATE utf8_unicode_ci NOT NULL COMMENT 'usage description',
  `system` tinyint(1) NOT NULL DEFAULT '0' COMMENT 'nonzero for core system usage',
  `inactive` tinyint(1) NOT NULL DEFAULT '0'
) ENGINE=InnoDB AUTO_INCREMENT=13 DEFAULT CHARSET=utf8 COLLATE=utf8_unicode_ci;

--
-- Dumping data for table `0_crm_categories`
--

INSERT INTO `0_crm_categories` (`id`, `type`, `action`, `name`, `description`, `system`, `inactive`) VALUES
(1, 'cust_branch', 'general', 'General', 'General contact data for customer branch (overrides company setting)', 1, 0),
(2, 'cust_branch', 'invoice', 'Invoices', 'Invoice posting (overrides company setting)', 1, 0),
(3, 'cust_branch', 'order', 'Orders', 'Order confirmation (overrides company setting)', 1, 0),
(4, 'cust_branch', 'delivery', 'Deliveries', 'Delivery coordination (overrides company setting)', 1, 0),
(5, 'customer', 'general', 'General', 'General contact data for customer', 1, 0),
(6, 'customer', 'order', 'Orders', 'Order confirmation', 1, 0),
(7, 'customer', 'delivery', 'Deliveries', 'Delivery coordination', 1, 0),
(8, 'customer', 'invoice', 'Invoices', 'Invoice posting', 1, 0),
(9, 'supplier', 'general', 'General', 'General contact data for supplier', 1, 0),
(10, 'supplier', 'order', 'Orders', 'Order confirmation', 1, 0),
(11, 'supplier', 'delivery', 'Deliveries', 'Delivery coordination', 1, 0),
(12, 'supplier', 'invoice', 'Invoices', 'Invoice posting', 1, 0);

-- --------------------------------------------------------

--
-- Table structure for table `0_crm_contacts`
--

CREATE TABLE IF NOT EXISTS `0_crm_contacts` (
  `id` int(11) NOT NULL,
  `person_id` int(11) NOT NULL DEFAULT '0' COMMENT 'foreign key to crm_contacts',
  `type` varchar(20) COLLATE utf8_unicode_ci NOT NULL COMMENT 'foreign key to crm_categories',
  `action` varchar(20) COLLATE utf8_unicode_ci NOT NULL COMMENT 'foreign key to crm_categories',
  `entity_id` varchar(11) COLLATE utf8_unicode_ci DEFAULT NULL COMMENT 'entity id in related class table'
) ENGINE=InnoDB AUTO_INCREMENT=184 DEFAULT CHARSET=utf8 COLLATE=utf8_unicode_ci;

--
-- Dumping data for table `0_crm_contacts`
--

INSERT INTO `0_crm_contacts` (`id`, `person_id`, `type`, `action`, `entity_id`) VALUES
(1, 1, 'supplier', 'general', '1'),
(2, 2, 'cust_branch', 'general', '1'),
(3, 2, 'customer', 'general', '1'),
(4, 3, 'cust_branch', 'general', '2'),
(5, 4, 'cust_branch', 'general', '3'),
(6, 5, 'cust_branch', 'general', '4'),
(7, 6, 'cust_branch', 'general', '5'),
(8, 7, 'cust_branch', 'general', '6'),
(9, 7, 'customer', 'general', '2'),
(10, 8, 'cust_branch', 'general', '7'),
(11, 8, 'customer', 'general', '3'),
(12, 9, 'cust_branch', 'general', '8'),
(13, 10, 'cust_branch', 'general', '9'),
(14, 10, 'customer', 'general', '4'),
(15, 11, 'cust_branch', 'general', '10'),
(16, 11, 'customer', 'general', '5'),
(17, 12, 'cust_branch', 'general', '11'),
(18, 12, 'customer', 'general', '6'),
(19, 13, 'cust_branch', 'general', '12'),
(20, 13, 'customer', 'general', '7'),
(21, 14, 'cust_branch', 'general', '13'),
(22, 15, 'cust_branch', 'general', '14'),
(23, 16, 'cust_branch', 'general', '15'),
(24, 17, 'cust_branch', 'general', '16'),
(25, 17, 'customer', 'general', '8'),
(26, 18, 'cust_branch', 'general', '17'),
(27, 19, 'cust_branch', 'general', '18'),
(28, 19, 'customer', 'general', '9'),
(29, 20, 'cust_branch', 'general', '19'),
(30, 20, 'customer', 'general', '10'),
(31, 21, 'cust_branch', 'general', '20'),
(32, 21, 'customer', 'general', '11'),
(33, 22, 'cust_branch', 'general', '21'),
(34, 22, 'customer', 'general', '12'),
(35, 23, 'cust_branch', 'general', '22'),
(36, 23, 'customer', 'general', '13'),
(37, 24, 'cust_branch', 'general', '23'),
(38, 24, 'customer', 'general', '14'),
(39, 25, 'cust_branch', 'general', '24'),
(40, 25, 'customer', 'general', '15'),
(41, 26, 'cust_branch', 'general', '25'),
(42, 26, 'customer', 'general', '16'),
(43, 27, 'cust_branch', 'general', '26'),
(44, 27, 'customer', 'general', '17'),
(45, 28, 'cust_branch', 'general', '27'),
(46, 28, 'customer', 'general', '18'),
(47, 29, 'cust_branch', 'general', '28'),
(48, 29, 'customer', 'general', '19'),
(49, 30, 'cust_branch', 'general', '29'),
(50, 30, 'customer', 'general', '20'),
(51, 31, 'cust_branch', 'general', '30'),
(52, 31, 'customer', 'general', '21'),
(53, 32, 'cust_branch', 'general', '31'),
(54, 32, 'customer', 'general', '22'),
(55, 33, 'cust_branch', 'general', '32'),
(56, 33, 'customer', 'general', '23'),
(57, 34, 'cust_branch', 'general', '33'),
(58, 34, 'customer', 'general', '24'),
(59, 35, 'cust_branch', 'general', '34'),
(60, 35, 'customer', 'general', '25'),
(61, 36, 'cust_branch', 'general', '35'),
(62, 36, 'customer', 'general', '26'),
(63, 37, 'cust_branch', 'general', '36'),
(64, 37, 'customer', 'general', '27'),
(65, 38, 'cust_branch', 'general', '37'),
(66, 38, 'customer', 'general', '28'),
(67, 39, 'cust_branch', 'general', '38'),
(68, 39, 'customer', 'general', '29'),
(69, 40, 'cust_branch', 'general', '39'),
(70, 40, 'customer', 'general', '30'),
(71, 41, 'cust_branch', 'general', '40'),
(72, 41, 'customer', 'general', '31'),
(73, 42, 'cust_branch', 'general', '41'),
(74, 42, 'customer', 'general', '32'),
(75, 43, 'cust_branch', 'general', '42'),
(76, 43, 'customer', 'general', '33'),
(77, 44, 'cust_branch', 'general', '43'),
(78, 44, 'customer', 'general', '34'),
(79, 45, 'cust_branch', 'general', '44'),
(80, 45, 'customer', 'general', '35'),
(81, 46, 'cust_branch', 'general', '45'),
(82, 46, 'customer', 'general', '36'),
(83, 47, 'cust_branch', 'general', '46'),
(84, 47, 'customer', 'general', '37'),
(85, 48, 'cust_branch', 'general', '47'),
(86, 48, 'customer', 'general', '38'),
(87, 49, 'cust_branch', 'general', '48'),
(88, 49, 'customer', 'general', '39'),
(89, 50, 'cust_branch', 'general', '49'),
(90, 50, 'customer', 'general', '40'),
(91, 51, 'cust_branch', 'general', '50'),
(92, 51, 'customer', 'general', '41'),
(93, 52, 'cust_branch', 'general', '51'),
(94, 52, 'customer', 'general', '42'),
(95, 53, 'cust_branch', 'general', '52'),
(96, 53, 'customer', 'general', '43'),
(97, 54, 'cust_branch', 'general', '53'),
(98, 54, 'customer', 'general', '44'),
(99, 55, 'cust_branch', 'general', '54'),
(100, 55, 'customer', 'general', '45'),
(101, 56, 'cust_branch', 'general', '55'),
(102, 56, 'customer', 'general', '46'),
(103, 57, 'cust_branch', 'general', '56'),
(104, 57, 'customer', 'general', '47'),
(105, 58, 'cust_branch', 'general', '57'),
(106, 58, 'customer', 'general', '48'),
(107, 59, 'cust_branch', 'general', '58'),
(108, 59, 'customer', 'general', '49'),
(109, 60, 'cust_branch', 'general', '59'),
(110, 60, 'customer', 'general', '50'),
(111, 61, 'cust_branch', 'general', '60'),
(112, 61, 'customer', 'general', '51'),
(113, 62, 'cust_branch', 'general', '61'),
(114, 62, 'customer', 'general', '52'),
(115, 63, 'cust_branch', 'general', '62'),
(116, 63, 'customer', 'general', '53'),
(117, 64, 'cust_branch', 'general', '63'),
(118, 64, 'customer', 'general', '54'),
(119, 65, 'cust_branch', 'general', '64'),
(120, 65, 'customer', 'general', '55'),
(121, 66, 'cust_branch', 'general', '65'),
(122, 66, 'customer', 'general', '56'),
(123, 67, 'cust_branch', 'general', '66'),
(124, 67, 'customer', 'general', '57'),
(125, 68, 'cust_branch', 'general', '67'),
(126, 68, 'customer', 'general', '58'),
(127, 69, 'cust_branch', 'general', '68'),
(128, 69, 'customer', 'general', '59'),
(129, 70, 'cust_branch', 'general', '69'),
(130, 70, 'customer', 'general', '60'),
(131, 71, 'cust_branch', 'general', '70'),
(132, 71, 'customer', 'general', '61'),
(133, 72, 'cust_branch', 'general', '71'),
(134, 72, 'customer', 'general', '62'),
(135, 73, 'cust_branch', 'general', '72'),
(136, 73, 'customer', 'general', '63'),
(137, 74, 'cust_branch', 'general', '73'),
(138, 74, 'customer', 'general', '64'),
(139, 75, 'cust_branch', 'general', '74'),
(140, 75, 'customer', 'general', '65'),
(141, 76, 'cust_branch', 'general', '75'),
(142, 76, 'customer', 'general', '66'),
(143, 77, 'cust_branch', 'general', '76'),
(144, 77, 'customer', 'general', '67'),
(145, 78, 'cust_branch', 'general', '77'),
(146, 78, 'customer', 'general', '68'),
(147, 79, 'cust_branch', 'general', '78'),
(148, 79, 'customer', 'general', '69'),
(149, 80, 'cust_branch', 'general', '79'),
(150, 80, 'customer', 'general', '70'),
(151, 81, 'cust_branch', 'general', '80'),
(152, 81, 'customer', 'general', '71'),
(153, 82, 'cust_branch', 'general', '81'),
(154, 82, 'customer', 'general', '72'),
(155, 83, 'cust_branch', 'general', '82'),
(156, 83, 'customer', 'general', '73'),
(157, 84, 'cust_branch', 'general', '83'),
(158, 84, 'customer', 'general', '74'),
(159, 85, 'cust_branch', 'general', '84'),
(160, 85, 'customer', 'general', '75'),
(161, 86, 'cust_branch', 'general', '85'),
(162, 86, 'customer', 'general', '76'),
(163, 87, 'cust_branch', 'general', '86'),
(164, 87, 'customer', 'general', '77'),
(165, 88, 'cust_branch', 'general', '87'),
(166, 88, 'customer', 'general', '78'),
(167, 89, 'cust_branch', 'general', '88'),
(168, 89, 'customer', 'general', '79'),
(169, 90, 'cust_branch', 'general', '89'),
(170, 90, 'customer', 'general', '80'),
(171, 91, 'cust_branch', 'general', '90'),
(172, 91, 'customer', 'general', '81'),
(173, 92, 'cust_branch', 'general', '91'),
(174, 92, 'customer', 'general', '82'),
(175, 93, 'cust_branch', 'general', '92'),
(176, 93, 'customer', 'general', '83'),
(177, 94, 'cust_branch', 'general', '93'),
(178, 94, 'customer', 'general', '84'),
(179, 95, 'cust_branch', 'general', '94'),
(180, 95, 'customer', 'general', '85'),
(181, 96, 'supplier', 'general', '2'),
(182, 97, 'supplier', 'general', '3'),
(183, 98, 'supplier', 'general', '4');

-- --------------------------------------------------------

--
-- Table structure for table `0_crm_persons`
--

CREATE TABLE IF NOT EXISTS `0_crm_persons` (
  `id` int(11) NOT NULL,
  `ref` varchar(30) COLLATE utf8_unicode_ci NOT NULL,
  `name` varchar(60) COLLATE utf8_unicode_ci NOT NULL,
  `name2` varchar(60) COLLATE utf8_unicode_ci DEFAULT NULL,
  `address` tinytext COLLATE utf8_unicode_ci,
  `phone` varchar(30) COLLATE utf8_unicode_ci DEFAULT NULL,
  `phone2` varchar(30) COLLATE utf8_unicode_ci DEFAULT NULL,
  `fax` varchar(30) COLLATE utf8_unicode_ci DEFAULT NULL,
  `email` varchar(100) COLLATE utf8_unicode_ci DEFAULT NULL,
  `lang` char(5) COLLATE utf8_unicode_ci DEFAULT NULL,
  `notes` tinytext COLLATE utf8_unicode_ci NOT NULL,
  `inactive` tinyint(1) NOT NULL DEFAULT '0'
) ENGINE=InnoDB AUTO_INCREMENT=99 DEFAULT CHARSET=utf8 COLLATE=utf8_unicode_ci;

--
-- Dumping data for table `0_crm_persons`
--

INSERT INTO `0_crm_persons` (`id`, `ref`, `name`, `name2`, `address`, `phone`, `phone2`, `fax`, `email`, `lang`, `notes`, `inactive`) VALUES
(1, 'SYMI-OS', '', '', '', '', '', '', '', '', '', 0),
(2, 'B001', 'Lovers Big City Pvt Ltd', '', '15, Mosque Road,\nBeruwela.', '0342276623', '0777932402', '0342276624', 'loversbigcity@ymail.com', '', '', 0),
(3, 'Fawas', 'Fawas', '', '32B 1/1, Kingswatta,\nMatara', '0777931915', '0412222320', '', '', '', '', 0),
(4, 'Mr.Imthiyas', 'Mr.Imthiyas', '', 'No. 40, Perakumba Street, Kurunegala.', '0767755363', '0372233878', '', '', '', '', 0),
(5, 'Mr. Farsan', 'Mr. Farsan', '', '', '', '', '', '', '', '', 0),
(6, 'Mr.Harshan', 'Mr.Harshan', '', 'No. 90 , Rathnapura road , Horana.', '0771234445', '0342266588', '', '', '', '', 0),
(7, 'F003', 'Furkan Piliyandala', '', '', '0774982170', '', '', '', '', '', 0),
(8, 'L002', 'Lovers Capital', '', 'No. 46, Yatinuwara Road, Kandy.', '0777921955', '', '', '', '', '', 0),
(9, '', '', '', '561/25 New Town, Anuradhapura.', '', '', '', '', '', '', 0),
(10, 'G001', 'Glamour City - Shimak Haji', '', 'NO. 62, DHARMA VIJAYA MW ,\nBANDARAWALA.\n', '057-2233229', '', '', '', '', '', 0),
(11, 'R003', 'New Lovers ( Rizan )', '', 'No. 09, Bazar Street, Chilaw.', '0777551867', '', '', '', '', '', 0),
(12, 'A001', 'Aman ', '', 'Kaluthara.', '0773778985', '', '', '', '', '', 0),
(13, 'I003-M', 'Lovers Bug ( Imran )', '', 'Mathugama', '0773553844', '', '', '', '', '', 0),
(14, '', '', '', '', '', '', '', '', '', '', 0),
(15, '', '', '', '', '0773553844', '', '', '', '', '', 0),
(16, '', '', '', '', '', '', '', '', '', '', 0),
(17, 'M004-W', 'Lovers Sky - Mifras', '', 'Wellawaya.', '', '', '', '', '', '', 0),
(18, '', '', '', '', '0777977786', '', '', '', '', '', 0),
(19, 'F005', 'Young Forever - Aarif Haji', '', 'NO. 16 	CENTRAL ROAD,\nBATTICALOA,\n', '0768238746', '', '', '', '', '', 0),
(20, 'N002', 'Nislan -Sales', '', 'Beruwala.', '0756072010', '', '', '', '', '', 0),
(21, 'T001', 'Loku Lovers - Rifkhan', '', 'Mathugama.', '0773160667', '', '', '', '', '', 0),
(22, 'L007', 'Lovers City - Rasak', '', 'Ambalangoda', '0779993380', '', '', '', '', '', 0),
(23, 'F006', 'Fancy Park - Husni', '', 'Nugegoda.', '0775085747', '', '', '', '', '', 0),
(24, 'C002', 'chamadhi Multi Shop', '', 'NO:16 MATARA ROAD, KAMBURUPITIYA.', '0716308399', '', '', '', '', '', 0),
(25, 'L008', 'Lovers Heart', '', 'NO.5, NEW SHOPPING COMPLEX,\nBUS STAND, BELIATTA.\n', '0772587337', '', '', '', '', '', 0),
(26, 'L009', 'Lovers Choice', '', 'WEERAKETIYA ROAD,\nRANNA.\n', '070 2917027', '', '', '', '', '', 0),
(27, 'U001', 'Union Lovers', '', 'NO:51 BELIATTA ROAD,\nWALASMULLA.\n', '0776504209', '', '', '', '', '', 0),
(28, 'S005', 'Saluki', '', 'NO.31, MAIN STREET,\nRATNAPURA.\n\n', '0753138323', '', '', '', '', '', 0),
(29, 'D003', 'Dream Lovers', '', 'NO.43, BANDARANAYAKA MAWATHA,\nRATNAPURA.\n', '0715127327', '', '', '', '', '', 0),
(30, 'V001', 'V &amp; B lovers', '', 'NO:650, ST LUKES JUNCTION, COLOMBO RD,\nRATNAPURA.', '0718040721', '', '', '', '', '', 0),
(31, 'D004', 'Different', '', 'NO.177, MAIN STREET,\nBALANGODA.\n', '0777886345', '', '', '', '', '', 0),
(32, 'K001', 'K Fashion', '', 'NO.153, DIMBULLA ROAD,\nHATTON.', '0572225743', '', '', '', '', '', 0),
(33, 'N004', 'Nilum Fashion', '', 'NO.34/Z NUWERA ELIYA RD,\nWELIMADA.\n', '0572245540 ', ' 071 6121443', '', '', '', '', 0),
(34, 'B004', 'Baraka Traders', '', 'NO.54/A LOWER STREET,\nBADULLA.\n', '0552223020', '', '', '', '', '', 0),
(35, 'A006', 'Araliya', '', 'NO.413, MAIN STREET ,\nPASSARA.\n', '0777889061', '', '', '', '', '', 0),
(36, 'L010', 'Lavanka Fashion', '', '42/B NEW TOWN,\nKATHARAGAMA.\n', '0777920951', '', '', '', '', '', 0),
(37, 'T002', 'TKS Fashion', '', 'REGAL JUNCTION,\nMAIN STREET,\nAMPARA.\n', '0773575753', '', '', '', '', '', 0),
(38, 'R005', 'Real One', '', '452A , MAIN STREET.\nSAINTHAMARUTHU-16\n', '0779462919', '', '', '', '', '', 0),
(39, 'O001', 'Orchid Shoe Land', '', 'NO.24, MAIN STREET,\nKALMUNAI.\n', '0774206979', '', '', '', '', '', 0),
(40, 'A008', 'Aji Shoe palace', '', 'NO.5, CENTRAL ROAD ,\nBATTICALOA.\n', '0776569411', '', '', '', '', '', 0),
(41, 'R006', 'Rafeek Shoe Palace', '', 'NO.111 TRINCO ROAD,\nBATTICALOA.\n', '0776910666', '', '', '', '', '', 0),
(42, 'G003', 'GCS Fashion ', '', 'NO. 69, MAIN STREET,\nKANDURUWELA.\n', '0771067966', '', '', '', '', '', 0),
(43, 'G004', 'Galle City Store', '', 'NO.412,MAIN STREET,\nKADURUWELA.\n', '0272226045', '', '', '', '', '', 0),
(44, 'N005', 'Needs Wear', '', 'NO.328,DAMBULLA ROAD,\nGALEWELA.', '0777481934', '', '', '', '', '', 0),
(45, 'H003', 'Heshan Fashion House', '', '42/50, KURUNAGALA ROAD,\nWARIYAPOLA.', '0716081627', '', '', '', '', '', 0),
(46, 'D005', 'Diyana', '', 'NO.83,YATIYANTOTA ROAD,\nAWISSAWELA.', '0715638374', '', '', '', '', '', 0),
(47, 'M006', 'Max City', '', 'NO.53, COLOMBO ROAD,\nKURUNAGALA.\n', '0719138471', '', '', '', '', '', 0),
(48, 'K002', 'Kenzo', '', 'NO.89,MATALE ROAD,\nAKURANA.\n', '0773849585', '', '', '', '', '', 0),
(49, 'D006', 'D Mart Plus', '', 'NO.70/1, AMBAGAMUWA RD\nGAMPOLA.', '0725252525', '', '', '', '', '', 0),
(50, 'S006', 'Sunil Dress Point', '', 'NO.12 BANDARANYAKE MW,\nANURADHAPURA.\n', '0776673637', '', '', '', '', '', 0),
(51, 'G006', 'Guys &amp; Girls', '', 'SAMANALA BUILDING,\nMAITHRIPALA SENANAYAKE MAWATHA,\nANURADHAPURA.', '025-4929236', '', '', '', '', '', 0),
(52, 'N006', 'New Fashion sale Center', '', 'NO.63B ANURADAPURA RD,\nGALGAMUWA.', '0372253510', '', '', '', '', '', 0),
(53, 'F008', 'Fashion Connection', '', 'A9 ROAD ,\nKILINOCHCHI.\n', '0715418525', '', '', '', '', '', 0),
(54, 'KI004', 'Kalana', '', 'NO.94, PUTTALAM ROAD,\nNOCHCHIYAGAMA.\n', '0775953027', '', '', '', '', '', 0),
(55, 'F009', 'fashion lovers', '', 'NO.10, NEW SHOPPING COMPLEX,\nMAHAEDENDA,\nKARANDENIYA.\n', '0776202644', '', '', '', '', '', 0),
(56, 'S008', 'Sahali International', '', 'NO.678,GALLE RD,WALGAMA,	\nMATARA.\n', '0769292452', '', '', '', '', '', 0),
(57, 'V002', 'Vimana Fashion', '', 'NO.4, TANGALLE ROAD,\nWEERAKETIYA.', '0714454868', '', '', '', '', '', 0),
(58, 'O002', 'Onadee Fancy Lover', '', 'MAIN STREET,\nSOORIYAWEWA.\n', '', '', '', '', '', '', 0),
(59, 'K005', 'Kinali ', '', 'NO.54, MAIN STREET ,\nAMBALANTHOTA.\n', '0775354520', '', '', '', '', '', 0),
(60, 'O003', 'Orits', '', 'NO. 59/B, COLOMBO RD,\nGAMPAHA.\n', '0767411286', '', '', '', '', '', 0),
(61, 'A010', 'Arabian Collection', '', '33/1 1/1 COLOMBO ROAD,\nMAWANELLA.\n', '0352249444', '', '', '', '', '', 0),
(62, 'O004', 'Opara', '', '64/1/1 MAIN STREET ,\nKEGALLE.\n', '0777741130', '', '', '', '', '', 0),
(63, 'O005', 'Onsel', '', 'NO:28 , KANDY ROAD,\nWARAKAPOLA.', '0727350299', '', '', '', '', '', 0),
(64, 'H004', 'Himashi', '', 'NO.112/1 MAIN STREET,\nEHALIYAGODA.', '0777541761', '', '', '', '', '', 0),
(65, 'A011', 'Steps', '', 'MAIN STREET,\nAKKARAPATTU.\n', '', '', '', '', '', '', 0),
(66, 'D008', 'Dress Line ', '', 'NO.24, MAIN STREET,\nNANTHAVOOR.\n', '0777757620', '', '', '', '', '', 0),
(67, 'R007', 'Romaya', '', 'NO.330 C KANDY ROAD, PASIYALA.', '0710730926 ', '0332284567', '', '', '', '', 0),
(68, 'I008', 'Lovers - Insham', '', 'Maggona', '0778418778', '', '', '', '', '', 0),
(69, 'S009', 'Stylish - Nyzer', '', 'Kaluthara', '0770779767', '', '', '', '', '', 0),
(70, 'M003', 'Mohamed - Atulugama', '', 'Atulugama', '0770768848', '', '', '', '', '', 0),
(71, 'I009', 'I&#039;m Yours', '', 'NO. 23/A, WELEKADA SUPPERMARKET,\nKEPPETIPOLA ROAD,\nBADULLA.\n', '077-3216160 ', '055-2231900', '', '', '', '', 0),
(72, 'A012', 'A Choice', '', 'NO. 75, JAYA MAWATTA,\nGALNEWA.\n', '025-2269169', '0773813794', '', '', '', '', 0),
(73, 'A013', 'Aradhana', '', 'MAIN STREET,\nKURUWITA.\n', '0713004754', '', '', '', '', '', 0),
(74, 'S011', 'Shoe Mart', '', 'NO.37, MONARAGALA ROAD,\nWELLAVAYA.\n', '0719080878', '', '', '', '', '', 0),
(75, 'M009', 'MCC Dress Point', '', '39/B MAIN STREET,\nBUTTALA.\n', ' 055227311', '0777767318 ', '', '', '', '', 0),
(76, 'M010', 'Micro Fashion', '', '07G MAIN STREET,\nKEKIRAWA\n( A CHOICE )\n', '0777449743', '', '', '', '', '', 0),
(77, 'C003', 'C &amp; D Fashion', '', 'NO.03 IDANGODA,\nKIRIELLA.\n', '071-7128283 ', ' 076-8325321', '', '', '', '', 0),
(78, 'E001', 'Eden Clara', '', 'NO.646, ATTANAGALLA RD,\nNITTAMBUWA. 11880\n', '033-2289918', ' 0716476912', '', '', '', '', 0),
(79, 'K006', 'Kandy Tex', '', 'NO.35, MAIN STREET,\nGELIOYA.\n', '0812310573', '0777151815', '', '', '', '', 0),
(80, 'D009', 'Dilaksha Fashion', '', 'NO. 119, CHILAW RD,\nHETTIPOLA.\n', '032-2291426', '', '', '', '', '', 0),
(81, 'R008', 'Rashmi Dress Point', '', 'NO. 39, YATIYANTOTA RD,\nAVISSAWELLA.\n', '036-2233717', '', '', '', '', '', 0),
(82, 'F011', 'Fashion Hub', '', 'KATUBEDDA RD,\nPILIYANDALA.\n', '0773724488', '', '', '', '', '', 0),
(83, 'M011', 'New Lovers ( Muzammil )', '', 'NO.20, THISSA MAWATTA,\nKULIYAPITIYA.\n', '0777423481', '', '', '', '', '', 0),
(84, 'O006', 'Orange City', '', 'NO. 24, KING STREET,\nMATALE.\n', '066 2228111', '076 6912916 ', '', '', '', '', 0),
(85, 'T005', 'Touch &amp; Touch', '', 'NO.113, MAIN STREET,\nKAHAWATTA.\n', '077-4043073 ', '077-4400208', '', '', '', '', 0),
(86, 'L014', 'Lovers -  Fairoos Haji', '', 'Kuliyapitiya.', '', '', '', '', '', '', 0),
(87, 'T006', 'The Lover Gift House', '', 'NO.37, NEW SHOPPING COMPLEX,\nTHISSAMAHARAMA.\n', '047-2238233 ', '077-3998732 ', '', '', '', '', 0),
(88, 'L015', 'Lakmal Supper Corner', '', 'NO. 92/A, AGALAWATTA ROAD,\nMATHUGAMA.\n', '071-2365124', '', '', '', '', '', 0),
(89, 'M012', 'Modern Gallery', '', '216, HILL STREET,\nDEHIWALA.\n', '0777-375756 ', '077-956223', '', '', '', '', 0),
(90, 'S012', 'Swiss Lovers', '', 'Rathmalana.', '075-5719003', '', '', '', '', '', 0),
(91, 'V004', 'Vintage Line', '', 'No. 386, KANDY ROAD,\nNITYAMBUWA.\n', '033-2287619', '076-8537570', '', '', '', '', 0),
(92, 'R009', 'Riyash Nana - Sales', '', 'Elanthagoda', '', '', '', '', '', '', 0),
(93, 'I010', 'Iliyas Nana - Sales', '', 'Elanthagoda', '', '', '', '', '', '', 0),
(94, 'M013', 'Master Bag', '', 'NO.4/168/A, DEVARAJA MAWATTA,\nGAMPOLA.\n', '0777-004510', '', '', '', '', '', 0),
(95, 'S013', 'Signature Fashion', '', 'NO.233A, KANDY ROAD,\nKAHATIPITIYA,\nGAMPOLA.\n', '0777-884465', '', '', '', '', '', 0),
(96, 'SYMI-OS-2', '', '', '', '', '', '', '', '', '', 0),
(97, 'SYMI-OS-3', '', '', '', '', '', '', '', '', '', 0),
(98, 'SYMI-OS-4', '', '', '', '', '', '', '', '', '', 0);

-- --------------------------------------------------------

--
-- Table structure for table `0_currencies`
--

CREATE TABLE IF NOT EXISTS `0_currencies` (
  `currency` varchar(60) COLLATE utf8_unicode_ci NOT NULL DEFAULT '',
  `curr_abrev` char(3) COLLATE utf8_unicode_ci NOT NULL DEFAULT '',
  `curr_symbol` varchar(10) COLLATE utf8_unicode_ci NOT NULL DEFAULT '',
  `country` varchar(100) COLLATE utf8_unicode_ci NOT NULL DEFAULT '',
  `hundreds_name` varchar(15) COLLATE utf8_unicode_ci NOT NULL DEFAULT '',
  `auto_update` tinyint(1) NOT NULL DEFAULT '1',
  `inactive` tinyint(1) NOT NULL DEFAULT '0'
) ENGINE=InnoDB DEFAULT CHARSET=utf8 COLLATE=utf8_unicode_ci;

--
-- Dumping data for table `0_currencies`
--

INSERT INTO `0_currencies` (`currency`, `curr_abrev`, `curr_symbol`, `country`, `hundreds_name`, `auto_update`, `inactive`) VALUES
('Euro', 'EUR', '€', 'Europe', 'Cents', 1, 0),
('Pounds', 'GBP', '£', 'England', 'Pence', 1, 0),
('Sri Lankan Rupee', 'LKR', 'Rs. ', 'Sri Lanka', 'Cents', 1, 0),
('US Dollars', 'USD', '$', 'United States', 'Cents', 1, 0);

-- --------------------------------------------------------

--
-- Table structure for table `0_cust_allocations`
--

CREATE TABLE IF NOT EXISTS `0_cust_allocations` (
  `id` int(11) NOT NULL,
  `person_id` int(11) DEFAULT NULL,
  `amt` double unsigned DEFAULT NULL,
  `date_alloc` date NOT NULL DEFAULT '0000-00-00',
  `trans_no_from` int(11) DEFAULT NULL,
  `trans_type_from` int(11) DEFAULT NULL,
  `trans_no_to` int(11) DEFAULT NULL,
  `trans_type_to` int(11) DEFAULT NULL
) ENGINE=InnoDB DEFAULT CHARSET=utf8 COLLATE=utf8_unicode_ci;

-- --------------------------------------------------------

--
-- Table structure for table `0_cust_branch`
--

CREATE TABLE IF NOT EXISTS `0_cust_branch` (
  `branch_code` int(11) NOT NULL,
  `debtor_no` int(11) NOT NULL DEFAULT '0',
  `br_name` varchar(60) COLLATE utf8_unicode_ci NOT NULL DEFAULT '',
  `branch_ref` varchar(30) COLLATE utf8_unicode_ci NOT NULL DEFAULT '',
  `br_address` tinytext COLLATE utf8_unicode_ci NOT NULL,
  `area` int(11) DEFAULT NULL,
  `salesman` int(11) NOT NULL DEFAULT '0',
  `default_location` varchar(5) COLLATE utf8_unicode_ci NOT NULL DEFAULT '',
  `tax_group_id` int(11) DEFAULT NULL,
  `sales_account` varchar(15) COLLATE utf8_unicode_ci NOT NULL DEFAULT '',
  `sales_discount_account` varchar(15) COLLATE utf8_unicode_ci NOT NULL DEFAULT '',
  `receivables_account` varchar(15) COLLATE utf8_unicode_ci NOT NULL DEFAULT '',
  `payment_discount_account` varchar(15) COLLATE utf8_unicode_ci NOT NULL DEFAULT '',
  `default_ship_via` int(11) NOT NULL DEFAULT '1',
  `br_post_address` tinytext COLLATE utf8_unicode_ci NOT NULL,
  `group_no` int(11) NOT NULL DEFAULT '0',
  `notes` tinytext COLLATE utf8_unicode_ci NOT NULL,
  `bank_account` varchar(60) COLLATE utf8_unicode_ci DEFAULT NULL,
  `inactive` tinyint(1) NOT NULL DEFAULT '0'
) ENGINE=InnoDB AUTO_INCREMENT=95 DEFAULT CHARSET=utf8 COLLATE=utf8_unicode_ci;

--
-- Dumping data for table `0_cust_branch`
--

INSERT INTO `0_cust_branch` (`branch_code`, `debtor_no`, `br_name`, `branch_ref`, `br_address`, `area`, `salesman`, `default_location`, `tax_group_id`, `sales_account`, `sales_discount_account`, `receivables_account`, `payment_discount_account`, `default_ship_via`, `br_post_address`, `group_no`, `notes`, `bank_account`, `inactive`) VALUES
(1, 1, 'Lovers Big City Pvt Ltd', 'B001', '15, Mosque Road,\nBeruwela.', 1, 1, 'BER', 1, '', '4510', '1200', '4500', 1, '15, Mosque Road,\nBeruwela.', 0, '', NULL, 0),
(2, 1, 'Lovers Big City Pvt Ltd - MTR', 'B001-MTR', '32B 1/1, Kingswatta,\nMatara', 1, 1, 'BER', 1, '', '4510', '1200', '4500', 1, '32B 1/1, Kingswatta,\nMatara', 0, '', NULL, 0),
(3, 1, 'Lovers Big City( pvt) Ltd - KRG', 'B001-KRG', 'No. 40, Perakumba Street, Kurunegala.', 1, 1, 'BER', 1, '', '4510', '1200', '4500', 1, 'No. 40, Perakumba Street, Kurunegala.', 0, '', NULL, 0),
(4, 1, 'Lovers Big City - H1', 'B001-H1', '', 1, 1, 'BER', 1, '', '4510', '1200', '4500', 1, '', 0, '', NULL, 0),
(5, 1, 'Lovers Big City - H2', 'B001-H2', '', 1, 1, 'BER', 1, '', '4510', '1200', '4500', 1, 'No. 90 , Rathnapura road , Horana.', 0, '', NULL, 0),
(6, 2, 'Furkan Piliyandala', 'F003', '', 1, 1, 'BER', 1, '', '4510', '1200', '4500', 1, '', 0, '', NULL, 0),
(7, 3, 'Lovers Capital - kandy', 'L002 - K', 'No. 46, Yatinuwara Road, Kandy.', 1, 1, 'BER', 1, '', '4510', '1200', '4500', 1, 'No. 46, Yatinuwara Road, Kandy.', 0, '', NULL, 0),
(8, 3, 'Lovers Capital - Anuradhapura', 'L002 - A', '', 1, 1, 'BER', 1, '', '4510', '1200', '4500', 1, '561/25 New Town, Anuradhapura.', 0, '', NULL, 0),
(9, 4, 'Glamour City - Shimak Haji', 'G001', 'NO. 62, DHARMA VIJAYA MW ,\nBANDARAWALA.\n', 1, 1, 'BER', 1, '', '4510', '1200', '4500', 1, 'NO. 62, DHARMA VIJAYA MW ,\nBANDARAWALA.\n', 0, '', NULL, 0),
(10, 5, 'New Lovers ( Rizan )', 'R003', 'No. 09, Bazar Street, Chilaw.', 1, 1, 'BER', 1, '', '4510', '1200', '4500', 1, 'No. 09, Bazar Street, Chilaw.', 0, '', NULL, 0),
(11, 6, 'Aman ', 'A001', 'Kaluthara.', 1, 1, 'BER', 1, '', '4510', '1200', '4500', 1, 'Kaluthara.', 0, '', NULL, 0),
(12, 7, 'Lovers Bug ( Imran )', 'I003-M', 'Mathugama', 1, 1, 'BER', 1, '', '4510', '1200', '4500', 1, 'Mathugama', 0, '', NULL, 0),
(13, 7, 'Lovers Bug (Imran)', 'I003-A', '', 1, 1, 'BER', 1, '', '4510', '1200', '4500', 1, '', 0, '', NULL, 0),
(14, 7, 'Lovers Bug (Imran)', 'I003-AN', '', 1, 1, 'BER', 1, '', '4510', '1200', '4500', 1, '', 0, '', NULL, 0),
(15, 7, 'Lovers Bug (Imran)', 'I003-E', '', 1, 1, 'BER', 1, '', '4510', '1200', '4500', 1, '', 0, '', NULL, 0),
(16, 8, 'Lovers Sky - Mifras', 'M004-W', 'Wellawaya.', 1, 1, 'BER', 1, '', '4510', '1200', '4500', 1, 'Wellawaya.', 0, '', NULL, 0),
(17, 8, 'Lovers Sky - Mifras', 'M004 - B', 'Buttala', 1, 1, 'BER', 1, '', '4510', '1200', '4500', 1, '', 0, '', NULL, 0),
(18, 9, 'Young Forever - Aarif Haji', 'F005', 'NO. 16 	CENTRAL ROAD,\nBATTICALOA,\n', 1, 1, 'BER', 1, '', '4510', '1200', '4500', 1, 'NO. 16 	CENTRAL ROAD,\nBATTICALOA,\n', 0, '', NULL, 0),
(19, 10, 'Nislan -Sales', 'N002', 'Beruwala.', 1, 1, 'BER', 1, '', '4510', '1200', '4500', 1, 'Beruwala.', 0, '', NULL, 0),
(20, 11, 'Loku Lovers - Rifkhan', 'T001', 'Mathugama.', 1, 1, 'BER', 1, '', '4510', '1200', '4500', 1, 'Mathugama.', 0, '', NULL, 0),
(21, 12, 'Lovers City - Rasak', 'L007', 'Ambalangoda', 1, 1, 'BER', 1, '', '4510', '1200', '4500', 1, 'Ambalangoda', 0, '', NULL, 0),
(22, 13, 'Fancy Park - Husni', 'F006', 'Nugegoda.', 1, 1, 'BER', 1, '', '4510', '1200', '4500', 1, 'Nugegoda.', 0, '', NULL, 0),
(23, 14, 'chamadhi Multi Shop', 'C002', 'NO:16 MATARA ROAD, KAMBURUPITIYA.', 1, 2, 'BER', 1, '', '4510', '1200', '4500', 1, 'NO:16 MATARA ROAD, KAMBURUPITIYA.', 0, '', NULL, 0),
(24, 15, 'Lovers Heart', 'L008', 'NO.5, NEW SHOPPING COMPLEX,\nBUS STAND, BELIATTA.\n', 1, 2, 'BER', 1, '', '4510', '1200', '4500', 1, 'NO.5, NEW SHOPPING COMPLEX,\nBUS STAND, BELIATTA.\n', 0, '', NULL, 0),
(25, 16, 'Lovers Choice', 'L009', 'WEERAKETIYA ROAD,\nRANNA.\n', 1, 2, 'BER', 1, '', '4510', '1200', '4500', 1, 'WEERAKETIYA ROAD,\nRANNA.\n', 0, '', NULL, 0),
(26, 17, 'Union Lovers', 'U001', 'NO:51 BELIATTA ROAD,\nWALASMULLA.\n', 1, 2, 'BER', 1, '', '4510', '1200', '4500', 1, 'NO:51 BELIATTA ROAD,\nWALASMULLA.\n', 0, '', NULL, 0),
(27, 18, 'Saluki', 'S005', 'NO.31, MAIN STREET,\nRATNAPURA.\n\n', 1, 2, 'BER', 1, '', '4510', '1200', '4500', 1, 'NO.31, MAIN STREET,\nRATNAPURA.\n\n', 0, '', NULL, 0),
(28, 19, 'Dream Lovers', 'D003', 'NO.43, BANDARANAYAKA MAWATHA,\nRATNAPURA.\n', 1, 2, 'BER', 1, '', '4510', '1200', '4500', 1, 'NO.43, BANDARANAYAKA MAWATHA,\nRATNAPURA.\n', 0, '', NULL, 0),
(29, 20, 'V &amp; B lovers', 'V001', 'NO:650, ST LUKES JUNCTION, COLOMBO RD,\nRATNAPURA.', 1, 2, 'BER', 1, '', '4510', '1200', '4500', 1, 'NO:650, ST LUKES JUNCTION, COLOMBO RD,\nRATNAPURA.', 0, '', NULL, 0),
(30, 21, 'Different', 'D004', 'NO.177, MAIN STREET,\nBALANGODA.\n', 1, 2, 'BER', 1, '', '4510', '1200', '4500', 1, 'NO.177, MAIN STREET,\nBALANGODA.\n', 0, '', NULL, 0),
(31, 22, 'K Fashion', 'K001', 'NO.153, DIMBULLA ROAD,\nHATTON.', 1, 2, 'BER', 1, '', '4510', '1200', '4500', 1, 'NO.153, DIMBULLA ROAD,\nHATTON.', 0, '', NULL, 0),
(32, 23, 'Nilum Fashion', 'N004', 'NO.34/Z NUWERA ELIYA RD,\nWELIMADA.\n', 1, 2, 'BER', 1, '', '4510', '1200', '4500', 1, 'NO.34/Z NUWERA ELIYA RD,\nWELIMADA.\n', 0, '', NULL, 0),
(33, 24, 'Baraka Traders', 'B004', 'NO.54/A LOWER STREET,\nBADULLA.\n', 1, 2, 'BER', 1, '', '4510', '1200', '4500', 1, 'NO.54/A LOWER STREET,\nBADULLA.\n', 0, '', NULL, 0),
(34, 25, 'Araliya', 'A006', 'NO.413, MAIN STREET ,\nPASSARA.\n', 1, 2, 'BER', 1, '', '4510', '1200', '4500', 1, 'NO.413, MAIN STREET ,\nPASSARA.\n', 0, '', NULL, 0),
(35, 26, 'Lavanka Fashion', 'L010', '42/B NEW TOWN,\nKATHARAGAMA.\n', 1, 2, 'BER', 1, '', '4510', '1200', '4500', 1, '42/B NEW TOWN,\nKATHARAGAMA.\n', 0, '', NULL, 0),
(36, 27, 'TKS Fashion', 'T002', 'REGAL JUNCTION,\nMAIN STREET,\nAMPARA.\n', 1, 2, 'BER', 1, '', '4510', '1200', '4500', 1, 'REGAL JUNCTION,\nMAIN STREET,\nAMPARA.\n', 0, '', NULL, 0),
(37, 28, 'Real One', 'R005', '452A , MAIN STREET.\nSAINTHAMARUTHU-16\n', 1, 2, 'BER', 1, '', '4510', '1200', '4500', 1, '452A , MAIN STREET.\nSAINTHAMARUTHU-16\n', 0, '', NULL, 0),
(38, 29, 'Orchid Shoe Land', 'O001', 'NO.24, MAIN STREET,\nKALMUNAI.\n', 1, 2, 'BER', 1, '', '4510', '1200', '4500', 1, 'NO.24, MAIN STREET,\nKALMUNAI.\n', 0, '', NULL, 0),
(39, 30, 'Aji Shoe palace', 'A008', 'NO.5, CENTRAL ROAD ,\nBATTICALOA.\n', 1, 2, 'BER', 1, '', '4510', '1200', '4500', 1, 'NO.5, CENTRAL ROAD ,\nBATTICALOA.\n', 0, '', NULL, 0),
(40, 31, 'Rafeek Shoe Palace', 'R006', 'NO.111 TRINCO ROAD,\nBATTICALOA.\n', 1, 2, 'BER', 1, '', '4510', '1200', '4500', 1, 'NO.111 TRINCO ROAD,\nBATTICALOA.\n', 0, '', NULL, 0),
(41, 32, 'GCS Fashion ', 'G003', 'NO. 69, MAIN STREET,\nKANDURUWELA.\n', 1, 2, 'BER', 1, '', '4510', '1200', '4500', 1, 'NO. 69, MAIN STREET,\nKANDURUWELA.\n', 0, '', NULL, 0),
(42, 33, 'Galle City Store', 'G004', 'NO.412,MAIN STREET,\nKADURUWELA.\n', 1, 2, 'BER', 1, '', '4510', '1200', '4500', 1, 'NO.412,MAIN STREET,\nKADURUWELA.\n', 0, '', NULL, 0),
(43, 34, 'Needs Wear', 'N005', 'NO.328,DAMBULLA ROAD,\nGALEWELA.', 1, 2, 'BER', 1, '', '4510', '1200', '4500', 1, 'NO.328,DAMBULLA ROAD,\nGALEWELA.', 0, '', NULL, 0),
(44, 35, 'Heshan Fashion House', 'H003', '42/50, KURUNAGALA ROAD,\nWARIYAPOLA.', 1, 2, 'BER', 1, '', '4510', '1200', '4500', 1, '42/50, KURUNAGALA ROAD,\nWARIYAPOLA.', 0, '', NULL, 0),
(45, 36, 'Diyana', 'D005', 'NO.83,YATIYANTOTA ROAD,\nAWISSAWELA.', 1, 2, 'BER', 1, '', '4510', '1200', '4500', 1, 'NO.83,YATIYANTOTA ROAD,\nAWISSAWELA.', 0, '', NULL, 0),
(46, 37, 'Max City', 'M006', 'NO.53, COLOMBO ROAD,\nKURUNAGALA.\n', 1, 2, 'BER', 1, '', '4510', '1200', '4500', 1, 'NO.53, COLOMBO ROAD,\nKURUNAGALA.\n', 0, '', NULL, 0),
(47, 38, 'Kenzo', 'K002', 'NO.89,MATALE ROAD,\nAKURANA.\n', 1, 2, 'BER', 1, '', '4510', '1200', '4500', 1, 'NO.89,MATALE ROAD,\nAKURANA.\n', 0, '', NULL, 0),
(48, 39, 'D Mart Plus', 'D006', 'NO.70/1, AMBAGAMUWA RD\nGAMPOLA.', 1, 2, 'BER', 1, '', '4510', '1200', '4500', 1, 'NO.70/1, AMBAGAMUWA RD\nGAMPOLA.', 0, '', NULL, 0),
(49, 40, 'Sunil Dress Point', 'S006', 'NO.12 BANDARANYAKE MW,\nANURADHAPURA.\n', 1, 2, 'BER', 1, '', '4510', '1200', '4500', 1, 'NO.12 BANDARANYAKE MW,\nANURADHAPURA.\n', 0, '', NULL, 0),
(50, 41, 'Guys &amp; Girls', 'G006', 'SAMANALA BUILDING,\nMAITHRIPALA SENANAYAKE MAWATHA,\nANURADHAPURA.', 1, 2, 'BER', 1, '', '4510', '1200', '4500', 1, 'SAMANALA BUILDING,\nMAITHRIPALA SENANAYAKE MAWATHA,\nANURADHAPURA.', 0, '', NULL, 0),
(51, 42, 'New Fashion sale Center', 'N006', 'NO.63B ANURADAPURA RD,\nGALGAMUWA.', 1, 2, 'BER', 1, '', '4510', '1200', '4500', 1, 'NO.63B ANURADAPURA RD,\nGALGAMUWA.', 0, '', NULL, 0),
(52, 43, 'Fashion Connection', 'F008', 'A9 ROAD ,\nKILINOCHCHI.\n', 1, 2, 'BER', 1, '', '4510', '1200', '4500', 1, 'A9 ROAD ,\nKILINOCHCHI.\n', 0, '', NULL, 0),
(53, 44, 'Kalana', 'KI004', 'NO.94, PUTTALAM ROAD,\nNOCHCHIYAGAMA.\n', 1, 2, 'BER', 1, '', '4510', '1200', '4500', 1, 'NO.94, PUTTALAM ROAD,\nNOCHCHIYAGAMA.\n', 0, '', NULL, 0),
(54, 45, 'fashion lovers', 'F009', 'NO.10, NEW SHOPPING COMPLEX,\nMAHAEDENDA,\nKARANDENIYA.\n', 1, 2, 'BER', 1, '', '4510', '1200', '4500', 1, 'NO.10, NEW SHOPPING COMPLEX,\nMAHAEDENDA,\nKARANDENIYA.\n', 0, '', NULL, 0),
(55, 46, 'Sahali International', 'S008', 'NO.678,GALLE RD,WALGAMA,	\nMATARA.\n', 1, 2, 'BER', 1, '', '4510', '1200', '4500', 1, 'NO.678,GALLE RD,WALGAMA,	\nMATARA.\n', 0, '', NULL, 0),
(56, 47, 'Vimana Fashion', 'V002', 'NO.4, TANGALLE ROAD,\nWEERAKETIYA.', 1, 2, 'BER', 1, '', '4510', '1200', '4500', 1, 'NO.4, TANGALLE ROAD,\nWEERAKETIYA.', 0, '', NULL, 0),
(57, 48, 'Onadee Fancy Lover', 'O002', 'MAIN STREET,\nSOORIYAWEWA.\n', 1, 2, 'BER', 1, '', '4510', '1200', '4500', 1, 'MAIN STREET,\nSOORIYAWEWA.\n', 0, '', NULL, 0),
(58, 49, 'Kinali ', 'K005', 'NO.54, MAIN STREET ,\nAMBALANTHOTA.\n', 1, 2, 'BER', 1, '', '4510', '1200', '4500', 1, 'NO.54, MAIN STREET ,\nAMBALANTHOTA.\n', 0, '', NULL, 0),
(59, 50, 'Orits', 'O003', 'NO. 59/B, COLOMBO RD,\nGAMPAHA.\n', 1, 2, 'BER', 1, '', '4510', '1200', '4500', 1, 'NO. 59/B, COLOMBO RD,\nGAMPAHA.\n', 0, '', NULL, 0),
(60, 51, 'Arabian Collection', 'A010', '33/1 1/1 COLOMBO ROAD,\nMAWANELLA.\n', 1, 2, 'BER', 1, '', '4510', '1200', '4500', 1, '33/1 1/1 COLOMBO ROAD,\nMAWANELLA.\n', 0, '', NULL, 0),
(61, 52, 'Opara', 'O004', '64/1/1 MAIN STREET ,\nKEGALLE.\n', 1, 2, 'BER', 1, '', '4510', '1200', '4500', 1, '64/1/1 MAIN STREET ,\nKEGALLE.\n', 0, '', NULL, 0),
(62, 53, 'Onsel', 'O005', 'NO:28 , KANDY ROAD,\nWARAKAPOLA.', 1, 2, 'BER', 1, '', '4510', '1200', '4500', 1, 'NO:28 , KANDY ROAD,\nWARAKAPOLA.', 0, '', NULL, 0),
(63, 54, 'Himashi', 'H004', 'NO.112/1 MAIN STREET,\nEHALIYAGODA.', 1, 2, 'BER', 1, '', '4510', '1200', '4500', 1, 'NO.112/1 MAIN STREET,\nEHALIYAGODA.', 0, '', NULL, 0),
(64, 55, 'Steps', 'A011', 'MAIN STREET,\nAKKARAPATTU.\n', 1, 2, 'BER', 1, '', '4510', '1200', '4500', 1, 'MAIN STREET,\nAKKARAPATTU.\n', 0, '', NULL, 0),
(65, 56, 'Dress Line ', 'D008', 'NO.24, MAIN STREET,\nNANTHAVOOR.\n', 1, 2, 'BER', 1, '', '4510', '1200', '4500', 1, 'NO.24, MAIN STREET,\nNANTHAVOOR.\n', 0, '', NULL, 0),
(66, 57, 'Romaya', 'R007', 'NO.330 C KANDY ROAD, PASIYALA.', 1, 2, 'BER', 1, '', '4510', '1200', '4500', 1, 'NO.330 C KANDY ROAD, PASIYALA.', 0, '', NULL, 0),
(67, 58, 'Lovers - Insham', 'I008', 'Maggona', 1, 1, 'BER', 1, '', '4510', '1200', '4500', 1, 'Maggona', 0, '', NULL, 0),
(68, 59, 'Stylish - Nyzer', 'S009', 'Kaluthara', 1, 1, 'BER', 1, '', '4510', '1200', '4500', 1, 'Kaluthara', 0, '', NULL, 0),
(69, 60, 'Mohamed - Atulugama', 'M003', 'Atulugama', 1, 1, 'BER', 1, '', '4510', '1200', '4500', 1, 'Atulugama', 0, '', NULL, 0),
(70, 61, 'I&#039;m Yours', 'I009', 'NO. 23/A, WELEKADA SUPPERMARKET,\nKEPPETIPOLA ROAD,\nBADULLA.\n', 1, 2, 'BER', 1, '', '4510', '1200', '4500', 1, 'NO. 23/A, WELEKADA SUPPERMARKET,\nKEPPETIPOLA ROAD,\nBADULLA.\n', 0, '055-2223159', NULL, 0),
(71, 62, 'A Choice', 'A012', 'NO. 75, JAYA MAWATTA,\nGALNEWA.\n', 1, 2, 'BER', 1, '', '4510', '1200', '4500', 1, 'NO. 75, JAYA MAWATTA,\nGALNEWA.\n', 0, '', NULL, 0),
(72, 63, 'Aradhana', 'A013', 'MAIN STREET,\nKURUWITA.\n', 1, 2, 'BER', 1, '', '4510', '1200', '4500', 1, 'MAIN STREET,\nKURUWITA.\n', 0, '', NULL, 0),
(73, 64, 'Shoe Mart', 'S011', 'NO.37, MONARAGALA ROAD,\nWELLAVAYA.\n', 1, 2, 'BER', 1, '', '4510', '1200', '4500', 1, 'NO.37, MONARAGALA ROAD,\nWELLAVAYA.\n', 0, '', NULL, 0),
(74, 65, 'MCC Dress Point', 'M009', '39/B MAIN STREET,\nBUTTALA.\n', 1, 2, 'BER', 1, '', '4510', '1200', '4500', 1, '39/B MAIN STREET,\nBUTTALA.\n', 0, '', NULL, 0),
(75, 66, 'Micro Fashion', 'M010', '07G MAIN STREET,\nKEKIRAWA\n( A CHOICE )\n', 1, 2, 'BER', 1, '', '4510', '1200', '4500', 1, '07G MAIN STREET,\nKEKIRAWA\n( A CHOICE )\n', 0, '', NULL, 0),
(76, 67, 'C &amp; D Fashion', 'C003', 'NO.03 IDANGODA,\nKIRIELLA.\n', 1, 2, 'BER', 1, '', '4510', '1200', '4500', 1, 'NO.03 IDANGODA,\nKIRIELLA.\n', 0, '071-2714455', NULL, 0),
(77, 68, 'Eden Clara', 'E001', 'NO.646, ATTANAGALLA RD,\nNITTAMBUWA. 11880\n', 1, 2, 'BER', 1, '', '4510', '1200', '4500', 1, 'NO.646, ATTANAGALLA RD,\nNITTAMBUWA. 11880\n', 0, '', NULL, 0),
(78, 69, 'Kandy Tex', 'K006', 'NO.35, MAIN STREET,\nGELIOYA.\n', 1, 2, 'BER', 1, '', '4510', '1200', '4500', 1, 'NO.35, MAIN STREET,\nGELIOYA.\n', 0, '( gampola Transport ? 071 5145944)', NULL, 0),
(79, 70, 'Dilaksha Fashion', 'D009', 'NO. 119, CHILAW RD,\nHETTIPOLA.\n', 1, 2, 'BER', 1, '', '4510', '1200', '4500', 1, 'NO. 119, CHILAW RD,\nHETTIPOLA.\n', 0, '', NULL, 0),
(80, 71, 'Rashmi Dress Point', 'R008', 'NO. 39, YATIYANTOTA RD,\nAVISSAWELLA.\n', 1, 2, 'BER', 1, '', '4510', '1200', '4500', 1, 'NO. 39, YATIYANTOTA RD,\nAVISSAWELLA.\n', 0, '', NULL, 0),
(81, 72, 'Fashion Hub', 'F011', 'KATUBEDDA RD,\nPILIYANDALA.\n', 1, 2, 'BER', 1, '', '4510', '1200', '4500', 1, 'KATUBEDDA RD,\nPILIYANDALA.\n', 0, '', NULL, 0),
(82, 73, 'New Lovers ( Muzammil )', 'M011', 'NO.20, THISSA MAWATTA,\nKULIYAPITIYA.\n', 1, 1, 'BER', 1, '', '4510', '1200', '4500', 1, 'NO.20, THISSA MAWATTA,\nKULIYAPITIYA.\n', 0, '', NULL, 0),
(83, 74, 'Orange City', 'O006', 'NO. 24, KING STREET,\nMATALE.\n', 1, 2, 'BER', 1, '', '4510', '1200', '4500', 1, 'NO. 24, KING STREET,\nMATALE.\n', 0, '0766912913 ', NULL, 0),
(84, 75, 'Touch &amp; Touch', 'T005', 'NO.113, MAIN STREET,\nKAHAWATTA.\n', 1, 2, 'BER', 1, '', '4510', '1200', '4500', 1, 'NO.113, MAIN STREET,\nKAHAWATTA.\n', 0, '', NULL, 0),
(85, 76, 'Lovers -  Fairoos Haji', 'L014', 'Kuliyapitiya.', 1, 1, 'BER', 1, '', '4510', '1200', '4500', 1, 'Kuliyapitiya.', 0, '', NULL, 0),
(86, 77, 'The Lover Gift House', 'T006', 'NO.37, NEW SHOPPING COMPLEX,\nTHISSAMAHARAMA.\n', 1, 2, 'BER', 1, '', '4510', '1200', '4500', 1, 'NO.37, NEW SHOPPING COMPLEX,\nTHISSAMAHARAMA.\n', 0, '', NULL, 0),
(87, 78, 'Lakmal Supper Corner', 'L015', 'NO. 92/A, AGALAWATTA ROAD,\nMATHUGAMA.\n', 1, 2, 'BER', 1, '', '4510', '1200', '4500', 1, 'NO. 92/A, AGALAWATTA ROAD,\nMATHUGAMA.\n', 0, '', NULL, 0),
(88, 79, 'Modern Gallery', 'M012', '216, HILL STREET,\nDEHIWALA.\n', 1, 1, 'BER', 1, '', '4510', '1200', '4500', 1, '216, HILL STREET,\nDEHIWALA.\n', 0, '', NULL, 0),
(89, 80, 'Swiss Lovers', 'S012', 'Rathmalana.', 1, 1, 'BER', 1, '', '4510', '1200', '4500', 1, 'Rathmalana.', 0, '', NULL, 0),
(90, 81, 'Vintage Line', 'V004', 'No. 386, KANDY ROAD,\nNITYAMBUWA.\n', 1, 2, 'BER', 1, '', '4510', '1200', '4500', 1, 'No. 386, KANDY ROAD,\nNITYAMBUWA.\n', 0, '', NULL, 0),
(91, 82, 'Riyash Nana - Sales', 'R009', 'Elanthagoda', 1, 1, 'BER', 1, '', '4510', '1200', '4500', 1, 'Elanthagoda', 0, '', NULL, 0),
(92, 83, 'Iliyas Nana - Sales', 'I010', 'Elanthagoda', 1, 1, 'BER', 1, '', '4510', '1200', '4500', 1, 'Elanthagoda', 0, 'Nafeel&#039;s Dad', NULL, 0),
(93, 84, 'Master Bag', 'M013', 'NO.4/168/A, DEVARAJA MAWATTA,\nGAMPOLA.\n', 1, 1, 'BER', 1, '', '4510', '1200', '4500', 1, 'NO.4/168/A, DEVARAJA MAWATTA,\nGAMPOLA.\n', 0, 'D Mart Plus Recomendation', NULL, 0),
(94, 85, 'Signature Fashion', 'S013', 'NO.233A, KANDY ROAD,\nKAHATIPITIYA,\nGAMPOLA.\n', 1, 1, 'BER', 1, '', '4510', '1200', '4500', 1, 'NO.233A, KANDY ROAD,\nKAHATIPITIYA,\nGAMPOLA.\n', 0, '', NULL, 0);

-- --------------------------------------------------------

--
-- Table structure for table `0_dashboard_reminders`
--

CREATE TABLE IF NOT EXISTS `0_dashboard_reminders` (
  `id` int(11) NOT NULL,
  `role_id` int(11) NOT NULL,
  `next_date` date NOT NULL,
  `description` text,
  `frequency` varchar(20) NOT NULL,
  `param` text
) ENGINE=InnoDB DEFAULT CHARSET=utf8;

-- --------------------------------------------------------

--
-- Table structure for table `0_dashboard_widgets`
--

CREATE TABLE IF NOT EXISTS `0_dashboard_widgets` (
  `id` int(11) NOT NULL,
  `user_id` int(11) NOT NULL,
  `app` varchar(50) NOT NULL,
  `column_id` int(11) NOT NULL,
  `sort_no` int(11) NOT NULL,
  `collapsed` tinyint(1) NOT NULL,
  `widget` varchar(100) NOT NULL,
  `description` varchar(100) NOT NULL,
  `param` text
) ENGINE=InnoDB AUTO_INCREMENT=40 DEFAULT CHARSET=utf8;

--
-- Dumping data for table `0_dashboard_widgets`
--

INSERT INTO `0_dashboard_widgets` (`id`, `user_id`, `app`, `column_id`, `sort_no`, `collapsed`, `widget`, `description`, `param`) VALUES
(1, 1, 'AP', 1, 1, 0, 'weeklysales', 'Top 10 Sales Weeks', '{&quot;top&quot;:&quot;10&quot;,&quot;orderby&quot;:&quot;Gross Sales&quot;,&quot;orderby_seq&quot;:&quot;desc&quot;,&quot;graph_type&quot;:&quot;Table&quot;,&quot;data_filter&quot;:&quot;dm.payment_terms = -1&quot;}'),
(2, 1, 'AP', 1, 0, 0, 'weeklysales', 'Weekly Sales', '{&quot;top&quot;:&quot;&quot;,&quot;orderby&quot;:&quot;Week End&quot;,&quot;orderby_seq&quot;:&quot;asc&quot;,&quot;graph_type&quot;:&quot;LineChart&quot;,&quot;data_filter&quot;:&quot;&quot;}'),
(3, 1, 'AP', 2, 1, 0, 'weeklysales', 'Lowest weeks sales', '{&quot;top&quot;:&quot;10&quot;,&quot;orderby&quot;:&quot;Gross Sales&quot;,&quot;orderby_seq&quot;:&quot;asc&quot;,&quot;graph_type&quot;:&quot;Table&quot;,&quot;data_filter&quot;:&quot;&quot;}'),
(6, 1, 'AP', 2, 0, 0, 'dailysales', 'Daily Sales', '{&quot;top&quot;:&quot;10&quot;,&quot;data_filter&quot;:&quot;dm.payment_terms = -1&quot;,&quot;graph_type&quot;:&quot;LineChart&quot;}'),
(7, 1, 'orders', 1, 0, 0, 'customers', 'Top 10 Customers', '{&quot;top&quot;:&quot;10&quot;,&quot;data_filter&quot;:&quot;&quot;,&quot;graph_type&quot;:&quot;Table&quot;}'),
(9, 1, 'orders', 1, 1, 0, 'salesinvoices', 'Overdue invoices', '{&quot;data_filter&quot;:&quot;&quot;}'),
(10, 1, 'AP', 1, 0, 0, 'suppliers', 'Top 10 Suppliers', '{&quot;top&quot;:&quot;&quot;,&quot;data_filter&quot;:&quot;&quot;,&quot;graph_type&quot;:&quot;Table&quot;}'),
(11, 1, 'AP', 2, 0, 0, 'suppliers', 'Top 10 Suppliers', '{&quot;top&quot;:&quot;&quot;,&quot;data_filter&quot;:&quot;&quot;,&quot;graph_type&quot;:&quot;ColumnChart&quot;}'),
(12, 1, 'GL', 2, 1, 0, 'glreturn', 'Return', '{&quot;graph_type&quot;:&quot;Table&quot;,&quot;data_filter&quot;:&quot;&quot;}'),
(13, 1, 'GL', 2, 0, 0, 'glreturn', 'Return', '{&quot;graph_type&quot;:&quot;PieChart&quot;,&quot;data_filter&quot;:&quot;&quot;}'),
(14, 1, 'stock', 1, 0, 0, 'items', 'Top 10 Items', '{&quot;top&quot;:&quot;&quot;,&quot;item_type&quot;:&quot;stock&quot;,&quot;graph_type&quot;:&quot;Table&quot;,&quot;data_filter&quot;:&quot;&quot;}'),
(15, 1, 'stock', 2, 0, 0, 'items', 'Top 10 Items', '{&quot;top&quot;:&quot;&quot;,&quot;item_type&quot;:&quot;stock&quot;,&quot;graph_type&quot;:&quot;PieChart&quot;,&quot;data_filter&quot;:&quot;&quot;}'),
(16, 1, 'manuf', 1, 0, 0, 'items', 'Top 10 items', '{&quot;top&quot;:&quot;&quot;,&quot;item_type&quot;:&quot;manuf&quot;,&quot;graph_type&quot;:&quot;Table&quot;,&quot;data_filter&quot;:&quot;&quot;}'),
(17, 1, 'manuf', 2, 0, 0, 'items', 'Top 10 Items', '{&quot;top&quot;:&quot;&quot;,&quot;item_type&quot;:&quot;manuf&quot;,&quot;graph_type&quot;:&quot;PieChart&quot;,&quot;data_filter&quot;:&quot;&quot;}'),
(18, 1, 'orders', 2, 0, 0, 'customers', 'Top 10 Customers', '{&quot;top&quot;:&quot;&quot;,&quot;data_filter&quot;:&quot;&quot;,&quot;graph_type&quot;:&quot;ColumnChart&quot;}'),
(19, 1, 'GL', 2, 2, 0, 'bankbalances', 'Bank Balances', '{&quot;data_filter&quot;:&quot;&quot;}'),
(20, 1, 'GL', 1, 1, 0, 'dailybankbalances', 'Daily Current Account Balance', '{&quot;days_past&quot;:&quot;&quot;,&quot;days_future&quot;:&quot;&quot;,&quot;bank_act&quot;:&quot;0&quot;,&quot;graph_type&quot;:&quot;ColumnChart&quot;}'),
(21, 1, 'GL', 1, 0, 0, 'banktransactions', 'Current Account Transactions', '{&quot;days_past&quot;:&quot;15&quot;,&quot;days_future&quot;:&quot;15&quot;,&quot;bank_act&quot;:&quot;0&quot;,&quot;data_filter&quot;:&quot;&quot;}'),
(22, 2, 'AP', 1, 1, 0, 'weeklysales', 'Top 10 Sales Weeks', '{&quot;top&quot;:&quot;10&quot;,&quot;orderby&quot;:&quot;Gross Sales&quot;,&quot;orderby_seq&quot;:&quot;desc&quot;,&quot;graph_type&quot;:&quot;Table&quot;,&quot;data_filter&quot;:&quot;dm.payment_terms = -1&quot;}'),
(23, 2, 'AP', 1, 0, 0, 'weeklysales', 'Weekly Sales', '{&quot;top&quot;:&quot;&quot;,&quot;orderby&quot;:&quot;Week End&quot;,&quot;orderby_seq&quot;:&quot;asc&quot;,&quot;graph_type&quot;:&quot;LineChart&quot;,&quot;data_filter&quot;:&quot;&quot;}'),
(24, 2, 'AP', 2, 1, 0, 'weeklysales', 'Lowest weeks sales', '{&quot;top&quot;:&quot;10&quot;,&quot;orderby&quot;:&quot;Gross Sales&quot;,&quot;orderby_seq&quot;:&quot;asc&quot;,&quot;graph_type&quot;:&quot;Table&quot;,&quot;data_filter&quot;:&quot;&quot;}'),
(25, 2, 'AP', 2, 0, 0, 'dailysales', 'Daily Sales', '{&quot;top&quot;:&quot;10&quot;,&quot;data_filter&quot;:&quot;dm.payment_terms = -1&quot;,&quot;graph_type&quot;:&quot;LineChart&quot;}'),
(26, 2, 'orders', 1, 0, 0, 'customers', 'Top 10 Customers', '{&quot;top&quot;:&quot;10&quot;,&quot;data_filter&quot;:&quot;&quot;,&quot;graph_type&quot;:&quot;Table&quot;}'),
(27, 2, 'orders', 1, 1, 0, 'salesinvoices', 'Overdue invoices', '{&quot;data_filter&quot;:&quot;&quot;}'),
(28, 2, 'AP', 1, 0, 0, 'suppliers', 'Top 10 Suppliers', '{&quot;top&quot;:&quot;&quot;,&quot;data_filter&quot;:&quot;&quot;,&quot;graph_type&quot;:&quot;Table&quot;}'),
(29, 2, 'AP', 2, 0, 0, 'suppliers', 'Top 10 Suppliers', '{&quot;top&quot;:&quot;&quot;,&quot;data_filter&quot;:&quot;&quot;,&quot;graph_type&quot;:&quot;ColumnChart&quot;}'),
(30, 2, 'GL', 2, 1, 0, 'glreturn', 'Return', '{&quot;graph_type&quot;:&quot;Table&quot;,&quot;data_filter&quot;:&quot;&quot;}'),
(31, 2, 'GL', 2, 0, 0, 'glreturn', 'Return', '{&quot;graph_type&quot;:&quot;PieChart&quot;,&quot;data_filter&quot;:&quot;&quot;}'),
(32, 2, 'stock', 1, 0, 0, 'items', 'Top 10 Items', '{&quot;top&quot;:&quot;&quot;,&quot;item_type&quot;:&quot;stock&quot;,&quot;graph_type&quot;:&quot;Table&quot;,&quot;data_filter&quot;:&quot;&quot;}'),
(33, 2, 'stock', 2, 0, 0, 'items', 'Top 10 Items', '{&quot;top&quot;:&quot;&quot;,&quot;item_type&quot;:&quot;stock&quot;,&quot;graph_type&quot;:&quot;PieChart&quot;,&quot;data_filter&quot;:&quot;&quot;}'),
(34, 2, 'manuf', 1, 0, 0, 'items', 'Top 10 items', '{&quot;top&quot;:&quot;&quot;,&quot;item_type&quot;:&quot;manuf&quot;,&quot;graph_type&quot;:&quot;Table&quot;,&quot;data_filter&quot;:&quot;&quot;}'),
(35, 2, 'manuf', 2, 0, 0, 'items', 'Top 10 Items', '{&quot;top&quot;:&quot;&quot;,&quot;item_type&quot;:&quot;manuf&quot;,&quot;graph_type&quot;:&quot;PieChart&quot;,&quot;data_filter&quot;:&quot;&quot;}'),
(36, 2, 'orders', 2, 0, 0, 'customers', 'Top 10 Customers', '{&quot;top&quot;:&quot;&quot;,&quot;data_filter&quot;:&quot;&quot;,&quot;graph_type&quot;:&quot;ColumnChart&quot;}'),
(37, 2, 'GL', 2, 2, 0, 'bankbalances', 'Bank Balances', '{&quot;data_filter&quot;:&quot;&quot;}'),
(38, 2, 'GL', 1, 1, 0, 'dailybankbalances', 'Daily Current Account Balance', '{&quot;days_past&quot;:&quot;&quot;,&quot;days_future&quot;:&quot;&quot;,&quot;bank_act&quot;:&quot;0&quot;,&quot;graph_type&quot;:&quot;ColumnChart&quot;}'),
(39, 2, 'GL', 1, 0, 0, 'banktransactions', 'Current Account Transactions', '{&quot;days_past&quot;:&quot;15&quot;,&quot;days_future&quot;:&quot;15&quot;,&quot;bank_act&quot;:&quot;0&quot;,&quot;data_filter&quot;:&quot;&quot;}');

-- --------------------------------------------------------

--
-- Table structure for table `0_debtors_master`
--

CREATE TABLE IF NOT EXISTS `0_debtors_master` (
  `debtor_no` int(11) NOT NULL,
  `name` varchar(100) COLLATE utf8_unicode_ci NOT NULL DEFAULT '',
  `debtor_ref` varchar(30) COLLATE utf8_unicode_ci NOT NULL,
  `address` tinytext COLLATE utf8_unicode_ci,
  `tax_id` varchar(55) COLLATE utf8_unicode_ci NOT NULL DEFAULT '',
  `curr_code` char(3) COLLATE utf8_unicode_ci NOT NULL DEFAULT '',
  `sales_type` int(11) NOT NULL DEFAULT '1',
  `dimension_id` int(11) NOT NULL DEFAULT '0',
  `dimension2_id` int(11) NOT NULL DEFAULT '0',
  `credit_status` int(11) NOT NULL DEFAULT '0',
  `payment_terms` int(11) DEFAULT NULL,
  `discount` double NOT NULL DEFAULT '0',
  `pymt_discount` double NOT NULL DEFAULT '0',
  `credit_limit` float NOT NULL DEFAULT '1000',
  `notes` tinytext COLLATE utf8_unicode_ci NOT NULL,
  `inactive` tinyint(1) NOT NULL DEFAULT '0'
) ENGINE=InnoDB AUTO_INCREMENT=86 DEFAULT CHARSET=utf8 COLLATE=utf8_unicode_ci;

--
-- Dumping data for table `0_debtors_master`
--

INSERT INTO `0_debtors_master` (`debtor_no`, `name`, `debtor_ref`, `address`, `tax_id`, `curr_code`, `sales_type`, `dimension_id`, `dimension2_id`, `credit_status`, `payment_terms`, `discount`, `pymt_discount`, `credit_limit`, `notes`, `inactive`) VALUES
(1, 'Lovers Big City Pvt Ltd', 'B001', '15, Mosque Road,\nBeruwela.', '', 'LKR', 1, 0, 0, 1, 2, 0, 0, 2000000, '', 0),
(2, 'Furkan Piliyandala', 'F003', '', '', 'LKR', 2, 0, 0, 1, 2, 0, 0, 0, '', 0),
(3, 'Lovers Capital', 'L002', 'No. 46, Yatinuwara Road, Kandy.', '', 'LKR', 2, 0, 0, 1, 2, 0, 0, 0, '', 0),
(4, 'Glamour City - Shimak Haji', 'G001', 'NO. 62, DHARMA VIJAYA MW ,\nBANDARAWALA.\n', '', 'LKR', 2, 0, 0, 1, 2, 0, 0, 0, '', 0),
(5, 'New Lovers ( Rizan )', 'R003', 'No. 09, Bazar Street, Chilaw.', '', 'LKR', 2, 0, 0, 1, 2, 0, 0, 0, 'transport lorry : 0722803977\nKumar           : 0714784832\n', 0),
(6, 'Aman ', 'A001', 'Kaluthara.', '', 'LKR', 2, 0, 0, 1, 2, 0, 0, 0, '', 0),
(7, 'Lovers Bug ( Imran )', 'I003-M', 'Mathugama', '', 'LKR', 2, 0, 0, 1, 2, 0, 0, 0, '', 0),
(8, 'Lovers Sky - Mifras', 'M004-W', 'Wellawaya.', '', 'LKR', 2, 0, 0, 1, 2, 0, 0, 0, '', 0),
(9, 'Young Forever - Aarif Haji', 'F005', 'NO. 16 	CENTRAL ROAD,\nBATTICALOA,\n', '', 'LKR', 2, 0, 0, 1, 2, 0, 0, 0, '', 0),
(10, 'Nislan -Sales', 'N002', 'Beruwala.', '', 'LKR', 2, 0, 0, 1, 2, 0, 0, 0, '', 0),
(11, 'Loku Lovers - Rifkhan', 'T001', 'Mathugama.', '', 'LKR', 2, 0, 0, 1, 2, 0, 0, 0, '', 0),
(12, 'Lovers City - Rasak', 'L007', 'Ambalangoda', '', 'LKR', 2, 0, 0, 1, 2, 0, 0, 0, '', 0),
(13, 'Fancy Park - Husni', 'F006', 'Nugegoda.', '', 'LKR', 2, 0, 0, 1, 2, 0, 0, 0, '', 0),
(14, 'chamadhi Multi Shop', 'C002', 'NO:16 MATARA ROAD, KAMBURUPITIYA.', '', 'LKR', 2, 0, 0, 1, 2, 0, 0, 0, '', 0),
(15, 'Lovers Heart', 'L008', 'NO.5, NEW SHOPPING COMPLEX,\nBUS STAND, BELIATTA.\n', '', 'LKR', 2, 0, 0, 1, 2, 0, 0, 0, '', 0),
(16, 'Lovers Choice', 'L009', 'WEERAKETIYA ROAD,\nRANNA.\n', '', 'LKR', 2, 0, 0, 1, 2, 0, 0, 0, '', 0),
(17, 'Union Lovers', 'U001', 'NO:51 BELIATTA ROAD,\nWALASMULLA.\n', '', 'LKR', 2, 0, 0, 1, 2, 0, 0, 0, '', 0),
(18, 'Saluki', 'S005', 'NO.31, MAIN STREET,\nRATNAPURA.\n\n', '', 'LKR', 2, 0, 0, 1, 2, 0, 0, 0, '', 0),
(19, 'Dream Lovers', 'D003', 'NO.43, BANDARANAYAKA MAWATHA,\nRATNAPURA.\n', '', 'LKR', 2, 0, 0, 1, 2, 0, 0, 0, '', 0),
(20, 'V &amp; B lovers', 'V001', 'NO:650, ST LUKES JUNCTION, COLOMBO RD,\nRATNAPURA.', '', 'LKR', 2, 0, 0, 1, 2, 0, 0, 0, '', 0),
(21, 'Different', 'D004', 'NO.177, MAIN STREET,\nBALANGODA.\n', '', 'LKR', 2, 0, 0, 1, 2, 0, 0, 0, '', 0),
(22, 'K Fashion', 'K001', 'NO.153, DIMBULLA ROAD,\nHATTON.', '', 'LKR', 2, 0, 0, 1, 2, 0, 0, 0, '', 0),
(23, 'Nilum Fashion', 'N004', 'NO.34/Z NUWERA ELIYA RD,\nWELIMADA.\n', '', 'LKR', 2, 0, 0, 1, 2, 0, 0, 0, '', 0),
(24, 'Baraka Traders', 'B004', 'NO.54/A LOWER STREET,\nBADULLA.\n', '', 'LKR', 2, 0, 0, 1, 2, 0, 0, 0, '', 0),
(25, 'Araliya', 'A006', 'NO.413, MAIN STREET ,\nPASSARA.\n', '', 'LKR', 2, 0, 0, 1, 2, 0, 0, 0, '', 0),
(26, 'Lavanka Fashion', 'L010', '42/B NEW TOWN,\nKATHARAGAMA.\n', '', 'LKR', 2, 0, 0, 1, 2, 0, 0, 0, '', 0),
(27, 'TKS Fashion', 'T002', 'REGAL JUNCTION,\nMAIN STREET,\nAMPARA.\n', '', 'LKR', 2, 0, 0, 1, 2, 0, 0, 0, '', 0),
(28, 'Real One', 'R005', '452A , MAIN STREET.\nSAINTHAMARUTHU-16\n', '', 'LKR', 2, 0, 0, 1, 2, 0, 0, 0, '', 0),
(29, 'Orchid Shoe Land', 'O001', 'NO.24, MAIN STREET,\nKALMUNAI.\n', '', 'LKR', 2, 0, 0, 1, 2, 0, 0, 0, '', 0),
(30, 'Aji Shoe palace', 'A008', 'NO.5, CENTRAL ROAD ,\nBATTICALOA.\n', '', 'LKR', 2, 0, 0, 1, 2, 0, 0, 0, '', 0),
(31, 'Rafeek Shoe Palace', 'R006', 'NO.111 TRINCO ROAD,\nBATTICALOA.\n', '', 'LKR', 2, 0, 0, 1, 2, 0, 0, 0, '', 0),
(32, 'GCS Fashion ', 'G003', 'NO. 69, MAIN STREET,\nKANDURUWELA.\n', '', 'LKR', 2, 0, 0, 1, 2, 0, 0, 0, '', 0),
(33, 'Galle City Store', 'G004', 'NO.412,MAIN STREET,\nKADURUWELA.\n', '', 'LKR', 2, 0, 0, 1, 2, 0, 0, 0, '', 0),
(34, 'Needs Wear', 'N005', 'NO.328,DAMBULLA ROAD,\nGALEWELA.', '', 'LKR', 2, 0, 0, 1, 2, 0, 0, 0, '', 0),
(35, 'Heshan Fashion House', 'H003', '42/50, KURUNAGALA ROAD,\nWARIYAPOLA.', '', 'LKR', 2, 0, 0, 1, 2, 0, 0, 0, '', 0),
(36, 'Diyana', 'D005', 'NO.83,YATIYANTOTA ROAD,\nAWISSAWELA.', '', 'LKR', 2, 0, 0, 1, 2, 0, 0, 0, '', 0),
(37, 'Max City', 'M006', 'NO.53, COLOMBO ROAD,\nKURUNAGALA.\n', '', 'LKR', 2, 0, 0, 1, 2, 0, 0, 0, '', 0),
(38, 'Kenzo', 'K002', 'NO.89,MATALE ROAD,\nAKURANA.\n', '', 'LKR', 2, 0, 0, 1, 2, 0, 0, 0, '', 0),
(39, 'D Mart Plus', 'D006', 'NO.70/1, AMBAGAMUWA RD\nGAMPOLA.', '', 'LKR', 2, 0, 0, 1, 2, 0, 0, 0, '', 0),
(40, 'Sunil Dress Point', 'S006', 'NO.12 BANDARANYAKE MW,\nANURADHAPURA.\n', '', 'LKR', 2, 0, 0, 1, 2, 0, 0, 0, '', 0),
(41, 'Guys &amp; Girls', 'G006', 'SAMANALA BUILDING,\nMAITHRIPALA SENANAYAKE MAWATHA,\nANURADHAPURA.', '', 'LKR', 2, 0, 0, 1, 2, 0, 0, 0, '', 0),
(42, 'New Fashion sale Center', 'N006', 'NO.63B ANURADAPURA RD,\nGALGAMUWA.', '', 'LKR', 2, 0, 0, 1, 2, 0, 0, 0, '', 0),
(43, 'Fashion Connection', 'F008', 'A9 ROAD ,\nKILINOCHCHI.\n', '', 'LKR', 2, 0, 0, 1, 2, 0, 0, 0, '', 0),
(44, 'Kalana', 'KI004', 'NO.94, PUTTALAM ROAD,\nNOCHCHIYAGAMA.\n', '', 'LKR', 2, 0, 0, 1, 2, 0, 0, 0, '', 0),
(45, 'fashion lovers', 'F009', 'NO.10, NEW SHOPPING COMPLEX,\nMAHAEDENDA,\nKARANDENIYA.\n', '', 'LKR', 2, 0, 0, 1, 2, 0, 0, 0, '', 0),
(46, 'Sahali International', 'S008', 'NO.678,GALLE RD,WALGAMA,	\nMATARA.\n', '', 'LKR', 2, 0, 0, 1, 2, 0, 0, 0, '', 0),
(47, 'Vimana Fashion', 'V002', 'NO.4, TANGALLE ROAD,\nWEERAKETIYA.', '', 'LKR', 2, 0, 0, 1, 2, 0, 0, 0, '', 0),
(48, 'Onadee Fancy Lover', 'O002', 'MAIN STREET,\nSOORIYAWEWA.\n', '', 'LKR', 2, 0, 0, 1, 2, 0, 0, 0, '', 0),
(49, 'Kinali ', 'K005', 'NO.54, MAIN STREET ,\nAMBALANTHOTA.\n', '', 'LKR', 2, 0, 0, 1, 2, 0, 0, 0, '', 0),
(50, 'Orits', 'O003', 'NO. 59/B, COLOMBO RD,\nGAMPAHA.\n', '', 'LKR', 2, 0, 0, 1, 2, 0, 0, 0, '', 0),
(51, 'Arabian Collection', 'A010', '33/1 1/1 COLOMBO ROAD,\nMAWANELLA.\n', '', 'LKR', 2, 0, 0, 1, 2, 0, 0, 0, '', 0),
(52, 'Opara', 'O004', '64/1/1 MAIN STREET ,\nKEGALLE.\n', '', 'LKR', 2, 0, 0, 1, 2, 0, 0, 0, '', 0),
(53, 'Onsel', 'O005', 'NO:28 , KANDY ROAD,\nWARAKAPOLA.', '', 'LKR', 2, 0, 0, 1, 2, 0, 0, 0, '', 0),
(54, 'Himashi', 'H004', 'NO.112/1 MAIN STREET,\nEHALIYAGODA.', '', 'LKR', 2, 0, 0, 1, 2, 0, 0, 0, '', 0),
(55, 'Steps', 'A011', 'MAIN STREET,\nAKKARAPATTU.\n', '', 'LKR', 2, 0, 0, 1, 2, 0, 0, 0, '', 0),
(56, 'Dress Line ', 'D008', 'NO.24, MAIN STREET,\nNANTHAVOOR.\n', '', 'LKR', 2, 0, 0, 1, 2, 0, 0, 0, '', 0),
(57, 'Romaya', 'R007', 'NO.330 C KANDY ROAD, PASIYALA.', '', 'LKR', 2, 0, 0, 1, 2, 0, 0, 0, '', 0),
(58, 'Lovers - Insham', 'I008', 'Maggona', '', 'LKR', 2, 0, 0, 1, 2, 0, 0, 0, '', 0),
(59, 'Stylish - Nyzer', 'S009', 'Kaluthara', '', 'LKR', 2, 0, 0, 1, 2, 0, 0, 0, '', 0),
(60, 'Mohamed - Atulugama', 'M003', 'Atulugama', '', 'LKR', 2, 0, 0, 1, 2, 0, 0, 0, '', 0),
(61, 'I&#039;m Yours', 'I009', 'NO. 23/A, WELEKADA SUPPERMARKET,\nKEPPETIPOLA ROAD,\nBADULLA.\n', '', 'LKR', 2, 0, 0, 1, 2, 0, 0, 0, '055-2223159', 0),
(62, 'A Choice', 'A012', 'NO. 75, JAYA MAWATTA,\nGALNEWA.\n', '', 'LKR', 2, 0, 0, 1, 2, 0, 0, 0, '', 0),
(63, 'Aradhana', 'A013', 'MAIN STREET,\nKURUWITA.\n', '', 'LKR', 2, 0, 0, 1, 2, 0, 0, 0, '', 0),
(64, 'Shoe Mart', 'S011', 'NO.37, MONARAGALA ROAD,\nWELLAVAYA.\n', '', 'LKR', 2, 0, 0, 1, 2, 0, 0, 0, '', 0),
(65, 'MCC Dress Point', 'M009', '39/B MAIN STREET,\nBUTTALA.\n', '', 'LKR', 2, 0, 0, 1, 2, 0, 0, 0, '', 0),
(66, 'Micro Fashion', 'M010', '07G MAIN STREET,\nKEKIRAWA\n( A CHOICE )\n', '', 'LKR', 2, 0, 0, 1, 2, 0, 0, 0, '', 0),
(67, 'C &amp; D Fashion', 'C003', 'NO.03 IDANGODA,\nKIRIELLA.\n', '', 'LKR', 2, 0, 0, 1, 2, 0, 0, 0, '071-2714455', 0),
(68, 'Eden Clara', 'E001', 'NO.646, ATTANAGALLA RD,\nNITTAMBUWA. 11880\n', '', 'LKR', 2, 0, 0, 1, 2, 0, 0, 0, '', 0),
(69, 'Kandy Tex', 'K006', 'NO.35, MAIN STREET,\nGELIOYA.\n', '', 'LKR', 2, 0, 0, 1, 2, 0, 0, 0, '( gampola Transport ? 071 5145944)', 0),
(70, 'Dilaksha Fashion', 'D009', 'NO. 119, CHILAW RD,\nHETTIPOLA.\n', '', 'LKR', 2, 0, 0, 1, 2, 0, 0, 0, '', 0),
(71, 'Rashmi Dress Point', 'R008', 'NO. 39, YATIYANTOTA RD,\nAVISSAWELLA.\n', '', 'LKR', 2, 0, 0, 1, 2, 0, 0, 0, '', 0),
(72, 'Fashion Hub', 'F011', 'KATUBEDDA RD,\nPILIYANDALA.\n', '', 'LKR', 2, 0, 0, 1, 2, 0, 0, 0, '', 0),
(73, 'New Lovers ( Muzammil )', 'M011', 'NO.20, THISSA MAWATTA,\nKULIYAPITIYA.\n', '', 'LKR', 2, 0, 0, 1, 2, 0, 0, 0, '', 0),
(74, 'Orange City', 'O006', 'NO. 24, KING STREET,\nMATALE.\n', '', 'LKR', 2, 0, 0, 1, 2, 0, 0, 0, '0766912913 ', 0),
(75, 'Touch &amp; Touch', 'T005', 'NO.113, MAIN STREET,\nKAHAWATTA.\n', '', 'LKR', 2, 0, 0, 1, 2, 0, 0, 0, '', 0),
(76, 'Lovers -  Fairoos Haji', 'L014', 'Kuliyapitiya.', '', 'LKR', 2, 0, 0, 1, 2, 0, 0, 0, '', 0),
(77, 'The Lover Gift House', 'T006', 'NO.37, NEW SHOPPING COMPLEX,\nTHISSAMAHARAMA.\n', '', 'LKR', 2, 0, 0, 1, 2, 0, 0, 0, '', 0),
(78, 'Lakmal Supper Corner', 'L015', 'NO. 92/A, AGALAWATTA ROAD,\nMATHUGAMA.\n', '', 'LKR', 2, 0, 0, 1, 2, 0, 0, 0, '', 0),
(79, 'Modern Gallery', 'M012', '216, HILL STREET,\nDEHIWALA.\n', '', 'LKR', 2, 0, 0, 1, 2, 0, 0, 0, '', 0),
(80, 'Swiss Lovers', 'S012', 'Rathmalana.', '', 'LKR', 2, 0, 0, 1, 2, 0, 0, 0, '', 0),
(81, 'Vintage Line', 'V004', 'No. 386, KANDY ROAD,\nNITYAMBUWA.\n', '', 'LKR', 2, 0, 0, 1, 2, 0, 0, 0, '', 0),
(82, 'Riyash Nana - Sales', 'R009', 'Elanthagoda', '', 'LKR', 2, 0, 0, 1, 1, 0, 0, 0, '', 0),
(83, 'Iliyas Nana - Sales', 'I010', 'Elanthagoda', '', 'LKR', 2, 0, 0, 1, 2, 0, 0, 0, 'Nafeel&#039;s Dad', 0),
(84, 'Master Bag', 'M013', 'NO.4/168/A, DEVARAJA MAWATTA,\nGAMPOLA.\n', '', 'LKR', 2, 0, 0, 1, 2, 0, 0, 0, 'D Mart Plus Recomendation', 0),
(85, 'Signature Fashion', 'S013', 'NO.233A, KANDY ROAD,\nKAHATIPITIYA,\nGAMPOLA.\n', '', 'LKR', 2, 0, 0, 1, 1, 0, 0, 0, '', 0);

-- --------------------------------------------------------

--
-- Table structure for table `0_debtor_trans`
--

CREATE TABLE IF NOT EXISTS `0_debtor_trans` (
  `trans_no` int(11) unsigned NOT NULL DEFAULT '0',
  `type` smallint(6) unsigned NOT NULL DEFAULT '0',
  `version` tinyint(1) unsigned NOT NULL DEFAULT '0',
  `debtor_no` int(11) unsigned DEFAULT NULL,
  `branch_code` int(11) NOT NULL DEFAULT '-1',
  `tran_date` date NOT NULL DEFAULT '0000-00-00',
  `due_date` date NOT NULL DEFAULT '0000-00-00',
  `reference` varchar(60) COLLATE utf8_unicode_ci NOT NULL DEFAULT '',
  `tpe` int(11) NOT NULL DEFAULT '0',
  `order_` int(11) NOT NULL DEFAULT '0',
  `ov_amount` double NOT NULL DEFAULT '0',
  `ov_gst` double NOT NULL DEFAULT '0',
  `ov_freight` double NOT NULL DEFAULT '0',
  `ov_freight_tax` double NOT NULL DEFAULT '0',
  `ov_discount` double NOT NULL DEFAULT '0',
  `alloc` double NOT NULL DEFAULT '0',
  `prep_amount` double NOT NULL DEFAULT '0',
  `rate` double NOT NULL DEFAULT '1',
  `ship_via` int(11) DEFAULT NULL,
  `dimension_id` int(11) NOT NULL DEFAULT '0',
  `dimension2_id` int(11) NOT NULL DEFAULT '0',
  `payment_terms` int(11) DEFAULT NULL,
  `tax_included` tinyint(1) unsigned NOT NULL DEFAULT '0'
) ENGINE=InnoDB DEFAULT CHARSET=utf8 COLLATE=utf8_unicode_ci;

-- --------------------------------------------------------

--
-- Table structure for table `0_debtor_trans_details`
--

CREATE TABLE IF NOT EXISTS `0_debtor_trans_details` (
  `id` int(11) NOT NULL,
  `debtor_trans_no` int(11) DEFAULT NULL,
  `debtor_trans_type` int(11) DEFAULT NULL,
  `stock_id` varchar(20) COLLATE utf8_unicode_ci NOT NULL DEFAULT '',
  `description` tinytext COLLATE utf8_unicode_ci,
  `unit_price` double NOT NULL DEFAULT '0',
  `unit_tax` double NOT NULL DEFAULT '0',
  `quantity` double NOT NULL DEFAULT '0',
  `discount_percent` double NOT NULL DEFAULT '0',
  `standard_cost` double NOT NULL DEFAULT '0',
  `qty_done` double NOT NULL DEFAULT '0',
  `src_id` int(11) NOT NULL
) ENGINE=InnoDB DEFAULT CHARSET=utf8 COLLATE=utf8_unicode_ci;

-- --------------------------------------------------------

--
-- Table structure for table `0_dimensions`
--

CREATE TABLE IF NOT EXISTS `0_dimensions` (
  `id` int(11) NOT NULL,
  `reference` varchar(60) COLLATE utf8_unicode_ci NOT NULL DEFAULT '',
  `name` varchar(60) COLLATE utf8_unicode_ci NOT NULL DEFAULT '',
  `type_` tinyint(1) NOT NULL DEFAULT '1',
  `closed` tinyint(1) NOT NULL DEFAULT '0',
  `date_` date NOT NULL DEFAULT '0000-00-00',
  `due_date` date NOT NULL DEFAULT '0000-00-00'
) ENGINE=InnoDB DEFAULT CHARSET=utf8 COLLATE=utf8_unicode_ci;

-- --------------------------------------------------------

--
-- Table structure for table `0_exchange_rates`
--

CREATE TABLE IF NOT EXISTS `0_exchange_rates` (
  `id` int(11) NOT NULL,
  `curr_code` char(3) COLLATE utf8_unicode_ci NOT NULL DEFAULT '',
  `rate_buy` double NOT NULL DEFAULT '0',
  `rate_sell` double NOT NULL DEFAULT '0',
  `date_` date NOT NULL DEFAULT '0000-00-00'
) ENGINE=InnoDB AUTO_INCREMENT=4 DEFAULT CHARSET=utf8 COLLATE=utf8_unicode_ci;

--
-- Dumping data for table `0_exchange_rates`
--

INSERT INTO `0_exchange_rates` (`id`, `curr_code`, `rate_buy`, `rate_sell`, `date_`) VALUES
(1, 'USD', 0.0066, 0.0066, '2017-09-01'),
(2, 'GBP', 0.0051, 0.0051, '2017-09-01'),
(3, 'EUR', 0.0055, 0.0055, '2017-09-01');

-- --------------------------------------------------------

--
-- Table structure for table `0_fiscal_year`
--

CREATE TABLE IF NOT EXISTS `0_fiscal_year` (
  `id` int(11) NOT NULL,
  `begin` date DEFAULT '0000-00-00',
  `end` date DEFAULT '0000-00-00',
  `closed` tinyint(1) NOT NULL DEFAULT '0'
) ENGINE=InnoDB AUTO_INCREMENT=2 DEFAULT CHARSET=utf8 COLLATE=utf8_unicode_ci;

--
-- Dumping data for table `0_fiscal_year`
--

INSERT INTO `0_fiscal_year` (`id`, `begin`, `end`, `closed`) VALUES
(1, '2018-04-01', '2019-03-31', 0);

-- --------------------------------------------------------

--
-- Table structure for table `0_gl_trans`
--

CREATE TABLE IF NOT EXISTS `0_gl_trans` (
  `counter` int(11) NOT NULL,
  `type` smallint(6) NOT NULL DEFAULT '0',
  `type_no` int(11) NOT NULL DEFAULT '0',
  `tran_date` date NOT NULL DEFAULT '0000-00-00',
  `account` varchar(15) COLLATE utf8_unicode_ci NOT NULL DEFAULT '',
  `memo_` tinytext COLLATE utf8_unicode_ci NOT NULL,
  `amount` double NOT NULL DEFAULT '0',
  `dimension_id` int(11) NOT NULL DEFAULT '0',
  `dimension2_id` int(11) NOT NULL DEFAULT '0',
  `person_type_id` int(11) DEFAULT NULL,
  `person_id` tinyblob
) ENGINE=InnoDB AUTO_INCREMENT=1807 DEFAULT CHARSET=utf8 COLLATE=utf8_unicode_ci;

--
-- Dumping data for table `0_gl_trans`
--

INSERT INTO `0_gl_trans` (`counter`, `type`, `type_no`, `tran_date`, `account`, `memo_`, `amount`, `dimension_id`, `dimension2_id`, `person_type_id`, `person_id`) VALUES
(1, 25, 1, '2018-04-30', '1510', '10001', 617.4, 0, 0, NULL, NULL),
(2, 25, 1, '2018-04-30', '1510', '10002', 1764, 0, 0, NULL, NULL),
(3, 25, 1, '2018-04-30', '1510', '10003', 3292.8, 0, 0, NULL, NULL),
(4, 25, 1, '2018-04-30', '1510', '10004', 44982, 0, 0, NULL, NULL),
(5, 25, 1, '2018-04-30', '1510', '10005', 1764, 0, 0, NULL, NULL),
(6, 25, 1, '2018-04-30', '1510', '10006', 7338.24, 0, 0, NULL, NULL),
(7, 25, 1, '2018-04-30', '1510', '10007', 2910.6, 0, 0, NULL, NULL),
(8, 25, 1, '2018-04-30', '1510', '10008', 128742.6, 0, 0, NULL, NULL),
(9, 25, 1, '2018-04-30', '1510', '10009', 273258.3, 0, 0, NULL, NULL),
(10, 25, 1, '2018-04-30', '1510', '10010', 5644.8, 0, 0, NULL, NULL),
(11, 25, 1, '2018-04-30', '1510', '10011', 4939.2, 0, 0, NULL, NULL),
(12, 25, 1, '2018-04-30', '1510', '10012', 2675.4, 0, 0, NULL, NULL),
(13, 25, 1, '2018-04-30', '1510', '10013', 8026.2, 0, 0, NULL, NULL),
(14, 25, 1, '2018-04-30', '1510', '10014', 9878.4, 0, 0, NULL, NULL),
(15, 25, 1, '2018-04-30', '1510', '10015', 10054.8, 0, 0, NULL, NULL),
(16, 25, 1, '2018-04-30', '1510', '10016', 10584, 0, 0, NULL, NULL),
(17, 25, 1, '2018-04-30', '1510', '10017', 9996, 0, 0, NULL, NULL),
(18, 25, 1, '2018-04-30', '1510', '10018', 3492.9, 0, 0, NULL, NULL),
(19, 25, 1, '2018-04-30', '1510', '10019', 846.72, 0, 0, NULL, NULL),
(20, 25, 1, '2018-04-30', '1510', '10020', 9392.02, 0, 0, NULL, NULL),
(21, 25, 1, '2018-04-30', '1510', '10021', 4438.15, 0, 0, NULL, NULL),
(22, 25, 1, '2018-04-30', '1510', '10022', 5785.92, 0, 0, NULL, NULL),
(23, 25, 1, '2018-04-30', '1510', '10023', 1333.56, 0, 0, NULL, NULL),
(24, 25, 1, '2018-04-30', '1510', '10024', 7917.24, 0, 0, NULL, NULL),
(25, 25, 1, '2018-04-30', '1510', '10025', 1714.5, 0, 0, NULL, NULL),
(26, 25, 1, '2018-04-30', '1510', '10026', 3810.24, 0, 0, NULL, NULL),
(27, 25, 1, '2018-04-30', '1510', '10027', 155.82, 0, 0, NULL, NULL),
(28, 25, 1, '2018-04-30', '1510', '10028', 155.82, 0, 0, NULL, NULL),
(29, 25, 1, '2018-04-30', '1510', '10029', 264.6, 0, 0, NULL, NULL),
(30, 25, 1, '2018-04-30', '1510', '10030', 6773.6, 0, 0, NULL, NULL),
(31, 25, 1, '2018-04-30', '1510', '10031', 16464, 0, 0, NULL, NULL),
(32, 25, 1, '2018-04-30', '1510', '10032', 21873.6, 0, 0, NULL, NULL),
(33, 25, 1, '2018-04-30', '1510', '10033', 11289.6, 0, 0, NULL, NULL),
(34, 25, 1, '2018-04-30', '1510', '10034', 1911, 0, 0, NULL, NULL),
(35, 25, 1, '2018-04-30', '1510', '10035', 2499, 0, 0, NULL, NULL),
(36, 25, 1, '2018-04-30', '1510', '10036', 3998.4, 0, 0, NULL, NULL),
(37, 25, 1, '2018-04-30', '1510', '10037', 14582.4, 0, 0, NULL, NULL),
(38, 25, 1, '2018-04-30', '1510', '10038', 7056, 0, 0, NULL, NULL),
(39, 25, 1, '2018-04-30', '1510', '10039', 4939.2, 0, 0, NULL, NULL),
(40, 25, 1, '2018-04-30', '1510', '10040', 7920, 0, 0, NULL, NULL),
(41, 25, 1, '2018-04-30', '1510', '10041', 117000, 0, 0, NULL, NULL),
(42, 25, 1, '2018-04-30', '1510', '10042', 15970.5, 0, 0, NULL, NULL),
(43, 25, 1, '2018-04-30', '1510', '10043', 10038.6, 0, 0, NULL, NULL),
(44, 25, 1, '2018-04-30', '1510', '10044', 608.4, 0, 0, NULL, NULL),
(45, 25, 1, '2018-04-30', '1510', '10045', 8860.8, 0, 0, NULL, NULL),
(46, 25, 1, '2018-04-30', '1510', '10046', 280.8, 0, 0, NULL, NULL),
(47, 25, 1, '2018-04-30', '1510', '10047', 982.8, 0, 0, NULL, NULL),
(48, 25, 1, '2018-04-30', '1510', '10048', 1769.04, 0, 0, NULL, NULL),
(49, 25, 1, '2018-04-30', '1510', '10049', 252.72, 0, 0, NULL, NULL),
(50, 25, 1, '2018-04-30', '1510', '10050', 248.04, 0, 0, NULL, NULL),
(51, 25, 1, '2018-04-30', '1510', '10051', 8686.08, 0, 0, NULL, NULL),
(52, 25, 1, '2018-04-30', '1510', '10052', 4399.2, 0, 0, NULL, NULL),
(53, 25, 1, '2018-04-30', '1510', '10053', 411.84, 0, 0, NULL, NULL),
(54, 25, 1, '2018-04-30', '1510', '10054', 8190, 0, 0, NULL, NULL),
(55, 25, 1, '2018-04-30', '1510', '10055', 1029.6, 0, 0, NULL, NULL),
(56, 25, 1, '2018-04-30', '1510', '10056', 3411.72, 0, 0, NULL, NULL),
(57, 25, 1, '2018-04-30', '1510', '10057', 2246.4, 0, 0, NULL, NULL),
(58, 25, 1, '2018-04-30', '1510', '10058', 608.4, 0, 0, NULL, NULL),
(59, 25, 1, '2018-04-30', '1510', '10059', 3982.68, 0, 0, NULL, NULL),
(60, 25, 1, '2018-04-30', '1510', '10060', 5367.96, 0, 0, NULL, NULL),
(61, 25, 1, '2018-04-30', '1510', '10061', 6683.04, 0, 0, NULL, NULL),
(62, 25, 1, '2018-04-30', '1510', '10062', 294.84, 0, 0, NULL, NULL),
(63, 25, 1, '2018-04-30', '1510', '10063', 308.88, 0, 0, NULL, NULL),
(64, 25, 1, '2018-04-30', '1510', '10064', 102.96, 0, 0, NULL, NULL),
(65, 25, 1, '2018-04-30', '1510', '10065', 187.2, 0, 0, NULL, NULL),
(66, 25, 1, '2018-04-30', '1510', '10066', 187.2, 0, 0, NULL, NULL),
(67, 25, 1, '2018-04-30', '1510', '10067', 2246.4, 0, 0, NULL, NULL),
(68, 25, 1, '2018-04-30', '1510', '10068', 262.08, 0, 0, NULL, NULL),
(69, 25, 1, '2018-04-30', '1510', '10069', 205.92, 0, 0, NULL, NULL),
(70, 25, 1, '2018-04-30', '1510', '10070', 842.4, 0, 0, NULL, NULL),
(71, 25, 1, '2018-04-30', '1510', '10071', 16848, 0, 0, NULL, NULL),
(72, 25, 1, '2018-04-30', '1510', '10072', 8424, 0, 0, NULL, NULL),
(73, 25, 1, '2018-04-30', '1510', '10073', 1240.2, 0, 0, NULL, NULL),
(74, 25, 1, '2018-04-30', '1510', '10074', 1482, 0, 0, NULL, NULL),
(75, 25, 1, '2018-04-30', '1510', '10075', 9781.2, 0, 0, NULL, NULL),
(76, 25, 1, '2018-04-30', '1510', '10076', 9360, 0, 0, NULL, NULL),
(77, 25, 1, '2018-04-30', '1510', '10077', 71182.8, 0, 0, NULL, NULL),
(78, 25, 1, '2018-04-30', '1510', '10078', 39312, 0, 0, NULL, NULL),
(79, 25, 1, '2018-04-30', '1510', '10079', 5616, 0, 0, NULL, NULL),
(80, 25, 1, '2018-04-30', '1510', '10080', 1614.6, 0, 0, NULL, NULL),
(81, 25, 1, '2018-04-30', '1510', '10081', 12916.8, 0, 0, NULL, NULL),
(82, 25, 1, '2018-04-30', '1510', '10082', 3159, 0, 0, NULL, NULL),
(83, 25, 1, '2018-04-30', '1510', '10083', 138996, 0, 0, NULL, NULL),
(84, 25, 1, '2018-04-30', '1510', '10084', 8424, 0, 0, NULL, NULL),
(85, 25, 1, '2018-04-30', '1510', '10085', 112320, 0, 0, NULL, NULL),
(86, 25, 1, '2018-04-30', '1510', '10086', 1060.8, 0, 0, NULL, NULL),
(87, 25, 1, '2018-04-30', '1510', '10087', 12448.8, 0, 0, NULL, NULL),
(88, 25, 1, '2018-04-30', '1510', '10088', 13852.8, 0, 0, NULL, NULL),
(89, 25, 1, '2018-04-30', '1510', '10089', 4586.4, 0, 0, NULL, NULL),
(90, 25, 1, '2018-04-30', '1510', '10090', 748.8, 0, 0, NULL, NULL),
(91, 25, 1, '2018-04-30', '1510', '10091', 234, 0, 0, NULL, NULL),
(92, 25, 1, '2018-04-30', '1510', '10092', 608.4, 0, 0, NULL, NULL),
(93, 25, 1, '2018-04-30', '1510', '10093', 8985.6, 0, 0, NULL, NULL),
(94, 25, 1, '2018-04-30', '1510', '10094', 11255.4, 0, 0, NULL, NULL),
(95, 25, 1, '2018-04-30', '1510', '10095', 1521, 0, 0, NULL, NULL),
(96, 25, 1, '2018-04-30', '1510', '10096', 12355.2, 0, 0, NULL, NULL),
(97, 25, 1, '2018-04-30', '1510', '10097', 1497.6, 0, 0, NULL, NULL),
(98, 25, 1, '2018-04-30', '1510', '10098', 13384.8, 0, 0, NULL, NULL),
(99, 25, 1, '2018-04-30', '1510', '10099', 1872, 0, 0, NULL, NULL),
(100, 25, 1, '2018-04-30', '1510', '10100', 7605, 0, 0, NULL, NULL),
(101, 25, 1, '2018-04-30', '1510', '10101', 2340, 0, 0, NULL, NULL),
(102, 25, 1, '2018-04-30', '1510', '10102', 702, 0, 0, NULL, NULL),
(103, 25, 1, '2018-04-30', '1510', '10103', 1404, 0, 0, NULL, NULL),
(104, 25, 1, '2018-04-30', '1510', '10104', 1825.2, 0, 0, NULL, NULL),
(105, 25, 1, '2018-04-30', '1510', '10105', 327.6, 0, 0, NULL, NULL),
(106, 25, 1, '2018-04-30', '1510', '10106', 19266, 0, 0, NULL, NULL),
(107, 25, 1, '2018-04-30', '1510', '10107', 585, 0, 0, NULL, NULL),
(108, 25, 1, '2018-04-30', '1510', '10108', 11793.6, 0, 0, NULL, NULL),
(109, 25, 1, '2018-04-30', '1510', '10109', 936, 0, 0, NULL, NULL),
(110, 25, 1, '2018-04-30', '1510', '10110', 13899.6, 0, 0, NULL, NULL),
(111, 25, 1, '2018-04-30', '1510', '10111', 7160.4, 0, 0, NULL, NULL),
(112, 25, 1, '2018-04-30', '1510', '10112', 3369.6, 0, 0, NULL, NULL),
(113, 25, 1, '2018-04-30', '1510', '10113', 23166, 0, 0, NULL, NULL),
(114, 25, 1, '2018-04-30', '1510', '10114', 1638, 0, 0, NULL, NULL),
(115, 25, 1, '2018-04-30', '1510', '10115', 11466, 0, 0, NULL, NULL),
(116, 25, 1, '2018-04-30', '1510', '10116', 14040, 0, 0, NULL, NULL),
(117, 25, 1, '2018-04-30', '1510', '10117', 7020, 0, 0, NULL, NULL),
(118, 25, 1, '2018-04-30', '1510', '10118', 13993.2, 0, 0, NULL, NULL),
(119, 25, 1, '2018-04-30', '1510', '10119', 10822.5, 0, 0, NULL, NULL),
(120, 25, 1, '2018-04-30', '1510', '10120', 7897.5, 0, 0, NULL, NULL),
(121, 25, 1, '2018-04-30', '1510', '10121', 10081.5, 0, 0, NULL, NULL),
(122, 25, 1, '2018-04-30', '1510', '10122', 8794.5, 0, 0, NULL, NULL),
(123, 25, 1, '2018-04-30', '1510', '10123', 2340, 0, 0, NULL, NULL),
(124, 25, 1, '2018-04-30', '1510', '10124', 9126, 0, 0, NULL, NULL),
(125, 25, 1, '2018-04-30', '1510', '10125', 5382, 0, 0, NULL, NULL),
(126, 25, 1, '2018-04-30', '1510', '10126', 97858.8, 0, 0, NULL, NULL),
(127, 25, 1, '2018-04-30', '1510', '10127', 31449.6, 0, 0, NULL, NULL),
(128, 25, 1, '2018-04-30', '1510', '10128', 38188.8, 0, 0, NULL, NULL),
(129, 25, 1, '2018-04-30', '1510', '10129', 13104, 0, 0, NULL, NULL),
(130, 25, 1, '2018-04-30', '1510', '10130', 26395.2, 0, 0, NULL, NULL),
(131, 25, 1, '2018-04-30', '1510', '10131', 18532.8, 0, 0, NULL, NULL),
(132, 25, 1, '2018-04-30', '1510', '10132', 84942, 0, 0, NULL, NULL),
(133, 25, 1, '2018-04-30', '1510', '10133', 55419, 0, 0, NULL, NULL),
(134, 25, 1, '2018-04-30', '1510', '10134', 3510, 0, 0, NULL, NULL),
(135, 25, 1, '2018-04-30', '1510', '10135', 3510, 0, 0, NULL, NULL),
(136, 25, 1, '2018-04-30', '1510', '10136', 9360, 0, 0, NULL, NULL),
(137, 25, 1, '2018-04-30', '1510', '10137', 702, 0, 0, NULL, NULL),
(138, 25, 1, '2018-04-30', '1510', '10138', 737.1, 0, 0, NULL, NULL),
(139, 25, 1, '2018-04-30', '1510', '10139', 842.4, 0, 0, NULL, NULL),
(140, 25, 1, '2018-04-30', '1510', '10140', 202.8, 0, 0, NULL, NULL),
(141, 25, 1, '2018-04-30', '1510', '10141', 2340, 0, 0, NULL, NULL),
(142, 25, 1, '2018-04-30', '1510', '10142', 2340, 0, 0, NULL, NULL),
(143, 25, 1, '2018-04-30', '1510', '10143', 1170, 0, 0, NULL, NULL),
(144, 25, 1, '2018-04-30', '1510', '10144', 1170, 0, 0, NULL, NULL),
(145, 25, 1, '2018-04-30', '1510', '10145', 1170, 0, 0, NULL, NULL),
(146, 25, 1, '2018-04-30', '1510', '10146', 2340, 0, 0, NULL, NULL),
(147, 25, 1, '2018-04-30', '1510', '10147', 1170, 0, 0, NULL, NULL),
(148, 25, 1, '2018-04-30', '1510', '10148', 3744, 0, 0, NULL, NULL),
(149, 25, 1, '2018-04-30', '1510', '10149', 4212, 0, 0, NULL, NULL),
(150, 25, 1, '2018-04-30', '1510', '10150', 27612, 0, 0, NULL, NULL),
(151, 25, 1, '2018-04-30', '1510', '10151', 7020, 0, 0, NULL, NULL),
(152, 25, 1, '2018-04-30', '1510', '10152', 20124, 0, 0, NULL, NULL),
(153, 25, 1, '2018-04-30', '1510', '10153', 2808, 0, 0, NULL, NULL),
(154, 25, 1, '2018-04-30', '1510', '10154', 5148, 0, 0, NULL, NULL),
(155, 25, 1, '2018-04-30', '1510', '10155', 4680, 0, 0, NULL, NULL),
(156, 25, 1, '2018-04-30', '1510', '10156', 4258.8, 0, 0, NULL, NULL),
(157, 25, 1, '2018-04-30', '1510', '10157', 2293.2, 0, 0, NULL, NULL),
(158, 25, 1, '2018-04-30', '1510', '10158', 10810.8, 0, 0, NULL, NULL),
(159, 25, 1, '2018-04-30', '1510', '10159', 12121.2, 0, 0, NULL, NULL),
(160, 25, 1, '2018-04-30', '1510', '10160', 9500.4, 0, 0, NULL, NULL),
(161, 25, 1, '2018-04-30', '1510', '10161', 18252, 0, 0, NULL, NULL),
(162, 25, 1, '2018-04-30', '1510', '10162', 4914, 0, 0, NULL, NULL),
(163, 25, 1, '2018-04-30', '1510', '10163', 2106, 0, 0, NULL, NULL),
(164, 25, 1, '2018-04-30', '1510', '10164', 608.4, 0, 0, NULL, NULL),
(165, 25, 1, '2018-04-30', '1510', '10165', 1825.2, 0, 0, NULL, NULL),
(166, 25, 1, '2018-04-30', '1510', '10166', 982.8, 0, 0, NULL, NULL),
(167, 25, 1, '2018-04-30', '1510', '10167', 2145, 0, 0, NULL, NULL),
(168, 25, 1, '2018-04-30', '1510', '10168', 32448, 0, 0, NULL, NULL),
(169, 25, 1, '2018-04-30', '1510', '10169', 55770, 0, 0, NULL, NULL),
(170, 25, 1, '2018-04-30', '1510', '10170', 32448, 0, 0, NULL, NULL),
(171, 25, 1, '2018-04-30', '1510', '10171', 31941, 0, 0, NULL, NULL),
(172, 25, 1, '2018-04-30', '1510', '10172', 55770, 0, 0, NULL, NULL),
(173, 25, 1, '2018-04-30', '1510', '10173', 4338.75, 0, 0, NULL, NULL),
(174, 25, 1, '2018-04-30', '1510', '10174', 10608, 0, 0, NULL, NULL),
(175, 25, 1, '2018-04-30', '1510', '10175', 327.6, 0, 0, NULL, NULL),
(176, 25, 1, '2018-04-30', '1510', '10176', 8429.85, 0, 0, NULL, NULL),
(177, 25, 1, '2018-04-30', '1510', '10177', 444.6, 0, 0, NULL, NULL),
(178, 25, 1, '2018-04-30', '1510', '10178', 351, 0, 0, NULL, NULL),
(179, 25, 1, '2018-04-30', '1510', '10179', 109.2, 0, 0, NULL, NULL),
(180, 25, 1, '2018-04-30', '1510', '10180', 312, 0, 0, NULL, NULL),
(181, 25, 1, '2018-04-30', '1510', '10181', 234, 0, 0, NULL, NULL),
(182, 25, 1, '2018-04-30', '1510', '10182', 2106, 0, 0, NULL, NULL),
(183, 25, 1, '2018-04-30', '1510', '10183', 1029.6, 0, 0, NULL, NULL),
(184, 25, 1, '2018-04-30', '1510', '10184', 39, 0, 0, NULL, NULL),
(185, 25, 1, '2018-04-30', '1510', '10185', 374.4, 0, 0, NULL, NULL),
(186, 25, 1, '2018-04-30', '1510', '10186', 39, 0, 0, NULL, NULL),
(187, 25, 1, '2018-04-30', '1510', '10187', 2379, 0, 0, NULL, NULL),
(188, 25, 1, '2018-04-30', '1510', '10188', 624, 0, 0, NULL, NULL),
(189, 25, 1, '2018-04-30', '1510', '10189', 315.9, 0, 0, NULL, NULL),
(190, 25, 1, '2018-04-30', '1510', '10190', 1450.8, 0, 0, NULL, NULL),
(191, 25, 1, '2018-04-30', '1510', '10191', 1123.2, 0, 0, NULL, NULL),
(192, 25, 1, '2018-04-30', '1510', '10192', 71284.2, 0, 0, NULL, NULL),
(193, 25, 1, '2018-04-30', '1510', '10193', 25891.2, 0, 0, NULL, NULL),
(194, 25, 1, '2018-04-30', '1510', '10194', 250.13, 0, 0, NULL, NULL),
(195, 25, 1, '2018-04-30', '1510', '10195', 9396, 0, 0, NULL, NULL),
(196, 25, 1, '2018-04-30', '1510', '10196', 8091, 0, 0, NULL, NULL),
(197, 25, 1, '2018-04-30', '1510', '10197', 31341.75, 0, 0, NULL, NULL),
(198, 25, 1, '2018-04-30', '1510', '10198', 1413.75, 0, 0, NULL, NULL),
(199, 25, 1, '2018-04-30', '1510', '10199', 141.38, 0, 0, NULL, NULL),
(200, 25, 1, '2018-04-30', '1510', '10200', 1827, 0, 0, NULL, NULL),
(201, 25, 1, '2018-04-30', '1510', '10201', 1015, 0, 0, NULL, NULL),
(202, 25, 1, '2018-04-30', '1510', '10202', 556.8, 0, 0, NULL, NULL),
(203, 25, 1, '2018-04-30', '1510', '10203', 304.5, 0, 0, NULL, NULL),
(204, 25, 1, '2018-04-30', '1510', '10204', 495.9, 0, 0, NULL, NULL),
(205, 25, 1, '2018-04-30', '1510', '10205', 152.25, 0, 0, NULL, NULL),
(206, 25, 1, '2018-04-30', '1510', '10206', 287.1, 0, 0, NULL, NULL),
(207, 25, 1, '2018-04-30', '1510', '10207', 330.6, 0, 0, NULL, NULL),
(208, 25, 1, '2018-04-30', '1510', '10208', 8952.3, 0, 0, NULL, NULL),
(209, 25, 1, '2018-04-30', '1510', '10209', 1461.6, 0, 0, NULL, NULL),
(210, 25, 1, '2018-04-30', '1510', '10210', 1827, 0, 0, NULL, NULL),
(211, 25, 1, '2018-04-30', '1510', '10211', 7751.7, 0, 0, NULL, NULL),
(212, 25, 1, '2018-04-30', '1510', '10212', 16965, 0, 0, NULL, NULL),
(213, 25, 1, '2018-04-30', '1510', '10213', 22533, 0, 0, NULL, NULL),
(214, 25, 1, '2018-04-30', '1510', '10214', 152.25, 0, 0, NULL, NULL),
(215, 25, 1, '2018-04-30', '1510', '10215', 348, 0, 0, NULL, NULL),
(216, 25, 1, '2018-04-30', '1510', '10216', 1305, 0, 0, NULL, NULL),
(217, 25, 1, '2018-04-30', '1510', '10217', 1183.2, 0, 0, NULL, NULL),
(218, 25, 1, '2018-04-30', '1510', '10218', 65.25, 0, 0, NULL, NULL),
(219, 25, 1, '2018-04-30', '1510', '10219', 65.25, 0, 0, NULL, NULL),
(220, 25, 1, '2018-04-30', '1510', '10220', 19930.82, 0, 0, NULL, NULL),
(221, 25, 1, '2018-04-30', '1510', '10221', 482.16, 0, 0, NULL, NULL),
(222, 25, 1, '2018-04-30', '1510', '10222', 1663.96, 0, 0, NULL, NULL),
(223, 25, 1, '2018-04-30', '1510', '10223', 152.25, 0, 0, NULL, NULL),
(224, 25, 1, '2018-04-30', '1510', '10224', 5162, 0, 0, NULL, NULL),
(225, 25, 1, '2018-04-30', '1510', '10225', 348, 0, 0, NULL, NULL),
(226, 25, 1, '2018-04-30', '1510', '10226', 13268.72, 0, 0, NULL, NULL),
(227, 25, 1, '2018-04-30', '1510', '10227', 39.88, 0, 0, NULL, NULL),
(228, 25, 1, '2018-04-30', '1510', '10228', 326.25, 0, 0, NULL, NULL),
(229, 25, 1, '2018-04-30', '1510', '10229', 652.5, 0, 0, NULL, NULL),
(230, 25, 1, '2018-04-30', '1510', '10230', 1500.75, 0, 0, NULL, NULL),
(231, 25, 1, '2018-04-30', '1510', '10231', 97.88, 0, 0, NULL, NULL),
(232, 25, 1, '2018-04-30', '1510', '10232', 65.25, 0, 0, NULL, NULL),
(233, 25, 1, '2018-04-30', '1510', '10233', 1827, 0, 0, NULL, NULL),
(234, 25, 1, '2018-04-30', '1510', '10234', 221.85, 0, 0, NULL, NULL),
(235, 25, 1, '2018-04-30', '1510', '10235', 369.75, 0, 0, NULL, NULL),
(236, 25, 1, '2018-04-30', '1510', '10236', 862.75, 0, 0, NULL, NULL),
(237, 25, 1, '2018-04-30', '1510', '10237', 840, 0, 0, NULL, NULL),
(238, 25, 1, '2018-04-30', '1510', '10238', 23276.4, 0, 0, NULL, NULL),
(239, 25, 1, '2018-04-30', '1510', '10239', 25296.6, 0, 0, NULL, NULL),
(240, 25, 1, '2018-04-30', '1510', '10240', 330, 0, 0, NULL, NULL),
(241, 25, 1, '2018-04-30', '1550', '', -2689555.01, 0, 0, NULL, NULL),
(242, 20, 1, '2018-05-17', '1060', '', 0, 0, 0, NULL, NULL),
(243, 20, 1, '2018-05-17', '2100', '', 0, 0, 0, 3, 0x31),
(244, 20, 1, '2018-05-17', '1550', '', 0, 0, 0, NULL, NULL),
(245, 20, 1, '2018-05-17', '1550', '', 0, 0, 0, NULL, NULL),
(246, 20, 1, '2018-05-17', '1550', '', 0, 0, 0, NULL, NULL),
(247, 20, 1, '2018-05-17', '1550', '', 0, 0, 0, NULL, NULL),
(248, 20, 1, '2018-05-17', '1550', '', 0, 0, 0, NULL, NULL),
(249, 20, 1, '2018-05-17', '1550', '', 0, 0, 0, NULL, NULL),
(250, 20, 1, '2018-05-17', '1550', '', 0, 0, 0, NULL, NULL),
(251, 20, 1, '2018-05-17', '1550', '', 0, 0, 0, NULL, NULL),
(252, 20, 1, '2018-05-17', '1550', '', 0, 0, 0, NULL, NULL),
(253, 20, 1, '2018-05-17', '1550', '', 0, 0, 0, NULL, NULL),
(254, 20, 1, '2018-05-17', '1550', '', 0, 0, 0, NULL, NULL),
(255, 20, 1, '2018-05-17', '1550', '', 0, 0, 0, NULL, NULL),
(256, 20, 1, '2018-05-17', '1550', '', 0, 0, 0, NULL, NULL),
(257, 20, 1, '2018-05-17', '1550', '', 0, 0, 0, NULL, NULL),
(258, 20, 1, '2018-05-17', '1550', '', 0, 0, 0, NULL, NULL),
(259, 20, 1, '2018-05-17', '1550', '', 0, 0, 0, NULL, NULL),
(260, 20, 1, '2018-05-17', '1550', '', 0, 0, 0, NULL, NULL),
(261, 20, 1, '2018-05-17', '1550', '', 0, 0, 0, NULL, NULL),
(262, 20, 1, '2018-05-17', '1550', '', 0, 0, 0, NULL, NULL),
(263, 20, 1, '2018-05-17', '1550', '', 0, 0, 0, NULL, NULL),
(264, 20, 1, '2018-05-17', '1550', '', 0, 0, 0, NULL, NULL),
(265, 20, 1, '2018-05-17', '1550', '', 0, 0, 0, NULL, NULL),
(266, 20, 1, '2018-05-17', '1550', '', 0, 0, 0, NULL, NULL),
(267, 20, 1, '2018-05-17', '1550', '', 0, 0, 0, NULL, NULL),
(268, 20, 1, '2018-05-17', '1550', '', 0, 0, 0, NULL, NULL),
(269, 20, 1, '2018-05-17', '1550', '', 0, 0, 0, NULL, NULL),
(270, 20, 1, '2018-05-17', '1550', '', 0, 0, 0, NULL, NULL),
(271, 20, 1, '2018-05-17', '1550', '', 0, 0, 0, NULL, NULL),
(272, 20, 1, '2018-05-17', '1550', '', 0, 0, 0, NULL, NULL),
(273, 20, 1, '2018-05-17', '1550', '', 0, 0, 0, NULL, NULL),
(274, 20, 1, '2018-05-17', '1550', '', 0, 0, 0, NULL, NULL),
(275, 20, 1, '2018-05-17', '1550', '', 0, 0, 0, NULL, NULL),
(276, 20, 1, '2018-05-17', '1550', '', 0, 0, 0, NULL, NULL),
(277, 20, 1, '2018-05-17', '1550', '', 0, 0, 0, NULL, NULL),
(278, 20, 1, '2018-05-17', '1550', '', 0, 0, 0, NULL, NULL),
(279, 20, 1, '2018-05-17', '1550', '', 0, 0, 0, NULL, NULL),
(280, 20, 1, '2018-05-17', '1550', '', 0, 0, 0, NULL, NULL),
(281, 20, 1, '2018-05-17', '1550', '', 0, 0, 0, NULL, NULL),
(282, 20, 1, '2018-05-17', '1550', '', 0, 0, 0, NULL, NULL),
(283, 20, 1, '2018-05-17', '1550', '', 0, 0, 0, NULL, NULL),
(284, 20, 1, '2018-05-17', '1550', '', 0, 0, 0, NULL, NULL),
(285, 20, 1, '2018-05-17', '1550', '', 0, 0, 0, NULL, NULL),
(286, 20, 1, '2018-05-17', '1550', '', 0, 0, 0, NULL, NULL),
(287, 20, 1, '2018-05-17', '1550', '', 0, 0, 0, NULL, NULL),
(288, 20, 1, '2018-05-17', '1550', '', 0, 0, 0, NULL, NULL),
(289, 20, 1, '2018-05-17', '1550', '', 0, 0, 0, NULL, NULL),
(290, 20, 1, '2018-05-17', '1550', '', 0, 0, 0, NULL, NULL),
(291, 20, 1, '2018-05-17', '1550', '', 0, 0, 0, NULL, NULL),
(292, 20, 1, '2018-05-17', '1550', '', 0, 0, 0, NULL, NULL),
(293, 20, 1, '2018-05-17', '1550', '', 0, 0, 0, NULL, NULL),
(294, 20, 1, '2018-05-17', '1550', '', 0, 0, 0, NULL, NULL),
(295, 20, 1, '2018-05-17', '1550', '', 0, 0, 0, NULL, NULL),
(296, 20, 1, '2018-05-17', '1550', '', 0, 0, 0, NULL, NULL),
(297, 20, 1, '2018-05-17', '1550', '', 0, 0, 0, NULL, NULL),
(298, 20, 1, '2018-05-17', '1550', '', 0, 0, 0, NULL, NULL),
(299, 20, 1, '2018-05-17', '1550', '', 0, 0, 0, NULL, NULL),
(300, 20, 1, '2018-05-17', '1550', '', 0, 0, 0, NULL, NULL),
(301, 20, 1, '2018-05-17', '1550', '', 0, 0, 0, NULL, NULL),
(302, 20, 1, '2018-05-17', '1550', '', 0, 0, 0, NULL, NULL),
(303, 20, 1, '2018-05-17', '1550', '', 0, 0, 0, NULL, NULL),
(304, 20, 1, '2018-05-17', '1550', '', 0, 0, 0, NULL, NULL),
(305, 20, 1, '2018-05-17', '1550', '', 0, 0, 0, NULL, NULL),
(306, 20, 1, '2018-05-17', '1550', '', 0, 0, 0, NULL, NULL),
(307, 20, 1, '2018-05-17', '1550', '', 0, 0, 0, NULL, NULL),
(308, 20, 1, '2018-05-17', '1550', '', 0, 0, 0, NULL, NULL),
(309, 20, 1, '2018-05-17', '1550', '', 0, 0, 0, NULL, NULL),
(310, 20, 1, '2018-05-17', '1550', '', 0, 0, 0, NULL, NULL),
(311, 20, 1, '2018-05-17', '1550', '', 0, 0, 0, NULL, NULL),
(312, 20, 1, '2018-05-17', '1550', '', 0, 0, 0, NULL, NULL),
(313, 20, 1, '2018-05-17', '1550', '', 0, 0, 0, NULL, NULL),
(314, 20, 1, '2018-05-17', '1550', '', 0, 0, 0, NULL, NULL),
(315, 20, 1, '2018-05-17', '1550', '', 0, 0, 0, NULL, NULL),
(316, 20, 1, '2018-05-17', '1550', '', 0, 0, 0, NULL, NULL),
(317, 20, 1, '2018-05-17', '1550', '', 0, 0, 0, NULL, NULL),
(318, 20, 1, '2018-05-17', '1550', '', 0, 0, 0, NULL, NULL),
(319, 20, 1, '2018-05-17', '1550', '', 0, 0, 0, NULL, NULL),
(320, 20, 1, '2018-05-17', '1550', '', 0, 0, 0, NULL, NULL),
(321, 20, 1, '2018-05-17', '1550', '', 0, 0, 0, NULL, NULL),
(322, 20, 1, '2018-05-17', '1550', '', 0, 0, 0, NULL, NULL),
(323, 20, 1, '2018-05-17', '1550', '', 0, 0, 0, NULL, NULL),
(324, 20, 1, '2018-05-17', '1550', '', 0, 0, 0, NULL, NULL),
(325, 20, 1, '2018-05-17', '1550', '', 0, 0, 0, NULL, NULL),
(326, 20, 1, '2018-05-17', '1550', '', 0, 0, 0, NULL, NULL),
(327, 20, 1, '2018-05-17', '1550', '', 0, 0, 0, NULL, NULL),
(328, 20, 1, '2018-05-17', '1550', '', 0, 0, 0, NULL, NULL),
(329, 20, 1, '2018-05-17', '1550', '', 0, 0, 0, NULL, NULL),
(330, 20, 1, '2018-05-17', '1550', '', 0, 0, 0, NULL, NULL),
(331, 20, 1, '2018-05-17', '1550', '', 0, 0, 0, NULL, NULL),
(332, 20, 1, '2018-05-17', '1550', '', 0, 0, 0, NULL, NULL),
(333, 20, 1, '2018-05-17', '1550', '', 0, 0, 0, NULL, NULL),
(334, 20, 1, '2018-05-17', '1550', '', 0, 0, 0, NULL, NULL),
(335, 20, 1, '2018-05-17', '1550', '', 0, 0, 0, NULL, NULL),
(336, 20, 1, '2018-05-17', '1550', '', 0, 0, 0, NULL, NULL),
(337, 20, 1, '2018-05-17', '1550', '', 0, 0, 0, NULL, NULL),
(338, 20, 1, '2018-05-17', '1550', '', 0, 0, 0, NULL, NULL),
(339, 20, 1, '2018-05-17', '1550', '', 0, 0, 0, NULL, NULL),
(340, 20, 1, '2018-05-17', '1550', '', 0, 0, 0, NULL, NULL),
(341, 20, 1, '2018-05-17', '1550', '', 0, 0, 0, NULL, NULL),
(342, 20, 1, '2018-05-17', '1550', '', 0, 0, 0, NULL, NULL),
(343, 20, 1, '2018-05-17', '1550', '', 0, 0, 0, NULL, NULL),
(344, 20, 1, '2018-05-17', '1550', '', 0, 0, 0, NULL, NULL),
(345, 20, 1, '2018-05-17', '1550', '', 0, 0, 0, NULL, NULL),
(346, 20, 1, '2018-05-17', '1550', '', 0, 0, 0, NULL, NULL),
(347, 20, 1, '2018-05-17', '1550', '', 0, 0, 0, NULL, NULL),
(348, 20, 1, '2018-05-17', '1550', '', 0, 0, 0, NULL, NULL),
(349, 20, 1, '2018-05-17', '1550', '', 0, 0, 0, NULL, NULL),
(350, 20, 1, '2018-05-17', '1550', '', 0, 0, 0, NULL, NULL),
(351, 20, 1, '2018-05-17', '1550', '', 0, 0, 0, NULL, NULL),
(352, 20, 1, '2018-05-17', '1550', '', 0, 0, 0, NULL, NULL),
(353, 20, 1, '2018-05-17', '1550', '', 0, 0, 0, NULL, NULL),
(354, 20, 1, '2018-05-17', '1550', '', 0, 0, 0, NULL, NULL),
(355, 20, 1, '2018-05-17', '1550', '', 0, 0, 0, NULL, NULL),
(356, 20, 1, '2018-05-17', '1550', '', 0, 0, 0, NULL, NULL),
(357, 20, 1, '2018-05-17', '1550', '', 0, 0, 0, NULL, NULL),
(358, 20, 1, '2018-05-17', '1550', '', 0, 0, 0, NULL, NULL),
(359, 20, 1, '2018-05-17', '1550', '', 0, 0, 0, NULL, NULL),
(360, 20, 1, '2018-05-17', '1550', '', 0, 0, 0, NULL, NULL),
(361, 20, 1, '2018-05-17', '1550', '', 0, 0, 0, NULL, NULL),
(362, 20, 1, '2018-05-17', '1550', '', 0, 0, 0, NULL, NULL),
(363, 20, 1, '2018-05-17', '1550', '', 0, 0, 0, NULL, NULL),
(364, 20, 1, '2018-05-17', '1550', '', 0, 0, 0, NULL, NULL),
(365, 20, 1, '2018-05-17', '1550', '', 0, 0, 0, NULL, NULL),
(366, 20, 1, '2018-05-17', '1550', '', 0, 0, 0, NULL, NULL),
(367, 20, 1, '2018-05-17', '1550', '', 0, 0, 0, NULL, NULL),
(368, 20, 1, '2018-05-17', '1550', '', 0, 0, 0, NULL, NULL),
(369, 20, 1, '2018-05-17', '1550', '', 0, 0, 0, NULL, NULL),
(370, 20, 1, '2018-05-17', '1550', '', 0, 0, 0, NULL, NULL),
(371, 20, 1, '2018-05-17', '1550', '', 0, 0, 0, NULL, NULL),
(372, 20, 1, '2018-05-17', '1550', '', 0, 0, 0, NULL, NULL),
(373, 20, 1, '2018-05-17', '1550', '', 0, 0, 0, NULL, NULL),
(374, 20, 1, '2018-05-17', '1550', '', 0, 0, 0, NULL, NULL),
(375, 20, 1, '2018-05-17', '1550', '', 0, 0, 0, NULL, NULL),
(376, 20, 1, '2018-05-17', '1550', '', 0, 0, 0, NULL, NULL),
(377, 20, 1, '2018-05-17', '1550', '', 0, 0, 0, NULL, NULL),
(378, 20, 1, '2018-05-17', '1550', '', 0, 0, 0, NULL, NULL),
(379, 20, 1, '2018-05-17', '1550', '', 0, 0, 0, NULL, NULL),
(380, 20, 1, '2018-05-17', '1550', '', 0, 0, 0, NULL, NULL),
(381, 20, 1, '2018-05-17', '1550', '', 0, 0, 0, NULL, NULL),
(382, 20, 1, '2018-05-17', '1550', '', 0, 0, 0, NULL, NULL),
(383, 20, 1, '2018-05-17', '1550', '', 0, 0, 0, NULL, NULL),
(384, 20, 1, '2018-05-17', '1550', '', 0, 0, 0, NULL, NULL),
(385, 20, 1, '2018-05-17', '1550', '', 0, 0, 0, NULL, NULL),
(386, 20, 1, '2018-05-17', '1550', '', 0, 0, 0, NULL, NULL),
(387, 20, 1, '2018-05-17', '1550', '', 0, 0, 0, NULL, NULL),
(388, 20, 1, '2018-05-17', '1550', '', 0, 0, 0, NULL, NULL),
(389, 20, 1, '2018-05-17', '1550', '', 0, 0, 0, NULL, NULL),
(390, 20, 1, '2018-05-17', '1550', '', 0, 0, 0, NULL, NULL),
(391, 20, 1, '2018-05-17', '1550', '', 0, 0, 0, NULL, NULL),
(392, 20, 1, '2018-05-17', '1550', '', 0, 0, 0, NULL, NULL),
(393, 20, 1, '2018-05-17', '1550', '', 0, 0, 0, NULL, NULL),
(394, 20, 1, '2018-05-17', '1550', '', 0, 0, 0, NULL, NULL),
(395, 20, 1, '2018-05-17', '1550', '', 0, 0, 0, NULL, NULL),
(396, 20, 1, '2018-05-17', '1550', '', 0, 0, 0, NULL, NULL),
(397, 20, 1, '2018-05-17', '1550', '', 0, 0, 0, NULL, NULL),
(398, 20, 1, '2018-05-17', '1550', '', 0, 0, 0, NULL, NULL),
(399, 20, 1, '2018-05-17', '1550', '', 0, 0, 0, NULL, NULL),
(400, 20, 1, '2018-05-17', '1550', '', 0, 0, 0, NULL, NULL),
(401, 20, 1, '2018-05-17', '1550', '', 0, 0, 0, NULL, NULL),
(402, 20, 1, '2018-05-17', '1550', '', 0, 0, 0, NULL, NULL),
(403, 20, 1, '2018-05-17', '1550', '', 0, 0, 0, NULL, NULL),
(404, 20, 1, '2018-05-17', '1550', '', 0, 0, 0, NULL, NULL),
(405, 20, 1, '2018-05-17', '1550', '', 0, 0, 0, NULL, NULL),
(406, 20, 1, '2018-05-17', '1550', '', 0, 0, 0, NULL, NULL),
(407, 20, 1, '2018-05-17', '1550', '', 0, 0, 0, NULL, NULL),
(408, 20, 1, '2018-05-17', '1550', '', 0, 0, 0, NULL, NULL),
(409, 20, 1, '2018-05-17', '1550', '', 0, 0, 0, NULL, NULL),
(410, 20, 1, '2018-05-17', '1550', '', 0, 0, 0, NULL, NULL),
(411, 20, 1, '2018-05-17', '1550', '', 0, 0, 0, NULL, NULL),
(412, 20, 1, '2018-05-17', '1550', '', 0, 0, 0, NULL, NULL),
(413, 20, 1, '2018-05-17', '1550', '', 0, 0, 0, NULL, NULL),
(414, 20, 1, '2018-05-17', '1550', '', 0, 0, 0, NULL, NULL),
(415, 20, 1, '2018-05-17', '1550', '', 0, 0, 0, NULL, NULL),
(416, 20, 1, '2018-05-17', '1550', '', 0, 0, 0, NULL, NULL),
(417, 20, 1, '2018-05-17', '1550', '', 0, 0, 0, NULL, NULL),
(418, 20, 1, '2018-05-17', '1550', '', 0, 0, 0, NULL, NULL),
(419, 20, 1, '2018-05-17', '1550', '', 0, 0, 0, NULL, NULL),
(420, 20, 1, '2018-05-17', '1550', '', 0, 0, 0, NULL, NULL),
(421, 20, 1, '2018-05-17', '1550', '', 0, 0, 0, NULL, NULL),
(422, 20, 1, '2018-05-17', '1550', '', 0, 0, 0, NULL, NULL),
(423, 20, 1, '2018-05-17', '1550', '', 0, 0, 0, NULL, NULL),
(424, 20, 1, '2018-05-17', '1550', '', 0, 0, 0, NULL, NULL),
(425, 20, 1, '2018-05-17', '1550', '', 0, 0, 0, NULL, NULL),
(426, 20, 1, '2018-05-17', '1550', '', 0, 0, 0, NULL, NULL),
(427, 20, 1, '2018-05-17', '1550', '', 0, 0, 0, NULL, NULL),
(428, 20, 1, '2018-05-17', '1550', '', 0, 0, 0, NULL, NULL),
(429, 20, 1, '2018-05-17', '1550', '', 0, 0, 0, NULL, NULL),
(430, 20, 1, '2018-05-17', '1550', '', 0, 0, 0, NULL, NULL),
(431, 20, 1, '2018-05-17', '1550', '', 0, 0, 0, NULL, NULL),
(432, 20, 1, '2018-05-17', '1550', '', 0, 0, 0, NULL, NULL),
(433, 20, 1, '2018-05-17', '1550', '', 0, 0, 0, NULL, NULL),
(434, 20, 1, '2018-05-17', '1550', '', 0, 0, 0, NULL, NULL),
(435, 20, 1, '2018-05-17', '1550', '', 0, 0, 0, NULL, NULL),
(436, 20, 1, '2018-05-17', '1550', '', 0, 0, 0, NULL, NULL),
(437, 20, 1, '2018-05-17', '1550', '', 0, 0, 0, NULL, NULL),
(438, 20, 1, '2018-05-17', '1550', '', 0, 0, 0, NULL, NULL),
(439, 20, 1, '2018-05-17', '1550', '', 0, 0, 0, NULL, NULL),
(440, 20, 1, '2018-05-17', '1550', '', 0, 0, 0, NULL, NULL),
(441, 20, 1, '2018-05-17', '1550', '', 0, 0, 0, NULL, NULL),
(442, 20, 1, '2018-05-17', '1550', '', 0, 0, 0, NULL, NULL),
(443, 20, 1, '2018-05-17', '1550', '', 0, 0, 0, NULL, NULL),
(444, 20, 1, '2018-05-17', '1550', '', 0, 0, 0, NULL, NULL),
(445, 20, 1, '2018-05-17', '1550', '', 0, 0, 0, NULL, NULL),
(446, 20, 1, '2018-05-17', '1550', '', 0, 0, 0, NULL, NULL),
(447, 20, 1, '2018-05-17', '1550', '', 0, 0, 0, NULL, NULL),
(448, 20, 1, '2018-05-17', '1550', '', 0, 0, 0, NULL, NULL),
(449, 20, 1, '2018-05-17', '1550', '', 0, 0, 0, NULL, NULL),
(450, 20, 1, '2018-05-17', '1550', '', 0, 0, 0, NULL, NULL),
(451, 20, 1, '2018-05-17', '1550', '', 0, 0, 0, NULL, NULL),
(452, 20, 1, '2018-05-17', '1550', '', 0, 0, 0, NULL, NULL),
(453, 20, 1, '2018-05-17', '1550', '', 0, 0, 0, NULL, NULL),
(454, 20, 1, '2018-05-17', '1550', '', 0, 0, 0, NULL, NULL),
(455, 20, 1, '2018-05-17', '1550', '', 0, 0, 0, NULL, NULL),
(456, 20, 1, '2018-05-17', '1550', '', 0, 0, 0, NULL, NULL),
(457, 20, 1, '2018-05-17', '1550', '', 0, 0, 0, NULL, NULL),
(458, 20, 1, '2018-05-17', '1550', '', 0, 0, 0, NULL, NULL),
(459, 20, 1, '2018-05-17', '1550', '', 0, 0, 0, NULL, NULL),
(460, 20, 1, '2018-05-17', '1550', '', 0, 0, 0, NULL, NULL),
(461, 20, 1, '2018-05-17', '1550', '', 0, 0, 0, NULL, NULL),
(462, 20, 1, '2018-05-17', '1550', '', 0, 0, 0, NULL, NULL),
(463, 20, 1, '2018-05-17', '1550', '', 0, 0, 0, NULL, NULL),
(464, 20, 1, '2018-05-17', '1550', '', 0, 0, 0, NULL, NULL),
(465, 20, 1, '2018-05-17', '1550', '', 0, 0, 0, NULL, NULL),
(466, 20, 1, '2018-05-17', '1550', '', 0, 0, 0, NULL, NULL),
(467, 20, 1, '2018-05-17', '1550', '', 0, 0, 0, NULL, NULL),
(468, 20, 1, '2018-05-17', '1550', '', 0, 0, 0, NULL, NULL),
(469, 20, 1, '2018-05-17', '1550', '', 0, 0, 0, NULL, NULL),
(470, 20, 1, '2018-05-17', '1550', '', 0, 0, 0, NULL, NULL),
(471, 20, 1, '2018-05-17', '1550', '', 0, 0, 0, NULL, NULL),
(472, 20, 1, '2018-05-17', '1550', '', 0, 0, 0, NULL, NULL),
(473, 20, 1, '2018-05-17', '1550', '', 0, 0, 0, NULL, NULL),
(474, 20, 1, '2018-05-17', '1550', '', 0, 0, 0, NULL, NULL),
(475, 20, 1, '2018-05-17', '1550', '', 0, 0, 0, NULL, NULL),
(476, 20, 1, '2018-05-17', '1550', '', 0, 0, 0, NULL, NULL),
(477, 20, 1, '2018-05-17', '1550', '', 0, 0, 0, NULL, NULL),
(478, 20, 1, '2018-05-17', '1550', '', 0, 0, 0, NULL, NULL),
(479, 20, 1, '2018-05-17', '1550', '', 0, 0, 0, NULL, NULL),
(480, 20, 1, '2018-05-17', '1550', '', 0, 0, 0, NULL, NULL),
(481, 20, 1, '2018-05-17', '1550', '', 0, 0, 0, NULL, NULL),
(482, 20, 1, '2018-05-17', '1550', '', 0, 0, 0, NULL, NULL),
(483, 20, 1, '2018-05-17', '1550', '', 0, 0, 0, NULL, NULL),
(484, 25, 2, '2018-04-30', '1510', '10241', 10912, 0, 0, NULL, NULL),
(485, 25, 2, '2018-04-30', '1510', '10242', 4608, 0, 0, NULL, NULL),
(486, 25, 2, '2018-04-30', '1510', '10243', 1536, 0, 0, NULL, NULL),
(487, 25, 2, '2018-04-30', '1510', '10244', 1248, 0, 0, NULL, NULL),
(488, 25, 2, '2018-04-30', '1510', '10245', 16224, 0, 0, NULL, NULL),
(489, 25, 2, '2018-04-30', '1510', '10246', 2912, 0, 0, NULL, NULL),
(490, 25, 2, '2018-04-30', '1510', '10247', 2496, 0, 0, NULL, NULL),
(491, 25, 2, '2018-04-30', '1510', '10248', 896, 0, 0, NULL, NULL),
(492, 25, 2, '2018-04-30', '1510', '10249', 3024, 0, 0, NULL, NULL),
(493, 25, 2, '2018-04-30', '1510', '10250', 5168, 0, 0, NULL, NULL),
(494, 25, 2, '2018-04-30', '1510', '10251', 14560, 0, 0, NULL, NULL),
(495, 25, 2, '2018-04-30', '1510', '10252', 576, 0, 0, NULL, NULL),
(496, 25, 2, '2018-04-30', '1510', '10253', 352, 0, 0, NULL, NULL),
(497, 25, 2, '2018-04-30', '1510', '10254', 7904, 0, 0, NULL, NULL),
(498, 25, 2, '2018-04-30', '1510', '10255', 12144, 0, 0, NULL, NULL),
(499, 25, 2, '2018-04-30', '1510', '10256', 400, 0, 0, NULL, NULL),
(500, 25, 2, '2018-04-30', '1510', '10257', 7280, 0, 0, NULL, NULL),
(501, 25, 2, '2018-04-30', '1510', '10258', 448, 0, 0, NULL, NULL),
(502, 25, 2, '2018-04-30', '1510', '10259', 2400, 0, 0, NULL, NULL),
(503, 25, 2, '2018-04-30', '1510', '10260', 1600, 0, 0, NULL, NULL),
(504, 25, 2, '2018-04-30', '1510', '10261', 5004.8, 0, 0, NULL, NULL),
(505, 25, 2, '2018-04-30', '1510', '10262', 29811.2, 0, 0, NULL, NULL),
(506, 25, 2, '2018-04-30', '1510', '10263', 18278.4, 0, 0, NULL, NULL),
(507, 25, 2, '2018-04-30', '1510', '10264', 6240, 0, 0, NULL, NULL),
(508, 25, 2, '2018-04-30', '1510', '10265', 1382.4, 0, 0, NULL, NULL),
(509, 25, 2, '2018-04-30', '1510', '10266', 8928, 0, 0, NULL, NULL),
(510, 25, 2, '2018-04-30', '1510', '10267', 24480, 0, 0, NULL, NULL),
(511, 25, 2, '2018-04-30', '1510', '10268', 6144, 0, 0, NULL, NULL),
(512, 25, 2, '2018-04-30', '1510', '10269', 10560, 0, 0, NULL, NULL),
(513, 25, 2, '2018-04-30', '1510', '10270', 33440, 0, 0, NULL, NULL),
(514, 25, 2, '2018-04-30', '1510', '10271', 21120, 0, 0, NULL, NULL),
(515, 25, 2, '2018-04-30', '1510', '10272', 4416, 0, 0, NULL, NULL),
(516, 25, 2, '2018-04-30', '1510', '10274', 4032, 0, 0, NULL, NULL),
(517, 25, 2, '2018-04-30', '1510', '10275', 8800, 0, 0, NULL, NULL),
(518, 25, 2, '2018-04-30', '1510', '10276', 12320, 0, 0, NULL, NULL),
(519, 25, 2, '2018-04-30', '1510', '10277', 3584, 0, 0, NULL, NULL),
(520, 25, 2, '2018-04-30', '1510', '10278', 4176, 0, 0, NULL, NULL),
(521, 25, 2, '2018-04-30', '1510', '10279', 13456, 0, 0, NULL, NULL),
(522, 25, 2, '2018-04-30', '1510', '10280', 24592, 0, 0, NULL, NULL),
(523, 25, 2, '2018-04-30', '1510', '10281', 47792, 0, 0, NULL, NULL),
(524, 25, 2, '2018-04-30', '1510', '10282', 51040, 0, 0, NULL, NULL),
(525, 25, 2, '2018-04-30', '1510', '10283', 32016, 0, 0, NULL, NULL),
(526, 25, 2, '2018-04-30', '1510', '10284', 832, 0, 0, NULL, NULL),
(527, 25, 2, '2018-04-30', '1510', '10285', 864, 0, 0, NULL, NULL),
(528, 25, 2, '2018-04-30', '1510', '10286', 416, 0, 0, NULL, NULL),
(529, 25, 2, '2018-04-30', '1510', '10287', 864, 0, 0, NULL, NULL),
(530, 25, 2, '2018-04-30', '1510', '10288', 3024, 0, 0, NULL, NULL),
(531, 25, 2, '2018-04-30', '1510', '10289', 17472, 0, 0, NULL, NULL),
(532, 25, 2, '2018-04-30', '1510', '10290', 2496, 0, 0, NULL, NULL),
(533, 25, 2, '2018-04-30', '1510', '10291', 16368, 0, 0, NULL, NULL),
(534, 25, 2, '2018-04-30', '1510', '10292', 22176, 0, 0, NULL, NULL),
(535, 25, 2, '2018-04-30', '1510', '10293', 60928, 0, 0, NULL, NULL),
(536, 25, 2, '2018-04-30', '1510', '10294', 62496, 0, 0, NULL, NULL),
(537, 25, 2, '2018-04-30', '1510', '10295', 32480, 0, 0, NULL, NULL),
(538, 25, 2, '2018-04-30', '1510', '10296', 21728, 0, 0, NULL, NULL),
(539, 25, 2, '2018-04-30', '1510', '10297', 29120, 0, 0, NULL, NULL),
(540, 25, 2, '2018-04-30', '1510', '10298', 42720, 0, 0, NULL, NULL),
(541, 25, 2, '2018-04-30', '1510', '10299', 10752, 0, 0, NULL, NULL),
(542, 25, 2, '2018-04-30', '1510', '10300', 90048, 0, 0, NULL, NULL),
(543, 25, 2, '2018-04-30', '1510', '10301', 66240, 0, 0, NULL, NULL),
(544, 25, 2, '2018-04-30', '1510', '10302', 70336, 0, 0, NULL, NULL),
(545, 25, 2, '2018-04-30', '1510', '10303', 34848, 0, 0, NULL, NULL),
(546, 25, 2, '2018-04-30', '1510', '10304', 57792, 0, 0, NULL, NULL),
(547, 25, 2, '2018-04-30', '1510', '10305', 42560, 0, 0, NULL, NULL),
(548, 25, 2, '2018-04-30', '1510', '10306', 44800, 0, 0, NULL, NULL),
(549, 25, 2, '2018-04-30', '1510', '10307', 27328, 0, 0, NULL, NULL),
(550, 25, 2, '2018-04-30', '1510', '10308', 66304, 0, 0, NULL, NULL),
(551, 25, 2, '2018-04-30', '1510', '10309', 15360, 0, 0, NULL, NULL),
(552, 25, 2, '2018-04-30', '1510', '10310', 3360, 0, 0, NULL, NULL),
(553, 25, 2, '2018-04-30', '1510', '10311', 960, 0, 0, NULL, NULL),
(554, 25, 2, '2018-04-30', '1510', '10312', 960, 0, 0, NULL, NULL),
(555, 25, 2, '2018-04-30', '1510', '10313', 4096, 0, 0, NULL, NULL),
(556, 25, 2, '2018-04-30', '1510', '10314', 2400, 0, 0, NULL, NULL),
(557, 25, 2, '2018-04-30', '1510', '10315', 25920, 0, 0, NULL, NULL),
(558, 25, 2, '2018-04-30', '1510', '10316', 43680, 0, 0, NULL, NULL),
(559, 25, 2, '2018-04-30', '1510', '10317', 52224, 0, 0, NULL, NULL),
(560, 25, 2, '2018-04-30', '1510', '10318', 48128, 0, 0, NULL, NULL),
(561, 25, 2, '2018-04-30', '1510', '10319', 1120, 0, 0, NULL, NULL),
(562, 25, 2, '2018-04-30', '1510', '10320', 1120, 0, 0, NULL, NULL),
(563, 25, 2, '2018-04-30', '1510', '10321', 5760, 0, 0, NULL, NULL),
(564, 25, 2, '2018-04-30', '1510', '10322', 1440, 0, 0, NULL, NULL),
(565, 25, 2, '2018-04-30', '1510', '10323', 4224, 0, 0, NULL, NULL),
(566, 25, 2, '2018-04-30', '1510', '10324', 1120, 0, 0, NULL, NULL),
(567, 25, 2, '2018-04-30', '1510', '10325', 26880, 0, 0, NULL, NULL),
(568, 25, 2, '2018-04-30', '1510', '10326', 4864, 0, 0, NULL, NULL),
(569, 25, 2, '2018-04-30', '1510', '10327', 44080, 0, 0, NULL, NULL),
(570, 25, 2, '2018-04-30', '1510', '10328', 17222.4, 0, 0, NULL, NULL),
(571, 25, 2, '2018-04-30', '1510', '10329', 1408, 0, 0, NULL, NULL),
(572, 25, 2, '2018-04-30', '1510', '10330', 272, 0, 0, NULL, NULL),
(573, 25, 2, '2018-04-30', '1510', '10331', 304, 0, 0, NULL, NULL),
(574, 25, 2, '2018-04-30', '1510', '10332', 14035.2, 0, 0, NULL, NULL),
(575, 25, 2, '2018-04-30', '1510', '10333', 272, 0, 0, NULL, NULL),
(576, 25, 2, '2018-04-30', '1510', '10334', 5740.8, 0, 0, NULL, NULL),
(577, 25, 2, '2018-04-30', '1510', '10335', 14105.6, 0, 0, NULL, NULL),
(578, 25, 2, '2018-04-30', '1510', '10336', 6496, 0, 0, NULL, NULL),
(579, 25, 2, '2018-04-30', '1510', '10337', 1536, 0, 0, NULL, NULL),
(580, 25, 2, '2018-04-30', '1510', '10338', 249.6, 0, 0, NULL, NULL),
(581, 25, 2, '2018-04-30', '1510', '10339', 8320, 0, 0, NULL, NULL),
(582, 25, 2, '2018-04-30', '1510', '10340', 21312, 0, 0, NULL, NULL),
(583, 25, 2, '2018-04-30', '1510', '10341', 512, 0, 0, NULL, NULL),
(584, 25, 2, '2018-04-30', '1510', '10342', 2883.2, 0, 0, NULL, NULL),
(585, 25, 2, '2018-04-30', '1510', '10343', 3942.4, 0, 0, NULL, NULL),
(586, 25, 2, '2018-04-30', '1510', '10344', 261.12, 0, 0, NULL, NULL),
(587, 25, 2, '2018-04-30', '1510', '10345', 3072, 0, 0, NULL, NULL),
(588, 25, 2, '2018-04-30', '1510', '10346', 25804.8, 0, 0, NULL, NULL),
(589, 25, 2, '2018-04-30', '1510', '10347', 1774.08, 0, 0, NULL, NULL),
(590, 25, 2, '2018-04-30', '1510', '10348', 3264, 0, 0, NULL, NULL),
(591, 25, 2, '2018-04-30', '1510', '10349', 41608.32, 0, 0, NULL, NULL),
(592, 25, 2, '2018-04-30', '1510', '10350', 12992, 0, 0, NULL, NULL),
(593, 25, 2, '2018-04-30', '1510', '10351', 274.56, 0, 0, NULL, NULL),
(594, 25, 2, '2018-04-30', '1510', '10352', 2553.6, 0, 0, NULL, NULL),
(595, 25, 2, '2018-04-30', '1510', '10353', 8147.2, 0, 0, NULL, NULL),
(596, 25, 2, '2018-04-30', '1510', '10354', 149.76, 0, 0, NULL, NULL),
(597, 25, 2, '2018-04-30', '1510', '10355', 345.6, 0, 0, NULL, NULL),
(598, 25, 2, '2018-04-30', '1510', '10356', 9216, 0, 0, NULL, NULL),
(599, 25, 2, '2018-04-30', '1510', '10357', 153.6, 0, 0, NULL, NULL),
(600, 25, 2, '2018-04-30', '1510', '10358', 2396.16, 0, 0, NULL, NULL),
(601, 25, 2, '2018-04-30', '1510', '10359', 3856.32, 0, 0, NULL, NULL),
(602, 25, 2, '2018-04-30', '1510', '10360', 1843.2, 0, 0, NULL, NULL),
(603, 25, 2, '2018-04-30', '1510', '10361', 25760, 0, 0, NULL, NULL),
(604, 25, 2, '2018-04-30', '1510', '10362', 40857.6, 0, 0, NULL, NULL),
(605, 25, 2, '2018-04-30', '1550', '', -1863929.92, 0, 0, NULL, NULL),
(606, 20, 2, '2018-05-17', '1060', '', 0, 0, 0, NULL, NULL),
(607, 20, 2, '2018-05-17', '2100', '', -1863929.92, 0, 0, 3, 0x32),
(608, 20, 2, '2018-05-17', '1550', '', 10912, 0, 0, NULL, NULL),
(609, 20, 2, '2018-05-17', '1550', '', 4608, 0, 0, NULL, NULL),
(610, 20, 2, '2018-05-17', '1550', '', 1536, 0, 0, NULL, NULL),
(611, 20, 2, '2018-05-17', '1550', '', 1248, 0, 0, NULL, NULL),
(612, 20, 2, '2018-05-17', '1550', '', 16224, 0, 0, NULL, NULL),
(613, 20, 2, '2018-05-17', '1550', '', 2912, 0, 0, NULL, NULL),
(614, 20, 2, '2018-05-17', '1550', '', 2496, 0, 0, NULL, NULL),
(615, 20, 2, '2018-05-17', '1550', '', 896, 0, 0, NULL, NULL),
(616, 20, 2, '2018-05-17', '1550', '', 3024, 0, 0, NULL, NULL),
(617, 20, 2, '2018-05-17', '1550', '', 5168, 0, 0, NULL, NULL),
(618, 20, 2, '2018-05-17', '1550', '', 14560, 0, 0, NULL, NULL),
(619, 20, 2, '2018-05-17', '1550', '', 576, 0, 0, NULL, NULL),
(620, 20, 2, '2018-05-17', '1550', '', 352, 0, 0, NULL, NULL),
(621, 20, 2, '2018-05-17', '1550', '', 7904, 0, 0, NULL, NULL),
(622, 20, 2, '2018-05-17', '1550', '', 12144, 0, 0, NULL, NULL),
(623, 20, 2, '2018-05-17', '1550', '', 400, 0, 0, NULL, NULL),
(624, 20, 2, '2018-05-17', '1550', '', 7280, 0, 0, NULL, NULL),
(625, 20, 2, '2018-05-17', '1550', '', 448, 0, 0, NULL, NULL),
(626, 20, 2, '2018-05-17', '1550', '', 2400, 0, 0, NULL, NULL),
(627, 20, 2, '2018-05-17', '1550', '', 1600, 0, 0, NULL, NULL),
(628, 20, 2, '2018-05-17', '1550', '', 5004.8, 0, 0, NULL, NULL),
(629, 20, 2, '2018-05-17', '1550', '', 29811.2, 0, 0, NULL, NULL),
(630, 20, 2, '2018-05-17', '1550', '', 18278.4, 0, 0, NULL, NULL),
(631, 20, 2, '2018-05-17', '1550', '', 6240, 0, 0, NULL, NULL),
(632, 20, 2, '2018-05-17', '1550', '', 1382.4, 0, 0, NULL, NULL),
(633, 20, 2, '2018-05-17', '1550', '', 8928, 0, 0, NULL, NULL),
(634, 20, 2, '2018-05-17', '1550', '', 24480, 0, 0, NULL, NULL),
(635, 20, 2, '2018-05-17', '1550', '', 6144, 0, 0, NULL, NULL),
(636, 20, 2, '2018-05-17', '1550', '', 10560, 0, 0, NULL, NULL),
(637, 20, 2, '2018-05-17', '1550', '', 33440, 0, 0, NULL, NULL),
(638, 20, 2, '2018-05-17', '1550', '', 21120, 0, 0, NULL, NULL),
(639, 20, 2, '2018-05-17', '1550', '', 4416, 0, 0, NULL, NULL),
(640, 20, 2, '2018-05-17', '1550', '', 4032, 0, 0, NULL, NULL),
(641, 20, 2, '2018-05-17', '1550', '', 8800, 0, 0, NULL, NULL),
(642, 20, 2, '2018-05-17', '1550', '', 12320, 0, 0, NULL, NULL),
(643, 20, 2, '2018-05-17', '1550', '', 3584, 0, 0, NULL, NULL),
(644, 20, 2, '2018-05-17', '1550', '', 4176, 0, 0, NULL, NULL),
(645, 20, 2, '2018-05-17', '1550', '', 13456, 0, 0, NULL, NULL),
(646, 20, 2, '2018-05-17', '1550', '', 24592, 0, 0, NULL, NULL),
(647, 20, 2, '2018-05-17', '1550', '', 47792, 0, 0, NULL, NULL),
(648, 20, 2, '2018-05-17', '1550', '', 51040, 0, 0, NULL, NULL),
(649, 20, 2, '2018-05-17', '1550', '', 32016, 0, 0, NULL, NULL),
(650, 20, 2, '2018-05-17', '1550', '', 832, 0, 0, NULL, NULL),
(651, 20, 2, '2018-05-17', '1550', '', 864, 0, 0, NULL, NULL),
(652, 20, 2, '2018-05-17', '1550', '', 416, 0, 0, NULL, NULL),
(653, 20, 2, '2018-05-17', '1550', '', 864, 0, 0, NULL, NULL),
(654, 20, 2, '2018-05-17', '1550', '', 3024, 0, 0, NULL, NULL),
(655, 20, 2, '2018-05-17', '1550', '', 17472, 0, 0, NULL, NULL),
(656, 20, 2, '2018-05-17', '1550', '', 2496, 0, 0, NULL, NULL),
(657, 20, 2, '2018-05-17', '1550', '', 16368, 0, 0, NULL, NULL),
(658, 20, 2, '2018-05-17', '1550', '', 22176, 0, 0, NULL, NULL),
(659, 20, 2, '2018-05-17', '1550', '', 60928, 0, 0, NULL, NULL),
(660, 20, 2, '2018-05-17', '1550', '', 62496, 0, 0, NULL, NULL),
(661, 20, 2, '2018-05-17', '1550', '', 32480, 0, 0, NULL, NULL),
(662, 20, 2, '2018-05-17', '1550', '', 21728, 0, 0, NULL, NULL),
(663, 20, 2, '2018-05-17', '1550', '', 29120, 0, 0, NULL, NULL),
(664, 20, 2, '2018-05-17', '1550', '', 42720, 0, 0, NULL, NULL),
(665, 20, 2, '2018-05-17', '1550', '', 10752, 0, 0, NULL, NULL),
(666, 20, 2, '2018-05-17', '1550', '', 90048, 0, 0, NULL, NULL),
(667, 20, 2, '2018-05-17', '1550', '', 66240, 0, 0, NULL, NULL),
(668, 20, 2, '2018-05-17', '1550', '', 70336, 0, 0, NULL, NULL),
(669, 20, 2, '2018-05-17', '1550', '', 34848, 0, 0, NULL, NULL),
(670, 20, 2, '2018-05-17', '1550', '', 57792, 0, 0, NULL, NULL),
(671, 20, 2, '2018-05-17', '1550', '', 42560, 0, 0, NULL, NULL),
(672, 20, 2, '2018-05-17', '1550', '', 44800, 0, 0, NULL, NULL),
(673, 20, 2, '2018-05-17', '1550', '', 27328, 0, 0, NULL, NULL),
(674, 20, 2, '2018-05-17', '1550', '', 66304, 0, 0, NULL, NULL),
(675, 20, 2, '2018-05-17', '1550', '', 15360, 0, 0, NULL, NULL),
(676, 20, 2, '2018-05-17', '1550', '', 3360, 0, 0, NULL, NULL),
(677, 20, 2, '2018-05-17', '1550', '', 960, 0, 0, NULL, NULL),
(678, 20, 2, '2018-05-17', '1550', '', 960, 0, 0, NULL, NULL),
(679, 20, 2, '2018-05-17', '1550', '', 4096, 0, 0, NULL, NULL),
(680, 20, 2, '2018-05-17', '1550', '', 2400, 0, 0, NULL, NULL),
(681, 20, 2, '2018-05-17', '1550', '', 25920, 0, 0, NULL, NULL),
(682, 20, 2, '2018-05-17', '1550', '', 43680, 0, 0, NULL, NULL),
(683, 20, 2, '2018-05-17', '1550', '', 52224, 0, 0, NULL, NULL),
(684, 20, 2, '2018-05-17', '1550', '', 48128, 0, 0, NULL, NULL),
(685, 20, 2, '2018-05-17', '1550', '', 1120, 0, 0, NULL, NULL),
(686, 20, 2, '2018-05-17', '1550', '', 1120, 0, 0, NULL, NULL),
(687, 20, 2, '2018-05-17', '1550', '', 5760, 0, 0, NULL, NULL),
(688, 20, 2, '2018-05-17', '1550', '', 1440, 0, 0, NULL, NULL),
(689, 20, 2, '2018-05-17', '1550', '', 4224, 0, 0, NULL, NULL),
(690, 20, 2, '2018-05-17', '1550', '', 1120, 0, 0, NULL, NULL),
(691, 20, 2, '2018-05-17', '1550', '', 26880, 0, 0, NULL, NULL),
(692, 20, 2, '2018-05-17', '1550', '', 4864, 0, 0, NULL, NULL),
(693, 20, 2, '2018-05-17', '1550', '', 44080, 0, 0, NULL, NULL),
(694, 20, 2, '2018-05-17', '1550', '', 17222.4, 0, 0, NULL, NULL),
(695, 20, 2, '2018-05-17', '1550', '', 1408, 0, 0, NULL, NULL),
(696, 20, 2, '2018-05-17', '1550', '', 272, 0, 0, NULL, NULL),
(697, 20, 2, '2018-05-17', '1550', '', 304, 0, 0, NULL, NULL),
(698, 20, 2, '2018-05-17', '1550', '', 14035.2, 0, 0, NULL, NULL),
(699, 20, 2, '2018-05-17', '1550', '', 272, 0, 0, NULL, NULL),
(700, 20, 2, '2018-05-17', '1550', '', 5740.8, 0, 0, NULL, NULL),
(701, 20, 2, '2018-05-17', '1550', '', 14105.6, 0, 0, NULL, NULL),
(702, 20, 2, '2018-05-17', '1550', '', 6496, 0, 0, NULL, NULL),
(703, 20, 2, '2018-05-17', '1550', '', 1536, 0, 0, NULL, NULL),
(704, 20, 2, '2018-05-17', '1550', '', 249.6, 0, 0, NULL, NULL),
(705, 20, 2, '2018-05-17', '1550', '', 8320, 0, 0, NULL, NULL),
(706, 20, 2, '2018-05-17', '1550', '', 21312, 0, 0, NULL, NULL),
(707, 20, 2, '2018-05-17', '1550', '', 512, 0, 0, NULL, NULL),
(708, 20, 2, '2018-05-17', '1550', '', 2883.2, 0, 0, NULL, NULL),
(709, 20, 2, '2018-05-17', '1550', '', 3942.4, 0, 0, NULL, NULL),
(710, 20, 2, '2018-05-17', '1550', '', 261.12, 0, 0, NULL, NULL),
(711, 20, 2, '2018-05-17', '1550', '', 3072, 0, 0, NULL, NULL),
(712, 20, 2, '2018-05-17', '1550', '', 25804.8, 0, 0, NULL, NULL),
(713, 20, 2, '2018-05-17', '1550', '', 1774.08, 0, 0, NULL, NULL),
(714, 20, 2, '2018-05-17', '1550', '', 3264, 0, 0, NULL, NULL),
(715, 20, 2, '2018-05-17', '1550', '', 41608.32, 0, 0, NULL, NULL),
(716, 20, 2, '2018-05-17', '1550', '', 12992, 0, 0, NULL, NULL),
(717, 20, 2, '2018-05-17', '1550', '', 274.56, 0, 0, NULL, NULL),
(718, 20, 2, '2018-05-17', '1550', '', 2553.6, 0, 0, NULL, NULL),
(719, 20, 2, '2018-05-17', '1550', '', 8147.2, 0, 0, NULL, NULL),
(720, 20, 2, '2018-05-17', '1550', '', 149.76, 0, 0, NULL, NULL),
(721, 20, 2, '2018-05-17', '1550', '', 345.6, 0, 0, NULL, NULL),
(722, 20, 2, '2018-05-17', '1550', '', 9216, 0, 0, NULL, NULL),
(723, 20, 2, '2018-05-17', '1550', '', 153.6, 0, 0, NULL, NULL),
(724, 20, 2, '2018-05-17', '1550', '', 2396.16, 0, 0, NULL, NULL),
(725, 20, 2, '2018-05-17', '1550', '', 3856.32, 0, 0, NULL, NULL),
(726, 20, 2, '2018-05-17', '1550', '', 1843.2, 0, 0, NULL, NULL),
(727, 20, 2, '2018-05-17', '1550', '', 25760, 0, 0, NULL, NULL),
(728, 20, 2, '2018-05-17', '1550', '', 40857.6, 0, 0, NULL, NULL),
(729, 25, 3, '2018-05-17', '1510', '10363', 11970, 0, 0, NULL, NULL),
(730, 25, 3, '2018-05-17', '1510', '10364', 15876, 0, 0, NULL, NULL),
(731, 25, 3, '2018-05-17', '1510', '10365', 12474, 0, 0, NULL, NULL),
(732, 25, 3, '2018-05-17', '1510', '10366', 3024, 0, 0, NULL, NULL),
(733, 25, 3, '2018-05-17', '1510', '10367', 1350, 0, 0, NULL, NULL),
(734, 25, 3, '2018-05-17', '1510', '10368', 2646, 0, 0, NULL, NULL),
(735, 25, 3, '2018-05-17', '1510', '10369', 17856, 0, 0, NULL, NULL),
(736, 25, 3, '2018-05-17', '1510', '10370', 2592, 0, 0, NULL, NULL),
(737, 25, 3, '2018-05-17', '1510', '10371', 756, 0, 0, NULL, NULL),
(738, 25, 3, '2018-05-17', '1510', '10372', 3456, 0, 0, NULL, NULL),
(739, 25, 3, '2018-05-17', '1510', '10373', 25566.12, 0, 0, NULL, NULL),
(740, 25, 3, '2018-05-17', '1510', '10374', 11967.12, 0, 0, NULL, NULL),
(741, 25, 3, '2018-05-17', '1510', '10375', 4895.64, 0, 0, NULL, NULL),
(742, 25, 3, '2018-05-17', '1510', '10376', 9828, 0, 0, NULL, NULL),
(743, 25, 3, '2018-05-17', '1510', '10377', 22464, 0, 0, NULL, NULL),
(744, 25, 3, '2018-05-17', '1510', '10378', 7722, 0, 0, NULL, NULL),
(745, 25, 3, '2018-05-17', '1510', '10379', 28782, 0, 0, NULL, NULL),
(746, 25, 3, '2018-05-17', '1510', '10380', 5616, 0, 0, NULL, NULL),
(747, 25, 3, '2018-05-17', '1510', '10381', 8424, 0, 0, NULL, NULL),
(748, 25, 3, '2018-05-17', '1510', '10382', 11934, 0, 0, NULL, NULL),
(749, 25, 3, '2018-05-17', '1510', '10383', 702, 0, 0, NULL, NULL),
(750, 25, 3, '2018-05-17', '1510', '10384', 10530, 0, 0, NULL, NULL),
(751, 25, 3, '2018-05-17', '1510', '10385', 8424, 0, 0, NULL, NULL),
(752, 25, 3, '2018-05-17', '1510', '10386', 990, 0, 0, NULL, NULL),
(753, 25, 3, '2018-05-17', '1510', '10387', 1026, 0, 0, NULL, NULL),
(754, 25, 3, '2018-05-17', '1510', '10388', 7488, 0, 0, NULL, NULL),
(755, 25, 3, '2018-05-17', '1510', '10389', 6336, 0, 0, NULL, NULL),
(756, 25, 3, '2018-05-17', '1510', '10390', 23868, 0, 0, NULL, NULL),
(757, 25, 3, '2018-05-17', '1510', '10391', 9360, 0, 0, NULL, NULL),
(758, 25, 3, '2018-05-17', '1510', '10392', 7020, 0, 0, NULL, NULL),
(759, 25, 3, '2018-05-17', '1510', '10393', 40500, 0, 0, NULL, NULL),
(760, 25, 3, '2018-05-17', '1510', '10394', 7056, 0, 0, NULL, NULL),
(761, 25, 3, '2018-05-17', '1510', '10395', 18144, 0, 0, NULL, NULL),
(762, 25, 3, '2018-05-17', '1510', '10396', 2088, 0, 0, NULL, NULL),
(763, 25, 3, '2018-05-17', '1510', '10397', 9360, 0, 0, NULL, NULL),
(764, 25, 3, '2018-05-17', '1510', '10398', 11160, 0, 0, NULL, NULL),
(765, 25, 3, '2018-05-17', '1510', '10399', 11160, 0, 0, NULL, NULL),
(766, 25, 3, '2018-05-17', '1510', '10400', 8352, 0, 0, NULL, NULL),
(767, 25, 3, '2018-05-17', '1510', '10401', 22320, 0, 0, NULL, NULL),
(768, 25, 3, '2018-05-17', '1510', '10402', 25704, 0, 0, NULL, NULL),
(769, 25, 3, '2018-05-17', '1510', '10403', 15624, 0, 0, NULL, NULL),
(770, 25, 3, '2018-05-17', '1510', '10404', 972, 0, 0, NULL, NULL),
(771, 25, 3, '2018-05-17', '1510', '10405', 324, 0, 0, NULL, NULL),
(772, 25, 3, '2018-05-17', '1510', '10406', 6480, 0, 0, NULL, NULL),
(773, 25, 3, '2018-05-17', '1510', '10407', 4464, 0, 0, NULL, NULL),
(774, 25, 3, '2018-05-17', '1510', '10408', 11088, 0, 0, NULL, NULL),
(775, 25, 3, '2018-05-17', '1510', '10409', 22356, 0, 0, NULL, NULL);
INSERT INTO `0_gl_trans` (`counter`, `type`, `type_no`, `tran_date`, `account`, `memo_`, `amount`, `dimension_id`, `dimension2_id`, `person_type_id`, `person_id`) VALUES
(776, 25, 3, '2018-05-17', '1510', '10410', 23814, 0, 0, NULL, NULL),
(777, 25, 3, '2018-05-17', '1510', '10411', 28080, 0, 0, NULL, NULL),
(778, 25, 3, '2018-05-17', '1510', '10412', 18468, 0, 0, NULL, NULL),
(779, 25, 3, '2018-05-17', '1510', '10413', 12312, 0, 0, NULL, NULL),
(780, 25, 3, '2018-05-17', '1510', '10414', 13392, 0, 0, NULL, NULL),
(781, 25, 3, '2018-05-17', '1510', '10415', 684, 0, 0, NULL, NULL),
(782, 25, 3, '2018-05-17', '1510', '10416', 2052, 0, 0, NULL, NULL),
(783, 25, 3, '2018-05-17', '1510', '10417', 36936, 0, 0, NULL, NULL),
(784, 25, 3, '2018-05-17', '1510', '10418', 792, 0, 0, NULL, NULL),
(785, 25, 3, '2018-05-17', '1510', '10419', 432, 0, 0, NULL, NULL),
(786, 25, 3, '2018-05-17', '1510', '10420', 1296, 0, 0, NULL, NULL),
(787, 25, 3, '2018-05-17', '1510', '10421', 1296, 0, 0, NULL, NULL),
(788, 25, 3, '2018-05-17', '1510', '10422', 1296, 0, 0, NULL, NULL),
(789, 25, 3, '2018-05-17', '1510', '10423', 864, 0, 0, NULL, NULL),
(790, 25, 3, '2018-05-17', '1510', '10424', 432, 0, 0, NULL, NULL),
(791, 25, 3, '2018-05-17', '1510', '10425', 1188, 0, 0, NULL, NULL),
(792, 25, 3, '2018-05-17', '1510', '10426', 1188, 0, 0, NULL, NULL),
(793, 25, 3, '2018-05-17', '1510', '10427', 5148, 0, 0, NULL, NULL),
(794, 25, 3, '2018-05-17', '1510', '10428', 2772, 0, 0, NULL, NULL),
(795, 25, 3, '2018-05-17', '1510', '10429', 396, 0, 0, NULL, NULL),
(796, 25, 3, '2018-05-17', '1510', '10430', 3564, 0, 0, NULL, NULL),
(797, 25, 3, '2018-05-17', '1510', '10431', 5148, 0, 0, NULL, NULL),
(798, 25, 3, '2018-05-17', '1510', '10432', 3564, 0, 0, NULL, NULL),
(799, 25, 3, '2018-05-17', '1510', '10433', 3168, 0, 0, NULL, NULL),
(800, 25, 3, '2018-05-17', '1510', '10434', 396, 0, 0, NULL, NULL),
(801, 25, 3, '2018-05-17', '1510', '10435', 396, 0, 0, NULL, NULL),
(802, 25, 3, '2018-05-17', '1510', '10436', 720, 0, 0, NULL, NULL),
(803, 25, 3, '2018-05-17', '1510', '10437', 972, 0, 0, NULL, NULL),
(804, 25, 3, '2018-05-17', '1510', '10438', 972, 0, 0, NULL, NULL),
(805, 25, 3, '2018-05-17', '1510', '10439', 27612, 0, 0, NULL, NULL),
(806, 25, 3, '2018-05-17', '1510', '10440', 1728, 0, 0, NULL, NULL),
(807, 25, 3, '2018-05-17', '1510', '10441', 16128, 0, 0, NULL, NULL),
(808, 25, 3, '2018-05-17', '1510', '10442', 25344, 0, 0, NULL, NULL),
(809, 25, 3, '2018-05-17', '1510', '10443', 14400, 0, 0, NULL, NULL),
(810, 25, 3, '2018-05-17', '1510', '10444', 34560, 0, 0, NULL, NULL),
(811, 25, 3, '2018-05-17', '1510', '10445', 23220, 0, 0, NULL, NULL),
(812, 25, 3, '2018-05-17', '1510', '10446', 360, 0, 0, NULL, NULL),
(813, 25, 3, '2018-05-17', '1510', '10447', 360, 0, 0, NULL, NULL),
(814, 25, 3, '2018-05-17', '1510', '10448', 2160, 0, 0, NULL, NULL),
(815, 25, 3, '2018-05-17', '1510', '10449', 73980, 0, 0, NULL, NULL),
(816, 25, 3, '2018-05-17', '1510', '10450', 98820, 0, 0, NULL, NULL),
(817, 25, 3, '2018-05-17', '1510', '10451', 117180, 0, 0, NULL, NULL),
(818, 25, 3, '2018-05-17', '1510', '10452', 117720, 0, 0, NULL, NULL),
(819, 25, 3, '2018-05-17', '1510', '10453', 58788, 0, 0, NULL, NULL),
(820, 25, 3, '2018-05-17', '1510', '10454', 396, 0, 0, NULL, NULL),
(821, 25, 3, '2018-05-17', '1510', '10455', 18900, 0, 0, NULL, NULL),
(822, 25, 3, '2018-05-17', '1510', '10456', 18144, 0, 0, NULL, NULL),
(823, 25, 3, '2018-05-17', '1510', '10457', 6300, 0, 0, NULL, NULL),
(824, 25, 3, '2018-05-17', '1510', '10458', 3744, 0, 0, NULL, NULL),
(825, 25, 3, '2018-05-17', '1510', '10459', 129600, 0, 0, NULL, NULL),
(826, 25, 3, '2018-05-17', '1510', '10460', 51012, 0, 0, NULL, NULL),
(827, 25, 3, '2018-05-17', '1510', '10461', 29484, 0, 0, NULL, NULL),
(828, 25, 3, '2018-05-17', '1510', '10462', 67050, 0, 0, NULL, NULL),
(829, 25, 3, '2018-05-17', '1510', '10463', 1152, 0, 0, NULL, NULL),
(830, 25, 3, '2018-05-17', '1510', '10464', 28080, 0, 0, NULL, NULL),
(831, 25, 3, '2018-05-17', '1510', '10465', 1195.2, 0, 0, NULL, NULL),
(832, 25, 3, '2018-05-17', '1510', '10466', 342, 0, 0, NULL, NULL),
(833, 25, 3, '2018-05-17', '1510', '10467', 306, 0, 0, NULL, NULL),
(834, 25, 3, '2018-05-17', '1510', '10468', 918, 0, 0, NULL, NULL),
(835, 25, 3, '2018-05-17', '1510', '10469', 25056, 0, 0, NULL, NULL),
(836, 25, 3, '2018-05-17', '1510', '10470', 37393.2, 0, 0, NULL, NULL),
(837, 25, 3, '2018-05-17', '1510', '10471', 43254, 0, 0, NULL, NULL),
(838, 25, 3, '2018-05-17', '1510', '10472', 59680.8, 0, 0, NULL, NULL),
(839, 25, 3, '2018-05-17', '1510', '10473', 62661.6, 0, 0, NULL, NULL),
(840, 25, 3, '2018-05-17', '1510', '10474', 26395.2, 0, 0, NULL, NULL),
(841, 25, 3, '2018-05-17', '1510', '10475', 22654.8, 0, 0, NULL, NULL),
(842, 25, 3, '2018-05-17', '1510', '10476', 11880, 0, 0, NULL, NULL),
(843, 25, 3, '2018-05-17', '1510', '10477', 14256, 0, 0, NULL, NULL),
(844, 25, 3, '2018-05-17', '1510', '10478', 55512, 0, 0, NULL, NULL),
(845, 25, 3, '2018-05-17', '1510', '10479', 32011.2, 0, 0, NULL, NULL),
(846, 25, 3, '2018-05-17', '1510', '10480', 50544, 0, 0, NULL, NULL),
(847, 25, 3, '2018-05-17', '1510', '10481', 56390.4, 0, 0, NULL, NULL),
(848, 25, 3, '2018-05-17', '1510', '10482', 20332.8, 0, 0, NULL, NULL),
(849, 25, 3, '2018-05-17', '1510', '10483', 1278, 0, 0, NULL, NULL),
(850, 25, 3, '2018-05-17', '1510', '10484', 42066, 0, 0, NULL, NULL),
(851, 25, 3, '2018-05-17', '1510', '10485', 32760, 0, 0, NULL, NULL),
(852, 25, 3, '2018-05-17', '1510', '10486', 42073.2, 0, 0, NULL, NULL),
(853, 25, 3, '2018-05-17', '1510', '10487', 49608, 0, 0, NULL, NULL),
(854, 25, 3, '2018-05-17', '1510', '10488', 9612, 0, 0, NULL, NULL),
(855, 25, 3, '2018-05-17', '1510', '10489', 9270, 0, 0, NULL, NULL),
(856, 25, 3, '2018-05-17', '1510', '10490', 58680, 0, 0, NULL, NULL),
(857, 25, 3, '2018-05-17', '1510', '10491', 32054.4, 0, 0, NULL, NULL),
(858, 25, 3, '2018-05-17', '1510', '10492', 38142, 0, 0, NULL, NULL),
(859, 25, 3, '2018-05-17', '1510', '10493', 25923.6, 0, 0, NULL, NULL),
(860, 25, 3, '2018-05-17', '1510', '10494', 16005.6, 0, 0, NULL, NULL),
(861, 25, 3, '2018-05-17', '1510', '10495', 19638, 0, 0, NULL, NULL),
(862, 25, 3, '2018-05-17', '1510', '10496', 10675.8, 0, 0, NULL, NULL),
(863, 25, 3, '2018-05-17', '1550', '', -2548624.68, 0, 0, NULL, NULL),
(864, 20, 3, '2018-05-17', '1060', '', 0, 0, 0, NULL, NULL),
(865, 20, 3, '2018-05-17', '2100', '', -2548624.68, 0, 0, 3, 0x33),
(866, 20, 3, '2018-05-17', '1550', '', 11970, 0, 0, NULL, NULL),
(867, 20, 3, '2018-05-17', '1550', '', 15876, 0, 0, NULL, NULL),
(868, 20, 3, '2018-05-17', '1550', '', 12474, 0, 0, NULL, NULL),
(869, 20, 3, '2018-05-17', '1550', '', 3024, 0, 0, NULL, NULL),
(870, 20, 3, '2018-05-17', '1550', '', 1350, 0, 0, NULL, NULL),
(871, 20, 3, '2018-05-17', '1550', '', 2646, 0, 0, NULL, NULL),
(872, 20, 3, '2018-05-17', '1550', '', 17856, 0, 0, NULL, NULL),
(873, 20, 3, '2018-05-17', '1550', '', 2592, 0, 0, NULL, NULL),
(874, 20, 3, '2018-05-17', '1550', '', 756, 0, 0, NULL, NULL),
(875, 20, 3, '2018-05-17', '1550', '', 3456, 0, 0, NULL, NULL),
(876, 20, 3, '2018-05-17', '1550', '', 25566.12, 0, 0, NULL, NULL),
(877, 20, 3, '2018-05-17', '1550', '', 11967.12, 0, 0, NULL, NULL),
(878, 20, 3, '2018-05-17', '1550', '', 4895.64, 0, 0, NULL, NULL),
(879, 20, 3, '2018-05-17', '1550', '', 9828, 0, 0, NULL, NULL),
(880, 20, 3, '2018-05-17', '1550', '', 22464, 0, 0, NULL, NULL),
(881, 20, 3, '2018-05-17', '1550', '', 7722, 0, 0, NULL, NULL),
(882, 20, 3, '2018-05-17', '1550', '', 28782, 0, 0, NULL, NULL),
(883, 20, 3, '2018-05-17', '1550', '', 5616, 0, 0, NULL, NULL),
(884, 20, 3, '2018-05-17', '1550', '', 8424, 0, 0, NULL, NULL),
(885, 20, 3, '2018-05-17', '1550', '', 11934, 0, 0, NULL, NULL),
(886, 20, 3, '2018-05-17', '1550', '', 702, 0, 0, NULL, NULL),
(887, 20, 3, '2018-05-17', '1550', '', 10530, 0, 0, NULL, NULL),
(888, 20, 3, '2018-05-17', '1550', '', 8424, 0, 0, NULL, NULL),
(889, 20, 3, '2018-05-17', '1550', '', 990, 0, 0, NULL, NULL),
(890, 20, 3, '2018-05-17', '1550', '', 1026, 0, 0, NULL, NULL),
(891, 20, 3, '2018-05-17', '1550', '', 7488, 0, 0, NULL, NULL),
(892, 20, 3, '2018-05-17', '1550', '', 6336, 0, 0, NULL, NULL),
(893, 20, 3, '2018-05-17', '1550', '', 23868, 0, 0, NULL, NULL),
(894, 20, 3, '2018-05-17', '1550', '', 9360, 0, 0, NULL, NULL),
(895, 20, 3, '2018-05-17', '1550', '', 7020, 0, 0, NULL, NULL),
(896, 20, 3, '2018-05-17', '1550', '', 40500, 0, 0, NULL, NULL),
(897, 20, 3, '2018-05-17', '1550', '', 7056, 0, 0, NULL, NULL),
(898, 20, 3, '2018-05-17', '1550', '', 18144, 0, 0, NULL, NULL),
(899, 20, 3, '2018-05-17', '1550', '', 2088, 0, 0, NULL, NULL),
(900, 20, 3, '2018-05-17', '1550', '', 9360, 0, 0, NULL, NULL),
(901, 20, 3, '2018-05-17', '1550', '', 11160, 0, 0, NULL, NULL),
(902, 20, 3, '2018-05-17', '1550', '', 11160, 0, 0, NULL, NULL),
(903, 20, 3, '2018-05-17', '1550', '', 8352, 0, 0, NULL, NULL),
(904, 20, 3, '2018-05-17', '1550', '', 22320, 0, 0, NULL, NULL),
(905, 20, 3, '2018-05-17', '1550', '', 25704, 0, 0, NULL, NULL),
(906, 20, 3, '2018-05-17', '1550', '', 15624, 0, 0, NULL, NULL),
(907, 20, 3, '2018-05-17', '1550', '', 972, 0, 0, NULL, NULL),
(908, 20, 3, '2018-05-17', '1550', '', 324, 0, 0, NULL, NULL),
(909, 20, 3, '2018-05-17', '1550', '', 6480, 0, 0, NULL, NULL),
(910, 20, 3, '2018-05-17', '1550', '', 4464, 0, 0, NULL, NULL),
(911, 20, 3, '2018-05-17', '1550', '', 11088, 0, 0, NULL, NULL),
(912, 20, 3, '2018-05-17', '1550', '', 22356, 0, 0, NULL, NULL),
(913, 20, 3, '2018-05-17', '1550', '', 23814, 0, 0, NULL, NULL),
(914, 20, 3, '2018-05-17', '1550', '', 28080, 0, 0, NULL, NULL),
(915, 20, 3, '2018-05-17', '1550', '', 18468, 0, 0, NULL, NULL),
(916, 20, 3, '2018-05-17', '1550', '', 12312, 0, 0, NULL, NULL),
(917, 20, 3, '2018-05-17', '1550', '', 13392, 0, 0, NULL, NULL),
(918, 20, 3, '2018-05-17', '1550', '', 684, 0, 0, NULL, NULL),
(919, 20, 3, '2018-05-17', '1550', '', 2052, 0, 0, NULL, NULL),
(920, 20, 3, '2018-05-17', '1550', '', 36936, 0, 0, NULL, NULL),
(921, 20, 3, '2018-05-17', '1550', '', 792, 0, 0, NULL, NULL),
(922, 20, 3, '2018-05-17', '1550', '', 432, 0, 0, NULL, NULL),
(923, 20, 3, '2018-05-17', '1550', '', 1296, 0, 0, NULL, NULL),
(924, 20, 3, '2018-05-17', '1550', '', 1296, 0, 0, NULL, NULL),
(925, 20, 3, '2018-05-17', '1550', '', 1296, 0, 0, NULL, NULL),
(926, 20, 3, '2018-05-17', '1550', '', 864, 0, 0, NULL, NULL),
(927, 20, 3, '2018-05-17', '1550', '', 432, 0, 0, NULL, NULL),
(928, 20, 3, '2018-05-17', '1550', '', 1188, 0, 0, NULL, NULL),
(929, 20, 3, '2018-05-17', '1550', '', 1188, 0, 0, NULL, NULL),
(930, 20, 3, '2018-05-17', '1550', '', 5148, 0, 0, NULL, NULL),
(931, 20, 3, '2018-05-17', '1550', '', 2772, 0, 0, NULL, NULL),
(932, 20, 3, '2018-05-17', '1550', '', 396, 0, 0, NULL, NULL),
(933, 20, 3, '2018-05-17', '1550', '', 3564, 0, 0, NULL, NULL),
(934, 20, 3, '2018-05-17', '1550', '', 5148, 0, 0, NULL, NULL),
(935, 20, 3, '2018-05-17', '1550', '', 3564, 0, 0, NULL, NULL),
(936, 20, 3, '2018-05-17', '1550', '', 3168, 0, 0, NULL, NULL),
(937, 20, 3, '2018-05-17', '1550', '', 396, 0, 0, NULL, NULL),
(938, 20, 3, '2018-05-17', '1550', '', 396, 0, 0, NULL, NULL),
(939, 20, 3, '2018-05-17', '1550', '', 720, 0, 0, NULL, NULL),
(940, 20, 3, '2018-05-17', '1550', '', 972, 0, 0, NULL, NULL),
(941, 20, 3, '2018-05-17', '1550', '', 972, 0, 0, NULL, NULL),
(942, 20, 3, '2018-05-17', '1550', '', 27612, 0, 0, NULL, NULL),
(943, 20, 3, '2018-05-17', '1550', '', 1728, 0, 0, NULL, NULL),
(944, 20, 3, '2018-05-17', '1550', '', 16128, 0, 0, NULL, NULL),
(945, 20, 3, '2018-05-17', '1550', '', 25344, 0, 0, NULL, NULL),
(946, 20, 3, '2018-05-17', '1550', '', 14400, 0, 0, NULL, NULL),
(947, 20, 3, '2018-05-17', '1550', '', 34560, 0, 0, NULL, NULL),
(948, 20, 3, '2018-05-17', '1550', '', 23220, 0, 0, NULL, NULL),
(949, 20, 3, '2018-05-17', '1550', '', 360, 0, 0, NULL, NULL),
(950, 20, 3, '2018-05-17', '1550', '', 360, 0, 0, NULL, NULL),
(951, 20, 3, '2018-05-17', '1550', '', 2160, 0, 0, NULL, NULL),
(952, 20, 3, '2018-05-17', '1550', '', 73980, 0, 0, NULL, NULL),
(953, 20, 3, '2018-05-17', '1550', '', 98820, 0, 0, NULL, NULL),
(954, 20, 3, '2018-05-17', '1550', '', 117180, 0, 0, NULL, NULL),
(955, 20, 3, '2018-05-17', '1550', '', 117720, 0, 0, NULL, NULL),
(956, 20, 3, '2018-05-17', '1550', '', 58788, 0, 0, NULL, NULL),
(957, 20, 3, '2018-05-17', '1550', '', 396, 0, 0, NULL, NULL),
(958, 20, 3, '2018-05-17', '1550', '', 18900, 0, 0, NULL, NULL),
(959, 20, 3, '2018-05-17', '1550', '', 18144, 0, 0, NULL, NULL),
(960, 20, 3, '2018-05-17', '1550', '', 6300, 0, 0, NULL, NULL),
(961, 20, 3, '2018-05-17', '1550', '', 3744, 0, 0, NULL, NULL),
(962, 20, 3, '2018-05-17', '1550', '', 129600, 0, 0, NULL, NULL),
(963, 20, 3, '2018-05-17', '1550', '', 51012, 0, 0, NULL, NULL),
(964, 20, 3, '2018-05-17', '1550', '', 29484, 0, 0, NULL, NULL),
(965, 20, 3, '2018-05-17', '1550', '', 67050, 0, 0, NULL, NULL),
(966, 20, 3, '2018-05-17', '1550', '', 1152, 0, 0, NULL, NULL),
(967, 20, 3, '2018-05-17', '1550', '', 28080, 0, 0, NULL, NULL),
(968, 20, 3, '2018-05-17', '1550', '', 1195.2, 0, 0, NULL, NULL),
(969, 20, 3, '2018-05-17', '1550', '', 342, 0, 0, NULL, NULL),
(970, 20, 3, '2018-05-17', '1550', '', 306, 0, 0, NULL, NULL),
(971, 20, 3, '2018-05-17', '1550', '', 918, 0, 0, NULL, NULL),
(972, 20, 3, '2018-05-17', '1550', '', 25056, 0, 0, NULL, NULL),
(973, 20, 3, '2018-05-17', '1550', '', 37393.2, 0, 0, NULL, NULL),
(974, 20, 3, '2018-05-17', '1550', '', 43254, 0, 0, NULL, NULL),
(975, 20, 3, '2018-05-17', '1550', '', 59680.8, 0, 0, NULL, NULL),
(976, 20, 3, '2018-05-17', '1550', '', 62661.6, 0, 0, NULL, NULL),
(977, 20, 3, '2018-05-17', '1550', '', 26395.2, 0, 0, NULL, NULL),
(978, 20, 3, '2018-05-17', '1550', '', 22654.8, 0, 0, NULL, NULL),
(979, 20, 3, '2018-05-17', '1550', '', 11880, 0, 0, NULL, NULL),
(980, 20, 3, '2018-05-17', '1550', '', 14256, 0, 0, NULL, NULL),
(981, 20, 3, '2018-05-17', '1550', '', 55512, 0, 0, NULL, NULL),
(982, 20, 3, '2018-05-17', '1550', '', 32011.2, 0, 0, NULL, NULL),
(983, 20, 3, '2018-05-17', '1550', '', 50544, 0, 0, NULL, NULL),
(984, 20, 3, '2018-05-17', '1550', '', 56390.4, 0, 0, NULL, NULL),
(985, 20, 3, '2018-05-17', '1550', '', 20332.8, 0, 0, NULL, NULL),
(986, 20, 3, '2018-05-17', '1550', '', 1278, 0, 0, NULL, NULL),
(987, 20, 3, '2018-05-17', '1550', '', 42066, 0, 0, NULL, NULL),
(988, 20, 3, '2018-05-17', '1550', '', 32760, 0, 0, NULL, NULL),
(989, 20, 3, '2018-05-17', '1550', '', 42073.2, 0, 0, NULL, NULL),
(990, 20, 3, '2018-05-17', '1550', '', 49608, 0, 0, NULL, NULL),
(991, 20, 3, '2018-05-17', '1550', '', 9612, 0, 0, NULL, NULL),
(992, 20, 3, '2018-05-17', '1550', '', 9270, 0, 0, NULL, NULL),
(993, 20, 3, '2018-05-17', '1550', '', 58680, 0, 0, NULL, NULL),
(994, 20, 3, '2018-05-17', '1550', '', 32054.4, 0, 0, NULL, NULL),
(995, 20, 3, '2018-05-17', '1550', '', 38142, 0, 0, NULL, NULL),
(996, 20, 3, '2018-05-17', '1550', '', 25923.6, 0, 0, NULL, NULL),
(997, 20, 3, '2018-05-17', '1550', '', 16005.6, 0, 0, NULL, NULL),
(998, 20, 3, '2018-05-17', '1550', '', 19638, 0, 0, NULL, NULL),
(999, 20, 3, '2018-05-17', '1550', '', 10675.8, 0, 0, NULL, NULL),
(1000, 25, 4, '2018-05-17', '1510', '10497', 9120, 0, 0, NULL, NULL),
(1001, 25, 4, '2018-05-17', '1510', '10498', 2422.5, 0, 0, NULL, NULL),
(1002, 25, 4, '2018-05-17', '1510', '10499', 1776.5, 0, 0, NULL, NULL),
(1003, 25, 4, '2018-05-17', '1510', '10500', 5320, 0, 0, NULL, NULL),
(1004, 25, 4, '2018-05-17', '1510', '10501', 3230, 0, 0, NULL, NULL),
(1005, 25, 4, '2018-05-17', '1510', '10502', 1710, 0, 0, NULL, NULL),
(1006, 25, 4, '2018-05-17', '1510', '10503', 2648.6, 0, 0, NULL, NULL),
(1007, 25, 4, '2018-05-17', '1510', '10504', 2470, 0, 0, NULL, NULL),
(1008, 25, 4, '2018-05-17', '1510', '10505', 2863.3, 0, 0, NULL, NULL),
(1009, 25, 4, '2018-05-17', '1510', '10506', 2964, 0, 0, NULL, NULL),
(1010, 25, 4, '2018-05-17', '1510', '10507', 2090, 0, 0, NULL, NULL),
(1011, 25, 4, '2018-05-17', '1510', '10508', 3097, 0, 0, NULL, NULL),
(1012, 25, 4, '2018-05-17', '1510', '10509', 7113.6, 0, 0, NULL, NULL),
(1013, 25, 4, '2018-05-17', '1510', '10510', 9690, 0, 0, NULL, NULL),
(1014, 25, 4, '2018-05-17', '1510', '10511', 3420, 0, 0, NULL, NULL),
(1015, 25, 4, '2018-05-17', '1510', '10512', 3230, 0, 0, NULL, NULL),
(1016, 25, 4, '2018-05-17', '1510', '10513', 2318, 0, 0, NULL, NULL),
(1017, 25, 4, '2018-05-17', '1510', '10514', 6460, 0, 0, NULL, NULL),
(1018, 25, 4, '2018-05-17', '1510', '10515', 12160, 0, 0, NULL, NULL),
(1019, 25, 4, '2018-05-17', '1510', '10516', 3800, 0, 0, NULL, NULL),
(1020, 25, 4, '2018-05-17', '1510', '10517', 1900, 0, 0, NULL, NULL),
(1021, 25, 4, '2018-05-17', '1510', '10518', 18407.2, 0, 0, NULL, NULL),
(1022, 25, 4, '2018-05-17', '1510', '10519', 950, 0, 0, NULL, NULL),
(1023, 25, 4, '2018-05-17', '1510', '10520', 28652, 0, 0, NULL, NULL),
(1024, 25, 4, '2018-05-17', '1510', '10521', 27268.8, 0, 0, NULL, NULL),
(1025, 25, 4, '2018-05-17', '1510', '10522', 21204, 0, 0, NULL, NULL),
(1026, 25, 4, '2018-05-17', '1510', '10523', 3078, 0, 0, NULL, NULL),
(1027, 25, 4, '2018-05-17', '1510', '10524', 84132, 0, 0, NULL, NULL),
(1028, 25, 4, '2018-05-17', '1510', '10525', 19494, 0, 0, NULL, NULL),
(1029, 25, 4, '2018-05-17', '1510', '10526', 31122, 0, 0, NULL, NULL),
(1030, 25, 4, '2018-05-17', '1510', '10527', 3553, 0, 0, NULL, NULL),
(1031, 25, 4, '2018-05-17', '1510', '10528', 17236.8, 0, 0, NULL, NULL),
(1032, 25, 4, '2018-05-17', '1510', '10529', 60534, 0, 0, NULL, NULL),
(1033, 25, 4, '2018-05-17', '1510', '10530', 482790, 0, 0, NULL, NULL),
(1034, 25, 4, '2018-05-17', '1510', '10531', 1299.6, 0, 0, NULL, NULL),
(1035, 25, 4, '2018-05-17', '1510', '10532', 10032, 0, 0, NULL, NULL),
(1036, 25, 4, '2018-05-17', '1510', '10533', 6384, 0, 0, NULL, NULL),
(1037, 25, 4, '2018-05-17', '1510', '10534', 15017.6, 0, 0, NULL, NULL),
(1038, 25, 4, '2018-05-17', '1510', '10535', 1140, 0, 0, NULL, NULL),
(1039, 25, 4, '2018-05-17', '1510', '10536', 6566.4, 0, 0, NULL, NULL),
(1040, 25, 4, '2018-05-17', '1510', '10537', 6536, 0, 0, NULL, NULL),
(1041, 25, 4, '2018-05-17', '1510', '10538', 8702, 0, 0, NULL, NULL),
(1042, 25, 4, '2018-05-17', '1510', '10539', 2234.4, 0, 0, NULL, NULL),
(1043, 25, 4, '2018-05-17', '1510', '10540', 1223.6, 0, 0, NULL, NULL),
(1044, 25, 4, '2018-05-17', '1510', '10541', 2660, 0, 0, NULL, NULL),
(1045, 25, 4, '2018-05-17', '1510', '10542', 15200, 0, 0, NULL, NULL),
(1046, 25, 4, '2018-05-17', '1510', '10543', 6040.1, 0, 0, NULL, NULL),
(1047, 25, 4, '2018-05-17', '1510', '10544', 3040, 0, 0, NULL, NULL),
(1048, 25, 4, '2018-05-17', '1510', '10545', 2280, 0, 0, NULL, NULL),
(1049, 25, 4, '2018-05-17', '1510', '10546', 9788.8, 0, 0, NULL, NULL),
(1050, 25, 4, '2018-05-17', '1510', '10547', 2810.1, 0, 0, NULL, NULL),
(1051, 25, 4, '2018-05-17', '1510', '10548', 5320, 0, 0, NULL, NULL),
(1052, 25, 4, '2018-05-17', '1510', '10549', 4180, 0, 0, NULL, NULL),
(1053, 25, 4, '2018-05-17', '1510', '10550', 30438, 0, 0, NULL, NULL),
(1054, 25, 4, '2018-05-17', '1510', '10551', 1520, 0, 0, NULL, NULL),
(1055, 25, 4, '2018-05-17', '1510', '10552', 25536, 0, 0, NULL, NULL),
(1056, 25, 4, '2018-05-17', '1510', '10553', 592.8, 0, 0, NULL, NULL),
(1057, 25, 4, '2018-05-17', '1510', '10554', 646, 0, 0, NULL, NULL),
(1058, 25, 4, '2018-05-17', '1510', '10555', 608, 0, 0, NULL, NULL),
(1059, 25, 4, '2018-05-17', '1510', '10556', 623.2, 0, 0, NULL, NULL),
(1060, 25, 4, '2018-05-17', '1510', '10557', 668.8, 0, 0, NULL, NULL),
(1061, 25, 4, '2018-05-17', '1510', '10558', 623.2, 0, 0, NULL, NULL),
(1062, 25, 4, '2018-05-17', '1510', '10559', 1337.6, 0, 0, NULL, NULL),
(1063, 25, 4, '2018-05-17', '1510', '10560', 668.8, 0, 0, NULL, NULL),
(1064, 25, 4, '2018-05-17', '1510', '10561', 684, 0, 0, NULL, NULL),
(1065, 25, 4, '2018-05-17', '1510', '10562', 623.2, 0, 0, NULL, NULL),
(1066, 25, 4, '2018-05-17', '1510', '10563', 1246.4, 0, 0, NULL, NULL),
(1067, 25, 4, '2018-05-17', '1510', '10564', 1246.4, 0, 0, NULL, NULL),
(1068, 25, 4, '2018-05-17', '1510', '10565', 684, 0, 0, NULL, NULL),
(1069, 25, 4, '2018-05-17', '1510', '10566', 623.2, 0, 0, NULL, NULL),
(1070, 25, 4, '2018-05-17', '1510', '10567', 1246.4, 0, 0, NULL, NULL),
(1071, 25, 4, '2018-05-17', '1510', '10568', 1520, 0, 0, NULL, NULL),
(1072, 25, 4, '2018-05-17', '1510', '10569', 8892, 0, 0, NULL, NULL),
(1073, 25, 4, '2018-05-17', '1510', '10570', 6384, 0, 0, NULL, NULL),
(1074, 25, 4, '2018-05-17', '1510', '10571', 6384, 0, 0, NULL, NULL),
(1075, 25, 4, '2018-05-17', '1510', '10572', 5586, 0, 0, NULL, NULL),
(1076, 25, 4, '2018-05-17', '1510', '10573', 6384, 0, 0, NULL, NULL),
(1077, 25, 4, '2018-05-17', '1510', '10574', 8512, 0, 0, NULL, NULL),
(1078, 25, 4, '2018-05-17', '1510', '10575', 8512, 0, 0, NULL, NULL),
(1079, 25, 4, '2018-05-17', '1510', '10576', 8512, 0, 0, NULL, NULL),
(1080, 25, 4, '2018-05-17', '1510', '10577', 8512, 0, 0, NULL, NULL),
(1081, 25, 4, '2018-05-17', '1510', '10578', 4256, 0, 0, NULL, NULL),
(1082, 25, 4, '2018-05-17', '1510', '10579', 1330, 0, 0, NULL, NULL),
(1083, 25, 4, '2018-05-17', '1510', '10580', 8512, 0, 0, NULL, NULL),
(1084, 25, 4, '2018-05-17', '1510', '10581', 2052, 0, 0, NULL, NULL),
(1085, 25, 4, '2018-05-17', '1510', '10582', 2052, 0, 0, NULL, NULL),
(1086, 25, 4, '2018-05-17', '1510', '10583', 2052, 0, 0, NULL, NULL),
(1087, 25, 4, '2018-05-17', '1510', '10584', 4104, 0, 0, NULL, NULL),
(1088, 25, 4, '2018-05-17', '1510', '10585', 2736, 0, 0, NULL, NULL),
(1089, 25, 4, '2018-05-17', '1510', '10586', 2736, 0, 0, NULL, NULL),
(1090, 25, 4, '2018-05-17', '1510', '10587', 1824, 0, 0, NULL, NULL),
(1091, 25, 4, '2018-05-17', '1510', '10588', 3648, 0, 0, NULL, NULL),
(1092, 25, 4, '2018-05-17', '1510', '10589', 2736, 0, 0, NULL, NULL),
(1093, 25, 4, '2018-05-17', '1510', '10590', 3648, 0, 0, NULL, NULL),
(1094, 25, 4, '2018-05-17', '1510', '10591', 16967, 0, 0, NULL, NULL),
(1095, 25, 4, '2018-05-17', '1510', '10592', 44608.2, 0, 0, NULL, NULL),
(1096, 25, 4, '2018-05-17', '1510', '10593', 13919.4, 0, 0, NULL, NULL),
(1097, 25, 4, '2018-05-17', '1510', '10594', 5067.3, 0, 0, NULL, NULL),
(1098, 25, 4, '2018-05-17', '1510', '10595', 14723.1, 0, 0, NULL, NULL),
(1099, 25, 4, '2018-05-17', '1510', '10596', 22.8, 0, 0, NULL, NULL),
(1100, 25, 4, '2018-05-17', '1510', '10597', 469.3, 0, 0, NULL, NULL),
(1101, 25, 4, '2018-05-17', '1510', '10598', 38, 0, 0, NULL, NULL),
(1102, 25, 4, '2018-05-17', '1510', '10599', 17077.2, 0, 0, NULL, NULL),
(1103, 25, 4, '2018-05-17', '1510', '10600', 6543.6, 0, 0, NULL, NULL),
(1104, 25, 4, '2018-05-17', '1510', '10601', 10678, 0, 0, NULL, NULL),
(1105, 25, 4, '2018-05-17', '1510', '10602', 10533.6, 0, 0, NULL, NULL),
(1106, 25, 4, '2018-05-17', '1510', '10603', 11890.2, 0, 0, NULL, NULL),
(1107, 25, 4, '2018-05-17', '1510', '10604', 14364, 0, 0, NULL, NULL),
(1108, 25, 4, '2018-05-17', '1510', '10605', 13885.2, 0, 0, NULL, NULL),
(1109, 25, 4, '2018-05-17', '1510', '10606', 13885.2, 0, 0, NULL, NULL),
(1110, 25, 4, '2018-05-17', '1510', '10607', 13406.4, 0, 0, NULL, NULL),
(1111, 25, 4, '2018-05-17', '1510', '10608', 14842.8, 0, 0, NULL, NULL),
(1112, 25, 4, '2018-05-17', '1510', '10609', 13885.2, 0, 0, NULL, NULL),
(1113, 25, 4, '2018-05-17', '1510', '10610', 19083.6, 0, 0, NULL, NULL),
(1114, 25, 4, '2018-05-17', '1510', '10611', 20930.4, 0, 0, NULL, NULL),
(1115, 25, 4, '2018-05-17', '1510', '10612', 17852.4, 0, 0, NULL, NULL),
(1116, 25, 4, '2018-05-17', '1510', '10613', 22777.2, 0, 0, NULL, NULL),
(1117, 25, 4, '2018-05-17', '1510', '10614', 13885.2, 0, 0, NULL, NULL),
(1118, 25, 4, '2018-05-17', '1510', '10615', 14842.8, 0, 0, NULL, NULL),
(1119, 25, 4, '2018-05-17', '1510', '10616', 19950, 0, 0, NULL, NULL),
(1120, 25, 4, '2018-05-17', '1510', '10617', 19152, 0, 0, NULL, NULL),
(1121, 25, 4, '2018-05-17', '1510', '10618', 21067.2, 0, 0, NULL, NULL),
(1122, 25, 4, '2018-05-17', '1510', '10619', 22230, 0, 0, NULL, NULL),
(1123, 25, 4, '2018-05-17', '1510', '10620', 31623.6, 0, 0, NULL, NULL),
(1124, 25, 4, '2018-05-17', '1510', '10621', 19152, 0, 0, NULL, NULL),
(1125, 25, 4, '2018-05-17', '1510', '10622', 22572, 0, 0, NULL, NULL),
(1126, 25, 4, '2018-05-17', '1510', '10623', 6650, 0, 0, NULL, NULL),
(1127, 25, 4, '2018-05-17', '1510', '10624', 6520.8, 0, 0, NULL, NULL),
(1128, 25, 4, '2018-05-17', '1510', '10625', 478.8, 0, 0, NULL, NULL),
(1129, 25, 4, '2018-05-17', '1510', '10626', 1276.8, 0, 0, NULL, NULL),
(1130, 25, 4, '2018-05-17', '1510', '10627', 1436.4, 0, 0, NULL, NULL),
(1131, 25, 4, '2018-05-17', '1510', '10628', 1276.8, 0, 0, NULL, NULL),
(1132, 25, 4, '2018-05-17', '1510', '10629', 4012.8, 0, 0, NULL, NULL),
(1133, 25, 4, '2018-05-17', '1510', '10630', 3648, 0, 0, NULL, NULL),
(1134, 25, 4, '2018-05-17', '1510', '10631', 3648, 0, 0, NULL, NULL),
(1135, 25, 4, '2018-05-17', '1510', '10632', 1276.8, 0, 0, NULL, NULL),
(1136, 25, 4, '2018-05-17', '1510', '10633', 729.6, 0, 0, NULL, NULL),
(1137, 25, 4, '2018-05-17', '1510', '10634', 3100.8, 0, 0, NULL, NULL),
(1138, 25, 4, '2018-05-17', '1510', '10635', 3283.2, 0, 0, NULL, NULL),
(1139, 25, 4, '2018-05-17', '1510', '10636', 20235, 0, 0, NULL, NULL),
(1140, 25, 4, '2018-05-17', '1510', '10637', 21204, 0, 0, NULL, NULL),
(1141, 25, 4, '2018-05-17', '1510', '10638', 12540, 0, 0, NULL, NULL),
(1142, 25, 4, '2018-05-17', '1510', '10639', 9572.2, 0, 0, NULL, NULL),
(1143, 25, 4, '2018-05-17', '1510', '10640', 12038.4, 0, 0, NULL, NULL),
(1144, 25, 4, '2018-05-17', '1510', '10641', 14546.4, 0, 0, NULL, NULL),
(1145, 25, 4, '2018-05-17', '1510', '10642', 13167, 0, 0, NULL, NULL),
(1146, 25, 4, '2018-05-17', '1510', '10643', 12312, 0, 0, NULL, NULL),
(1147, 25, 4, '2018-05-17', '1510', '10644', 10123.2, 0, 0, NULL, NULL),
(1148, 25, 4, '2018-05-17', '1510', '10645', 14364, 0, 0, NULL, NULL),
(1149, 25, 4, '2018-05-17', '1510', '10646', 14364, 0, 0, NULL, NULL),
(1150, 25, 4, '2018-05-17', '1510', '10647', 4788, 0, 0, NULL, NULL),
(1151, 25, 4, '2018-05-17', '1510', '10648', 10944, 0, 0, NULL, NULL),
(1152, 25, 4, '2018-05-17', '1510', '10649', 10944, 0, 0, NULL, NULL),
(1153, 25, 4, '2018-05-17', '1510', '10650', 11308.8, 0, 0, NULL, NULL),
(1154, 25, 4, '2018-05-17', '1510', '10651', 17043, 0, 0, NULL, NULL),
(1155, 25, 4, '2018-05-17', '1510', '10652', 16963.2, 0, 0, NULL, NULL),
(1156, 25, 4, '2018-05-17', '1510', '10653', 18604.8, 0, 0, NULL, NULL),
(1157, 25, 4, '2018-05-17', '1510', '10654', 18057.6, 0, 0, NULL, NULL),
(1158, 25, 4, '2018-05-17', '1510', '10655', 16416, 0, 0, NULL, NULL),
(1159, 25, 4, '2018-05-17', '1510', '10656', 18604.8, 0, 0, NULL, NULL),
(1160, 25, 4, '2018-05-17', '1510', '10657', 22572, 0, 0, NULL, NULL),
(1161, 25, 4, '2018-05-17', '1510', '10658', 17510.4, 0, 0, NULL, NULL),
(1162, 25, 4, '2018-05-17', '1510', '10659', 18057.6, 0, 0, NULL, NULL),
(1163, 25, 4, '2018-05-17', '1510', '10660', 15868.8, 0, 0, NULL, NULL),
(1164, 25, 4, '2018-05-17', '1510', '10661', 25536, 0, 0, NULL, NULL),
(1165, 25, 4, '2018-05-17', '1510', '10662', 35431.2, 0, 0, NULL, NULL),
(1166, 25, 4, '2018-05-17', '1510', '10663', 4199, 0, 0, NULL, NULL),
(1167, 25, 4, '2018-05-17', '1510', '10664', 646, 0, 0, NULL, NULL),
(1168, 25, 4, '2018-05-17', '1510', '10665', 6137, 0, 0, NULL, NULL),
(1169, 25, 4, '2018-05-17', '1510', '10666', 10659, 0, 0, NULL, NULL),
(1170, 25, 4, '2018-05-17', '1510', '10667', 5491, 0, 0, NULL, NULL),
(1171, 25, 4, '2018-05-17', '1510', '10668', 12597, 0, 0, NULL, NULL),
(1172, 25, 4, '2018-05-17', '1510', '10669', 4845, 0, 0, NULL, NULL),
(1173, 25, 4, '2018-05-17', '1510', '10670', 4199, 0, 0, NULL, NULL),
(1174, 25, 4, '2018-05-17', '1510', '10671', 2261, 0, 0, NULL, NULL),
(1175, 25, 4, '2018-05-17', '1510', '10672', 6137, 0, 0, NULL, NULL),
(1176, 25, 4, '2018-05-17', '1510', '10673', 14858, 0, 0, NULL, NULL),
(1177, 25, 4, '2018-05-17', '1510', '10674', 21318, 0, 0, NULL, NULL),
(1178, 25, 4, '2018-05-17', '1510', '10675', 5491, 0, 0, NULL, NULL),
(1179, 25, 4, '2018-05-17', '1510', '10676', 20995, 0, 0, NULL, NULL),
(1180, 25, 4, '2018-05-17', '1510', '10677', 6460, 0, 0, NULL, NULL),
(1181, 25, 4, '2018-05-17', '1510', '10678', 17765, 0, 0, NULL, NULL),
(1182, 25, 4, '2018-05-17', '1510', '10679', 6137, 0, 0, NULL, NULL),
(1183, 25, 4, '2018-05-17', '1510', '10680', 969, 0, 0, NULL, NULL),
(1184, 25, 4, '2018-05-17', '1510', '10681', 15827, 0, 0, NULL, NULL),
(1185, 25, 4, '2018-05-17', '1510', '10682', 5814, 0, 0, NULL, NULL),
(1186, 25, 4, '2018-05-17', '1510', '10683', 969, 0, 0, NULL, NULL),
(1187, 25, 4, '2018-05-17', '1510', '10684', 7429, 0, 0, NULL, NULL),
(1188, 25, 4, '2018-05-17', '1510', '10685', 3553, 0, 0, NULL, NULL),
(1189, 25, 4, '2018-05-17', '1510', '10686', 3876, 0, 0, NULL, NULL),
(1190, 25, 4, '2018-05-17', '1510', '10687', 323, 0, 0, NULL, NULL),
(1191, 25, 4, '2018-05-17', '1510', '10688', 10982, 0, 0, NULL, NULL),
(1192, 25, 4, '2018-05-17', '1510', '10689', 8721, 0, 0, NULL, NULL),
(1193, 25, 4, '2018-05-17', '1510', '10690', 12274, 0, 0, NULL, NULL),
(1194, 25, 4, '2018-05-17', '1510', '10691', 323, 0, 0, NULL, NULL),
(1195, 25, 4, '2018-05-17', '1510', '10692', 7106, 0, 0, NULL, NULL),
(1196, 25, 4, '2018-05-17', '1510', '10693', 12597, 0, 0, NULL, NULL),
(1197, 25, 4, '2018-05-17', '1510', '10694', 4522, 0, 0, NULL, NULL),
(1198, 25, 4, '2018-05-17', '1510', '10695', 14212, 0, 0, NULL, NULL),
(1199, 25, 4, '2018-05-17', '1510', '10696', 12920, 0, 0, NULL, NULL),
(1200, 25, 4, '2018-05-17', '1510', '10697', 22933, 0, 0, NULL, NULL),
(1201, 25, 4, '2018-05-17', '1510', '10698', 1938, 0, 0, NULL, NULL),
(1202, 25, 4, '2018-05-17', '1510', '10699', 323, 0, 0, NULL, NULL),
(1203, 25, 4, '2018-05-17', '1510', '10700', 2660, 0, 0, NULL, NULL),
(1204, 25, 4, '2018-05-17', '1510', '10701', 8360, 0, 0, NULL, NULL),
(1205, 25, 4, '2018-05-17', '1510', '10702', 5472, 0, 0, NULL, NULL),
(1206, 25, 4, '2018-05-17', '1510', '10703', 3496, 0, 0, NULL, NULL),
(1207, 25, 4, '2018-05-17', '1510', '10704', 15200, 0, 0, NULL, NULL),
(1208, 25, 4, '2018-05-17', '1510', '10705', 31160, 0, 0, NULL, NULL),
(1209, 25, 4, '2018-05-17', '1510', '10706', 11628, 0, 0, NULL, NULL),
(1210, 25, 4, '2018-05-17', '1510', '10707', 22572, 0, 0, NULL, NULL),
(1211, 25, 4, '2018-05-17', '1510', '10708', 31920, 0, 0, NULL, NULL),
(1212, 25, 4, '2018-05-17', '1510', '10709', 31160, 0, 0, NULL, NULL),
(1213, 25, 4, '2018-05-17', '1510', '10710', 11400, 0, 0, NULL, NULL),
(1214, 25, 4, '2018-05-17', '1510', '10711', 2185, 0, 0, NULL, NULL),
(1215, 25, 4, '2018-05-17', '1510', '10712', 11362, 0, 0, NULL, NULL),
(1216, 25, 4, '2018-05-17', '1510', '10713', 874, 0, 0, NULL, NULL),
(1217, 25, 4, '2018-05-17', '1510', '10714', 437, 0, 0, NULL, NULL),
(1218, 25, 4, '2018-05-17', '1510', '10715', 437, 0, 0, NULL, NULL),
(1219, 25, 4, '2018-05-17', '1510', '10716', 5681, 0, 0, NULL, NULL),
(1220, 25, 4, '2018-05-17', '1510', '10717', 10488, 0, 0, NULL, NULL),
(1221, 25, 4, '2018-05-17', '1510', '10718', 4807, 0, 0, NULL, NULL),
(1222, 25, 4, '2018-05-17', '1510', '10719', 437, 0, 0, NULL, NULL),
(1223, 25, 4, '2018-05-17', '1510', '10720', 1064, 0, 0, NULL, NULL),
(1224, 25, 4, '2018-05-17', '1510', '10721', 1178, 0, 0, NULL, NULL),
(1225, 25, 4, '2018-05-17', '1510', '10722', 1026, 0, 0, NULL, NULL),
(1226, 25, 4, '2018-05-17', '1510', '10723', 608, 0, 0, NULL, NULL),
(1227, 25, 4, '2018-05-17', '1510', '10724', 1368, 0, 0, NULL, NULL),
(1228, 25, 4, '2018-05-17', '1510', '10725', 1900, 0, 0, NULL, NULL),
(1229, 25, 4, '2018-05-17', '1510', '10726', 10450, 0, 0, NULL, NULL),
(1230, 25, 4, '2018-05-17', '1510', '10727', 494, 0, 0, NULL, NULL),
(1231, 25, 4, '2018-05-17', '1510', '10728', 418, 0, 0, NULL, NULL),
(1232, 25, 4, '2018-05-17', '1510', '10729', 950, 0, 0, NULL, NULL),
(1233, 25, 4, '2018-05-17', '1510', '10730', 2736, 0, 0, NULL, NULL),
(1234, 25, 4, '2018-05-17', '1510', '10731', 334.4, 0, 0, NULL, NULL),
(1235, 25, 4, '2018-05-17', '1510', '10732', 950, 0, 0, NULL, NULL),
(1236, 25, 4, '2018-05-17', '1510', '10733', 988, 0, 0, NULL, NULL),
(1237, 25, 4, '2018-05-17', '1510', '10734', 475, 0, 0, NULL, NULL),
(1238, 25, 4, '2018-05-17', '1510', '10735', 6384, 0, 0, NULL, NULL),
(1239, 25, 4, '2018-05-17', '1510', '10736', 988, 0, 0, NULL, NULL),
(1240, 25, 4, '2018-05-17', '1510', '10737', 2565, 0, 0, NULL, NULL),
(1241, 25, 4, '2018-05-17', '1510', '10738', 2622, 0, 0, NULL, NULL),
(1242, 25, 4, '2018-05-17', '1510', '10739', 418, 0, 0, NULL, NULL),
(1243, 25, 4, '2018-05-17', '1510', '10740', 494, 0, 0, NULL, NULL),
(1244, 25, 4, '2018-05-17', '1510', '10741', 1026, 0, 0, NULL, NULL),
(1245, 25, 4, '2018-05-17', '1510', '10742', 570, 0, 0, NULL, NULL),
(1246, 25, 4, '2018-05-17', '1510', '10743', 27436, 0, 0, NULL, NULL),
(1247, 25, 4, '2018-05-17', '1510', '10744', 24548, 0, 0, NULL, NULL),
(1248, 25, 4, '2018-05-17', '1510', '10745', 20748, 0, 0, NULL, NULL),
(1249, 25, 4, '2018-05-17', '1510', '10746', 4104, 0, 0, NULL, NULL),
(1250, 25, 4, '2018-05-17', '1510', '10747', 26600, 0, 0, NULL, NULL),
(1251, 25, 4, '2018-05-17', '1510', '10748', 32604, 0, 0, NULL, NULL),
(1252, 25, 4, '2018-05-17', '1510', '10749', 4864, 0, 0, NULL, NULL),
(1253, 25, 4, '2018-05-17', '1510', '10750', 2508, 0, 0, NULL, NULL),
(1254, 25, 4, '2018-05-17', '1510', '10751', 3344, 0, 0, NULL, NULL),
(1255, 25, 4, '2018-05-17', '1510', '10752', 2090, 0, 0, NULL, NULL),
(1256, 25, 4, '2018-05-17', '1510', '10753', 2926, 0, 0, NULL, NULL),
(1257, 25, 4, '2018-05-17', '1510', '10754', 418, 0, 0, NULL, NULL),
(1258, 25, 4, '2018-05-17', '1510', '10755', 456, 0, 0, NULL, NULL),
(1259, 25, 4, '2018-05-17', '1510', '10756', 5472, 0, 0, NULL, NULL),
(1260, 25, 4, '2018-05-17', '1510', '10757', 6384, 0, 0, NULL, NULL),
(1261, 25, 4, '2018-05-17', '1510', '10758', 2888, 0, 0, NULL, NULL),
(1262, 25, 4, '2018-05-17', '1510', '10759', 627, 0, 0, NULL, NULL),
(1263, 25, 4, '2018-05-17', '1510', '10760', 2850, 0, 0, NULL, NULL),
(1264, 25, 4, '2018-05-17', '1510', '10761', 570, 0, 0, NULL, NULL),
(1265, 25, 4, '2018-05-17', '1510', '10762', 1824, 0, 0, NULL, NULL),
(1266, 25, 4, '2018-05-17', '1510', '10763', 2280, 0, 0, NULL, NULL),
(1267, 25, 4, '2018-05-17', '1510', '10764', 1140, 0, 0, NULL, NULL),
(1268, 25, 4, '2018-05-17', '1510', '10765', 12141, 0, 0, NULL, NULL),
(1269, 25, 4, '2018-05-17', '1510', '10766', 11628, 0, 0, NULL, NULL),
(1270, 25, 4, '2018-05-17', '1510', '10767', 10773, 0, 0, NULL, NULL),
(1271, 25, 4, '2018-05-17', '1510', '10768', 11970, 0, 0, NULL, NULL),
(1272, 25, 4, '2018-05-17', '1510', '10769', 13034, 0, 0, NULL, NULL),
(1273, 25, 4, '2018-05-17', '1510', '10770', 3180.6, 0, 0, NULL, NULL),
(1274, 25, 4, '2018-05-17', '1510', '10771', 10906, 0, 0, NULL, NULL),
(1275, 25, 4, '2018-05-17', '1510', '10772', 530.1, 0, 0, NULL, NULL),
(1276, 25, 4, '2018-05-17', '1510', '10773', 1590.3, 0, 0, NULL, NULL),
(1277, 25, 4, '2018-05-17', '1510', '10774', 6891.3, 0, 0, NULL, NULL),
(1278, 25, 4, '2018-05-17', '1510', '10775', 33396.3, 0, 0, NULL, NULL),
(1279, 25, 4, '2018-05-17', '1510', '10776', 20673.9, 0, 0, NULL, NULL),
(1280, 25, 4, '2018-05-17', '1510', '10777', 30215.7, 0, 0, NULL, NULL),
(1281, 25, 4, '2018-05-17', '1550', '', -3044719.6, 0, 0, NULL, NULL),
(1282, 20, 4, '2018-05-17', '1060', '', 0, 0, 0, NULL, NULL),
(1283, 20, 4, '2018-05-17', '2100', '', -3044719.6, 0, 0, 3, 0x34),
(1284, 20, 4, '2018-05-17', '1550', '', 9120, 0, 0, NULL, NULL),
(1285, 20, 4, '2018-05-17', '1550', '', 2422.5, 0, 0, NULL, NULL),
(1286, 20, 4, '2018-05-17', '1550', '', 1776.5, 0, 0, NULL, NULL),
(1287, 20, 4, '2018-05-17', '1550', '', 5320, 0, 0, NULL, NULL),
(1288, 20, 4, '2018-05-17', '1550', '', 3230, 0, 0, NULL, NULL),
(1289, 20, 4, '2018-05-17', '1550', '', 1710, 0, 0, NULL, NULL),
(1290, 20, 4, '2018-05-17', '1550', '', 2648.6, 0, 0, NULL, NULL),
(1291, 20, 4, '2018-05-17', '1550', '', 2470, 0, 0, NULL, NULL),
(1292, 20, 4, '2018-05-17', '1550', '', 2863.3, 0, 0, NULL, NULL),
(1293, 20, 4, '2018-05-17', '1550', '', 2964, 0, 0, NULL, NULL),
(1294, 20, 4, '2018-05-17', '1550', '', 2090, 0, 0, NULL, NULL),
(1295, 20, 4, '2018-05-17', '1550', '', 3097, 0, 0, NULL, NULL),
(1296, 20, 4, '2018-05-17', '1550', '', 7113.6, 0, 0, NULL, NULL),
(1297, 20, 4, '2018-05-17', '1550', '', 9690, 0, 0, NULL, NULL),
(1298, 20, 4, '2018-05-17', '1550', '', 3420, 0, 0, NULL, NULL),
(1299, 20, 4, '2018-05-17', '1550', '', 3230, 0, 0, NULL, NULL),
(1300, 20, 4, '2018-05-17', '1550', '', 2318, 0, 0, NULL, NULL),
(1301, 20, 4, '2018-05-17', '1550', '', 6460, 0, 0, NULL, NULL),
(1302, 20, 4, '2018-05-17', '1550', '', 12160, 0, 0, NULL, NULL),
(1303, 20, 4, '2018-05-17', '1550', '', 3800, 0, 0, NULL, NULL),
(1304, 20, 4, '2018-05-17', '1550', '', 1900, 0, 0, NULL, NULL),
(1305, 20, 4, '2018-05-17', '1550', '', 18407.2, 0, 0, NULL, NULL),
(1306, 20, 4, '2018-05-17', '1550', '', 950, 0, 0, NULL, NULL),
(1307, 20, 4, '2018-05-17', '1550', '', 28652, 0, 0, NULL, NULL),
(1308, 20, 4, '2018-05-17', '1550', '', 27268.8, 0, 0, NULL, NULL),
(1309, 20, 4, '2018-05-17', '1550', '', 21204, 0, 0, NULL, NULL),
(1310, 20, 4, '2018-05-17', '1550', '', 3078, 0, 0, NULL, NULL),
(1311, 20, 4, '2018-05-17', '1550', '', 84132, 0, 0, NULL, NULL),
(1312, 20, 4, '2018-05-17', '1550', '', 19494, 0, 0, NULL, NULL),
(1313, 20, 4, '2018-05-17', '1550', '', 31122, 0, 0, NULL, NULL),
(1314, 20, 4, '2018-05-17', '1550', '', 3553, 0, 0, NULL, NULL),
(1315, 20, 4, '2018-05-17', '1550', '', 17236.8, 0, 0, NULL, NULL),
(1316, 20, 4, '2018-05-17', '1550', '', 60534, 0, 0, NULL, NULL),
(1317, 20, 4, '2018-05-17', '1550', '', 482790, 0, 0, NULL, NULL),
(1318, 20, 4, '2018-05-17', '1550', '', 1299.6, 0, 0, NULL, NULL),
(1319, 20, 4, '2018-05-17', '1550', '', 10032, 0, 0, NULL, NULL),
(1320, 20, 4, '2018-05-17', '1550', '', 6384, 0, 0, NULL, NULL),
(1321, 20, 4, '2018-05-17', '1550', '', 15017.6, 0, 0, NULL, NULL),
(1322, 20, 4, '2018-05-17', '1550', '', 1140, 0, 0, NULL, NULL),
(1323, 20, 4, '2018-05-17', '1550', '', 6566.4, 0, 0, NULL, NULL),
(1324, 20, 4, '2018-05-17', '1550', '', 6536, 0, 0, NULL, NULL),
(1325, 20, 4, '2018-05-17', '1550', '', 8702, 0, 0, NULL, NULL),
(1326, 20, 4, '2018-05-17', '1550', '', 2234.4, 0, 0, NULL, NULL),
(1327, 20, 4, '2018-05-17', '1550', '', 1223.6, 0, 0, NULL, NULL),
(1328, 20, 4, '2018-05-17', '1550', '', 2660, 0, 0, NULL, NULL),
(1329, 20, 4, '2018-05-17', '1550', '', 15200, 0, 0, NULL, NULL),
(1330, 20, 4, '2018-05-17', '1550', '', 6040.1, 0, 0, NULL, NULL),
(1331, 20, 4, '2018-05-17', '1550', '', 3040, 0, 0, NULL, NULL),
(1332, 20, 4, '2018-05-17', '1550', '', 2280, 0, 0, NULL, NULL),
(1333, 20, 4, '2018-05-17', '1550', '', 9788.8, 0, 0, NULL, NULL),
(1334, 20, 4, '2018-05-17', '1550', '', 2810.1, 0, 0, NULL, NULL),
(1335, 20, 4, '2018-05-17', '1550', '', 5320, 0, 0, NULL, NULL),
(1336, 20, 4, '2018-05-17', '1550', '', 4180, 0, 0, NULL, NULL),
(1337, 20, 4, '2018-05-17', '1550', '', 30438, 0, 0, NULL, NULL),
(1338, 20, 4, '2018-05-17', '1550', '', 1520, 0, 0, NULL, NULL),
(1339, 20, 4, '2018-05-17', '1550', '', 25536, 0, 0, NULL, NULL),
(1340, 20, 4, '2018-05-17', '1550', '', 592.8, 0, 0, NULL, NULL),
(1341, 20, 4, '2018-05-17', '1550', '', 646, 0, 0, NULL, NULL),
(1342, 20, 4, '2018-05-17', '1550', '', 608, 0, 0, NULL, NULL),
(1343, 20, 4, '2018-05-17', '1550', '', 623.2, 0, 0, NULL, NULL),
(1344, 20, 4, '2018-05-17', '1550', '', 668.8, 0, 0, NULL, NULL),
(1345, 20, 4, '2018-05-17', '1550', '', 623.2, 0, 0, NULL, NULL),
(1346, 20, 4, '2018-05-17', '1550', '', 1337.6, 0, 0, NULL, NULL),
(1347, 20, 4, '2018-05-17', '1550', '', 668.8, 0, 0, NULL, NULL),
(1348, 20, 4, '2018-05-17', '1550', '', 684, 0, 0, NULL, NULL),
(1349, 20, 4, '2018-05-17', '1550', '', 623.2, 0, 0, NULL, NULL),
(1350, 20, 4, '2018-05-17', '1550', '', 1246.4, 0, 0, NULL, NULL),
(1351, 20, 4, '2018-05-17', '1550', '', 1246.4, 0, 0, NULL, NULL),
(1352, 20, 4, '2018-05-17', '1550', '', 684, 0, 0, NULL, NULL),
(1353, 20, 4, '2018-05-17', '1550', '', 623.2, 0, 0, NULL, NULL),
(1354, 20, 4, '2018-05-17', '1550', '', 1246.4, 0, 0, NULL, NULL),
(1355, 20, 4, '2018-05-17', '1550', '', 1520, 0, 0, NULL, NULL),
(1356, 20, 4, '2018-05-17', '1550', '', 8892, 0, 0, NULL, NULL),
(1357, 20, 4, '2018-05-17', '1550', '', 6384, 0, 0, NULL, NULL),
(1358, 20, 4, '2018-05-17', '1550', '', 6384, 0, 0, NULL, NULL),
(1359, 20, 4, '2018-05-17', '1550', '', 5586, 0, 0, NULL, NULL),
(1360, 20, 4, '2018-05-17', '1550', '', 6384, 0, 0, NULL, NULL),
(1361, 20, 4, '2018-05-17', '1550', '', 8512, 0, 0, NULL, NULL),
(1362, 20, 4, '2018-05-17', '1550', '', 8512, 0, 0, NULL, NULL),
(1363, 20, 4, '2018-05-17', '1550', '', 8512, 0, 0, NULL, NULL),
(1364, 20, 4, '2018-05-17', '1550', '', 8512, 0, 0, NULL, NULL),
(1365, 20, 4, '2018-05-17', '1550', '', 4256, 0, 0, NULL, NULL),
(1366, 20, 4, '2018-05-17', '1550', '', 1330, 0, 0, NULL, NULL),
(1367, 20, 4, '2018-05-17', '1550', '', 8512, 0, 0, NULL, NULL),
(1368, 20, 4, '2018-05-17', '1550', '', 2052, 0, 0, NULL, NULL),
(1369, 20, 4, '2018-05-17', '1550', '', 2052, 0, 0, NULL, NULL),
(1370, 20, 4, '2018-05-17', '1550', '', 2052, 0, 0, NULL, NULL),
(1371, 20, 4, '2018-05-17', '1550', '', 4104, 0, 0, NULL, NULL),
(1372, 20, 4, '2018-05-17', '1550', '', 2736, 0, 0, NULL, NULL),
(1373, 20, 4, '2018-05-17', '1550', '', 2736, 0, 0, NULL, NULL),
(1374, 20, 4, '2018-05-17', '1550', '', 1824, 0, 0, NULL, NULL),
(1375, 20, 4, '2018-05-17', '1550', '', 3648, 0, 0, NULL, NULL),
(1376, 20, 4, '2018-05-17', '1550', '', 2736, 0, 0, NULL, NULL),
(1377, 20, 4, '2018-05-17', '1550', '', 3648, 0, 0, NULL, NULL),
(1378, 20, 4, '2018-05-17', '1550', '', 16967, 0, 0, NULL, NULL),
(1379, 20, 4, '2018-05-17', '1550', '', 44608.2, 0, 0, NULL, NULL),
(1380, 20, 4, '2018-05-17', '1550', '', 13919.4, 0, 0, NULL, NULL),
(1381, 20, 4, '2018-05-17', '1550', '', 5067.3, 0, 0, NULL, NULL),
(1382, 20, 4, '2018-05-17', '1550', '', 14723.1, 0, 0, NULL, NULL),
(1383, 20, 4, '2018-05-17', '1550', '', 22.8, 0, 0, NULL, NULL),
(1384, 20, 4, '2018-05-17', '1550', '', 469.3, 0, 0, NULL, NULL),
(1385, 20, 4, '2018-05-17', '1550', '', 38, 0, 0, NULL, NULL),
(1386, 20, 4, '2018-05-17', '1550', '', 17077.2, 0, 0, NULL, NULL),
(1387, 20, 4, '2018-05-17', '1550', '', 6543.6, 0, 0, NULL, NULL),
(1388, 20, 4, '2018-05-17', '1550', '', 10678, 0, 0, NULL, NULL),
(1389, 20, 4, '2018-05-17', '1550', '', 10533.6, 0, 0, NULL, NULL),
(1390, 20, 4, '2018-05-17', '1550', '', 11890.2, 0, 0, NULL, NULL),
(1391, 20, 4, '2018-05-17', '1550', '', 14364, 0, 0, NULL, NULL),
(1392, 20, 4, '2018-05-17', '1550', '', 13885.2, 0, 0, NULL, NULL),
(1393, 20, 4, '2018-05-17', '1550', '', 13885.2, 0, 0, NULL, NULL),
(1394, 20, 4, '2018-05-17', '1550', '', 13406.4, 0, 0, NULL, NULL),
(1395, 20, 4, '2018-05-17', '1550', '', 14842.8, 0, 0, NULL, NULL),
(1396, 20, 4, '2018-05-17', '1550', '', 13885.2, 0, 0, NULL, NULL),
(1397, 20, 4, '2018-05-17', '1550', '', 19083.6, 0, 0, NULL, NULL),
(1398, 20, 4, '2018-05-17', '1550', '', 20930.4, 0, 0, NULL, NULL),
(1399, 20, 4, '2018-05-17', '1550', '', 17852.4, 0, 0, NULL, NULL),
(1400, 20, 4, '2018-05-17', '1550', '', 22777.2, 0, 0, NULL, NULL),
(1401, 20, 4, '2018-05-17', '1550', '', 13885.2, 0, 0, NULL, NULL),
(1402, 20, 4, '2018-05-17', '1550', '', 14842.8, 0, 0, NULL, NULL),
(1403, 20, 4, '2018-05-17', '1550', '', 19950, 0, 0, NULL, NULL),
(1404, 20, 4, '2018-05-17', '1550', '', 19152, 0, 0, NULL, NULL),
(1405, 20, 4, '2018-05-17', '1550', '', 21067.2, 0, 0, NULL, NULL),
(1406, 20, 4, '2018-05-17', '1550', '', 22230, 0, 0, NULL, NULL),
(1407, 20, 4, '2018-05-17', '1550', '', 31623.6, 0, 0, NULL, NULL),
(1408, 20, 4, '2018-05-17', '1550', '', 19152, 0, 0, NULL, NULL),
(1409, 20, 4, '2018-05-17', '1550', '', 22572, 0, 0, NULL, NULL),
(1410, 20, 4, '2018-05-17', '1550', '', 6650, 0, 0, NULL, NULL),
(1411, 20, 4, '2018-05-17', '1550', '', 6520.8, 0, 0, NULL, NULL),
(1412, 20, 4, '2018-05-17', '1550', '', 478.8, 0, 0, NULL, NULL),
(1413, 20, 4, '2018-05-17', '1550', '', 1276.8, 0, 0, NULL, NULL),
(1414, 20, 4, '2018-05-17', '1550', '', 1436.4, 0, 0, NULL, NULL),
(1415, 20, 4, '2018-05-17', '1550', '', 1276.8, 0, 0, NULL, NULL),
(1416, 20, 4, '2018-05-17', '1550', '', 4012.8, 0, 0, NULL, NULL),
(1417, 20, 4, '2018-05-17', '1550', '', 3648, 0, 0, NULL, NULL),
(1418, 20, 4, '2018-05-17', '1550', '', 3648, 0, 0, NULL, NULL),
(1419, 20, 4, '2018-05-17', '1550', '', 1276.8, 0, 0, NULL, NULL),
(1420, 20, 4, '2018-05-17', '1550', '', 729.6, 0, 0, NULL, NULL),
(1421, 20, 4, '2018-05-17', '1550', '', 3100.8, 0, 0, NULL, NULL),
(1422, 20, 4, '2018-05-17', '1550', '', 3283.2, 0, 0, NULL, NULL),
(1423, 20, 4, '2018-05-17', '1550', '', 20235, 0, 0, NULL, NULL),
(1424, 20, 4, '2018-05-17', '1550', '', 21204, 0, 0, NULL, NULL),
(1425, 20, 4, '2018-05-17', '1550', '', 12540, 0, 0, NULL, NULL),
(1426, 20, 4, '2018-05-17', '1550', '', 9572.2, 0, 0, NULL, NULL),
(1427, 20, 4, '2018-05-17', '1550', '', 12038.4, 0, 0, NULL, NULL),
(1428, 20, 4, '2018-05-17', '1550', '', 11308.8, 0, 0, NULL, NULL),
(1429, 20, 4, '2018-05-17', '1550', '', 14546.4, 0, 0, NULL, NULL),
(1430, 20, 4, '2018-05-17', '1550', '', 13167, 0, 0, NULL, NULL),
(1431, 20, 4, '2018-05-17', '1550', '', 12312, 0, 0, NULL, NULL),
(1432, 20, 4, '2018-05-17', '1550', '', 10123.2, 0, 0, NULL, NULL),
(1433, 20, 4, '2018-05-17', '1550', '', 14364, 0, 0, NULL, NULL),
(1434, 20, 4, '2018-05-17', '1550', '', 14364, 0, 0, NULL, NULL),
(1435, 20, 4, '2018-05-17', '1550', '', 4788, 0, 0, NULL, NULL),
(1436, 20, 4, '2018-05-17', '1550', '', 10944, 0, 0, NULL, NULL),
(1437, 20, 4, '2018-05-17', '1550', '', 10944, 0, 0, NULL, NULL),
(1438, 20, 4, '2018-05-17', '1550', '', 17043, 0, 0, NULL, NULL),
(1439, 20, 4, '2018-05-17', '1550', '', 16963.2, 0, 0, NULL, NULL),
(1440, 20, 4, '2018-05-17', '1550', '', 18604.8, 0, 0, NULL, NULL),
(1441, 20, 4, '2018-05-17', '1550', '', 18057.6, 0, 0, NULL, NULL),
(1442, 20, 4, '2018-05-17', '1550', '', 16416, 0, 0, NULL, NULL),
(1443, 20, 4, '2018-05-17', '1550', '', 18604.8, 0, 0, NULL, NULL),
(1444, 20, 4, '2018-05-17', '1550', '', 22572, 0, 0, NULL, NULL),
(1445, 20, 4, '2018-05-17', '1550', '', 17510.4, 0, 0, NULL, NULL),
(1446, 20, 4, '2018-05-17', '1550', '', 18057.6, 0, 0, NULL, NULL),
(1447, 20, 4, '2018-05-17', '1550', '', 15868.8, 0, 0, NULL, NULL),
(1448, 20, 4, '2018-05-17', '1550', '', 25536, 0, 0, NULL, NULL),
(1449, 20, 4, '2018-05-17', '1550', '', 35431.2, 0, 0, NULL, NULL),
(1450, 20, 4, '2018-05-17', '1550', '', 4199, 0, 0, NULL, NULL),
(1451, 20, 4, '2018-05-17', '1550', '', 646, 0, 0, NULL, NULL),
(1452, 20, 4, '2018-05-17', '1550', '', 6137, 0, 0, NULL, NULL),
(1453, 20, 4, '2018-05-17', '1550', '', 10659, 0, 0, NULL, NULL),
(1454, 20, 4, '2018-05-17', '1550', '', 5491, 0, 0, NULL, NULL),
(1455, 20, 4, '2018-05-17', '1550', '', 12597, 0, 0, NULL, NULL),
(1456, 20, 4, '2018-05-17', '1550', '', 4845, 0, 0, NULL, NULL),
(1457, 20, 4, '2018-05-17', '1550', '', 4199, 0, 0, NULL, NULL),
(1458, 20, 4, '2018-05-17', '1550', '', 2261, 0, 0, NULL, NULL),
(1459, 20, 4, '2018-05-17', '1550', '', 6137, 0, 0, NULL, NULL),
(1460, 20, 4, '2018-05-17', '1550', '', 14858, 0, 0, NULL, NULL),
(1461, 20, 4, '2018-05-17', '1550', '', 21318, 0, 0, NULL, NULL),
(1462, 20, 4, '2018-05-17', '1550', '', 5491, 0, 0, NULL, NULL),
(1463, 20, 4, '2018-05-17', '1550', '', 20995, 0, 0, NULL, NULL),
(1464, 20, 4, '2018-05-17', '1550', '', 6460, 0, 0, NULL, NULL),
(1465, 20, 4, '2018-05-17', '1550', '', 17765, 0, 0, NULL, NULL),
(1466, 20, 4, '2018-05-17', '1550', '', 6137, 0, 0, NULL, NULL),
(1467, 20, 4, '2018-05-17', '1550', '', 969, 0, 0, NULL, NULL),
(1468, 20, 4, '2018-05-17', '1550', '', 15827, 0, 0, NULL, NULL),
(1469, 20, 4, '2018-05-17', '1550', '', 5814, 0, 0, NULL, NULL),
(1470, 20, 4, '2018-05-17', '1550', '', 969, 0, 0, NULL, NULL),
(1471, 20, 4, '2018-05-17', '1550', '', 7429, 0, 0, NULL, NULL),
(1472, 20, 4, '2018-05-17', '1550', '', 3553, 0, 0, NULL, NULL),
(1473, 20, 4, '2018-05-17', '1550', '', 3876, 0, 0, NULL, NULL),
(1474, 20, 4, '2018-05-17', '1550', '', 323, 0, 0, NULL, NULL),
(1475, 20, 4, '2018-05-17', '1550', '', 10982, 0, 0, NULL, NULL),
(1476, 20, 4, '2018-05-17', '1550', '', 8721, 0, 0, NULL, NULL),
(1477, 20, 4, '2018-05-17', '1550', '', 12274, 0, 0, NULL, NULL),
(1478, 20, 4, '2018-05-17', '1550', '', 323, 0, 0, NULL, NULL),
(1479, 20, 4, '2018-05-17', '1550', '', 7106, 0, 0, NULL, NULL),
(1480, 20, 4, '2018-05-17', '1550', '', 12597, 0, 0, NULL, NULL),
(1481, 20, 4, '2018-05-17', '1550', '', 4522, 0, 0, NULL, NULL),
(1482, 20, 4, '2018-05-17', '1550', '', 14212, 0, 0, NULL, NULL),
(1483, 20, 4, '2018-05-17', '1550', '', 12920, 0, 0, NULL, NULL),
(1484, 20, 4, '2018-05-17', '1550', '', 22933, 0, 0, NULL, NULL),
(1485, 20, 4, '2018-05-17', '1550', '', 1938, 0, 0, NULL, NULL),
(1486, 20, 4, '2018-05-17', '1550', '', 323, 0, 0, NULL, NULL),
(1487, 20, 4, '2018-05-17', '1550', '', 2660, 0, 0, NULL, NULL),
(1488, 20, 4, '2018-05-17', '1550', '', 8360, 0, 0, NULL, NULL),
(1489, 20, 4, '2018-05-17', '1550', '', 5472, 0, 0, NULL, NULL),
(1490, 20, 4, '2018-05-17', '1550', '', 3496, 0, 0, NULL, NULL),
(1491, 20, 4, '2018-05-17', '1550', '', 15200, 0, 0, NULL, NULL),
(1492, 20, 4, '2018-05-17', '1550', '', 31160, 0, 0, NULL, NULL),
(1493, 20, 4, '2018-05-17', '1550', '', 11628, 0, 0, NULL, NULL),
(1494, 20, 4, '2018-05-17', '1550', '', 22572, 0, 0, NULL, NULL),
(1495, 20, 4, '2018-05-17', '1550', '', 31920, 0, 0, NULL, NULL),
(1496, 20, 4, '2018-05-17', '1550', '', 31160, 0, 0, NULL, NULL),
(1497, 20, 4, '2018-05-17', '1550', '', 11400, 0, 0, NULL, NULL),
(1498, 20, 4, '2018-05-17', '1550', '', 2185, 0, 0, NULL, NULL),
(1499, 20, 4, '2018-05-17', '1550', '', 11362, 0, 0, NULL, NULL),
(1500, 20, 4, '2018-05-17', '1550', '', 874, 0, 0, NULL, NULL),
(1501, 20, 4, '2018-05-17', '1550', '', 437, 0, 0, NULL, NULL),
(1502, 20, 4, '2018-05-17', '1550', '', 437, 0, 0, NULL, NULL),
(1503, 20, 4, '2018-05-17', '1550', '', 5681, 0, 0, NULL, NULL),
(1504, 20, 4, '2018-05-17', '1550', '', 10488, 0, 0, NULL, NULL),
(1505, 20, 4, '2018-05-17', '1550', '', 4807, 0, 0, NULL, NULL),
(1506, 20, 4, '2018-05-17', '1550', '', 437, 0, 0, NULL, NULL),
(1507, 20, 4, '2018-05-17', '1550', '', 1064, 0, 0, NULL, NULL),
(1508, 20, 4, '2018-05-17', '1550', '', 1178, 0, 0, NULL, NULL),
(1509, 20, 4, '2018-05-17', '1550', '', 1026, 0, 0, NULL, NULL),
(1510, 20, 4, '2018-05-17', '1550', '', 608, 0, 0, NULL, NULL),
(1511, 20, 4, '2018-05-17', '1550', '', 1368, 0, 0, NULL, NULL),
(1512, 20, 4, '2018-05-17', '1550', '', 1900, 0, 0, NULL, NULL),
(1513, 20, 4, '2018-05-17', '1550', '', 10450, 0, 0, NULL, NULL),
(1514, 20, 4, '2018-05-17', '1550', '', 494, 0, 0, NULL, NULL),
(1515, 20, 4, '2018-05-17', '1550', '', 418, 0, 0, NULL, NULL),
(1516, 20, 4, '2018-05-17', '1550', '', 950, 0, 0, NULL, NULL),
(1517, 20, 4, '2018-05-17', '1550', '', 2736, 0, 0, NULL, NULL),
(1518, 20, 4, '2018-05-17', '1550', '', 334.4, 0, 0, NULL, NULL),
(1519, 20, 4, '2018-05-17', '1550', '', 950, 0, 0, NULL, NULL),
(1520, 20, 4, '2018-05-17', '1550', '', 988, 0, 0, NULL, NULL),
(1521, 20, 4, '2018-05-17', '1550', '', 475, 0, 0, NULL, NULL),
(1522, 20, 4, '2018-05-17', '1550', '', 6384, 0, 0, NULL, NULL),
(1523, 20, 4, '2018-05-17', '1550', '', 988, 0, 0, NULL, NULL),
(1524, 20, 4, '2018-05-17', '1550', '', 2565, 0, 0, NULL, NULL),
(1525, 20, 4, '2018-05-17', '1550', '', 2622, 0, 0, NULL, NULL),
(1526, 20, 4, '2018-05-17', '1550', '', 418, 0, 0, NULL, NULL),
(1527, 20, 4, '2018-05-17', '1550', '', 494, 0, 0, NULL, NULL),
(1528, 20, 4, '2018-05-17', '1550', '', 1026, 0, 0, NULL, NULL),
(1529, 20, 4, '2018-05-17', '1550', '', 570, 0, 0, NULL, NULL),
(1530, 20, 4, '2018-05-17', '1550', '', 27436, 0, 0, NULL, NULL);
INSERT INTO `0_gl_trans` (`counter`, `type`, `type_no`, `tran_date`, `account`, `memo_`, `amount`, `dimension_id`, `dimension2_id`, `person_type_id`, `person_id`) VALUES
(1531, 20, 4, '2018-05-17', '1550', '', 24548, 0, 0, NULL, NULL),
(1532, 20, 4, '2018-05-17', '1550', '', 20748, 0, 0, NULL, NULL),
(1533, 20, 4, '2018-05-17', '1550', '', 4104, 0, 0, NULL, NULL),
(1534, 20, 4, '2018-05-17', '1550', '', 26600, 0, 0, NULL, NULL),
(1535, 20, 4, '2018-05-17', '1550', '', 32604, 0, 0, NULL, NULL),
(1536, 20, 4, '2018-05-17', '1550', '', 4864, 0, 0, NULL, NULL),
(1537, 20, 4, '2018-05-17', '1550', '', 2508, 0, 0, NULL, NULL),
(1538, 20, 4, '2018-05-17', '1550', '', 3344, 0, 0, NULL, NULL),
(1539, 20, 4, '2018-05-17', '1550', '', 2090, 0, 0, NULL, NULL),
(1540, 20, 4, '2018-05-17', '1550', '', 2926, 0, 0, NULL, NULL),
(1541, 20, 4, '2018-05-17', '1550', '', 418, 0, 0, NULL, NULL),
(1542, 20, 4, '2018-05-17', '1550', '', 456, 0, 0, NULL, NULL),
(1543, 20, 4, '2018-05-17', '1550', '', 5472, 0, 0, NULL, NULL),
(1544, 20, 4, '2018-05-17', '1550', '', 6384, 0, 0, NULL, NULL),
(1545, 20, 4, '2018-05-17', '1550', '', 2888, 0, 0, NULL, NULL),
(1546, 20, 4, '2018-05-17', '1550', '', 627, 0, 0, NULL, NULL),
(1547, 20, 4, '2018-05-17', '1550', '', 2850, 0, 0, NULL, NULL),
(1548, 20, 4, '2018-05-17', '1550', '', 570, 0, 0, NULL, NULL),
(1549, 20, 4, '2018-05-17', '1550', '', 1824, 0, 0, NULL, NULL),
(1550, 20, 4, '2018-05-17', '1550', '', 2280, 0, 0, NULL, NULL),
(1551, 20, 4, '2018-05-17', '1550', '', 1140, 0, 0, NULL, NULL),
(1552, 20, 4, '2018-05-17', '1550', '', 12141, 0, 0, NULL, NULL),
(1553, 20, 4, '2018-05-17', '1550', '', 11628, 0, 0, NULL, NULL),
(1554, 20, 4, '2018-05-17', '1550', '', 10773, 0, 0, NULL, NULL),
(1555, 20, 4, '2018-05-17', '1550', '', 11970, 0, 0, NULL, NULL),
(1556, 20, 4, '2018-05-17', '1550', '', 13034, 0, 0, NULL, NULL),
(1557, 20, 4, '2018-05-17', '1550', '', 3180.6, 0, 0, NULL, NULL),
(1558, 20, 4, '2018-05-17', '1550', '', 10906, 0, 0, NULL, NULL),
(1559, 20, 4, '2018-05-17', '1550', '', 530.1, 0, 0, NULL, NULL),
(1560, 20, 4, '2018-05-17', '1550', '', 1590.3, 0, 0, NULL, NULL),
(1561, 20, 4, '2018-05-17', '1550', '', 6891.3, 0, 0, NULL, NULL),
(1562, 20, 4, '2018-05-17', '1550', '', 33396.3, 0, 0, NULL, NULL),
(1563, 20, 4, '2018-05-17', '1550', '', 20673.9, 0, 0, NULL, NULL),
(1564, 20, 4, '2018-05-17', '1550', '', 30215.7, 0, 0, NULL, NULL),
(1565, 20, 5, '2018-05-17', '1060', '', 0, 0, 0, NULL, NULL),
(1566, 20, 5, '2018-05-17', '2100', '', -2689555.01, 0, 0, 3, 0x31),
(1567, 20, 5, '2018-05-17', '1550', '', 617.4, 0, 0, NULL, NULL),
(1568, 20, 5, '2018-05-17', '1550', '', 1764, 0, 0, NULL, NULL),
(1569, 20, 5, '2018-05-17', '1550', '', 3292.8, 0, 0, NULL, NULL),
(1570, 20, 5, '2018-05-17', '1550', '', 44982, 0, 0, NULL, NULL),
(1571, 20, 5, '2018-05-17', '1550', '', 1764, 0, 0, NULL, NULL),
(1572, 20, 5, '2018-05-17', '1550', '', 7338.24, 0, 0, NULL, NULL),
(1573, 20, 5, '2018-05-17', '1550', '', 2910.6, 0, 0, NULL, NULL),
(1574, 20, 5, '2018-05-17', '1550', '', 128742.6, 0, 0, NULL, NULL),
(1575, 20, 5, '2018-05-17', '1550', '', 273258.3, 0, 0, NULL, NULL),
(1576, 20, 5, '2018-05-17', '1550', '', 5644.8, 0, 0, NULL, NULL),
(1577, 20, 5, '2018-05-17', '1550', '', 4939.2, 0, 0, NULL, NULL),
(1578, 20, 5, '2018-05-17', '1550', '', 2675.4, 0, 0, NULL, NULL),
(1579, 20, 5, '2018-05-17', '1550', '', 8026.2, 0, 0, NULL, NULL),
(1580, 20, 5, '2018-05-17', '1550', '', 9878.4, 0, 0, NULL, NULL),
(1581, 20, 5, '2018-05-17', '1550', '', 10054.8, 0, 0, NULL, NULL),
(1582, 20, 5, '2018-05-17', '1550', '', 10584, 0, 0, NULL, NULL),
(1583, 20, 5, '2018-05-17', '1550', '', 9996, 0, 0, NULL, NULL),
(1584, 20, 5, '2018-05-17', '1550', '', 3492.9, 0, 0, NULL, NULL),
(1585, 20, 5, '2018-05-17', '1550', '', 846.72, 0, 0, NULL, NULL),
(1586, 20, 5, '2018-05-17', '1550', '', 9392.02, 0, 0, NULL, NULL),
(1587, 20, 5, '2018-05-17', '1550', '', 4438.15, 0, 0, NULL, NULL),
(1588, 20, 5, '2018-05-17', '1550', '', 5785.92, 0, 0, NULL, NULL),
(1589, 20, 5, '2018-05-17', '1550', '', 1333.56, 0, 0, NULL, NULL),
(1590, 20, 5, '2018-05-17', '1550', '', 7917.24, 0, 0, NULL, NULL),
(1591, 20, 5, '2018-05-17', '1550', '', 1714.5, 0, 0, NULL, NULL),
(1592, 20, 5, '2018-05-17', '1550', '', 3810.24, 0, 0, NULL, NULL),
(1593, 20, 5, '2018-05-17', '1550', '', 155.82, 0, 0, NULL, NULL),
(1594, 20, 5, '2018-05-17', '1550', '', 155.82, 0, 0, NULL, NULL),
(1595, 20, 5, '2018-05-17', '1550', '', 264.6, 0, 0, NULL, NULL),
(1596, 20, 5, '2018-05-17', '1550', '', 6773.6, 0, 0, NULL, NULL),
(1597, 20, 5, '2018-05-17', '1550', '', 16464, 0, 0, NULL, NULL),
(1598, 20, 5, '2018-05-17', '1550', '', 21873.6, 0, 0, NULL, NULL),
(1599, 20, 5, '2018-05-17', '1550', '', 11289.6, 0, 0, NULL, NULL),
(1600, 20, 5, '2018-05-17', '1550', '', 1911, 0, 0, NULL, NULL),
(1601, 20, 5, '2018-05-17', '1550', '', 2499, 0, 0, NULL, NULL),
(1602, 20, 5, '2018-05-17', '1550', '', 3998.4, 0, 0, NULL, NULL),
(1603, 20, 5, '2018-05-17', '1550', '', 14582.4, 0, 0, NULL, NULL),
(1604, 20, 5, '2018-05-17', '1550', '', 7056, 0, 0, NULL, NULL),
(1605, 20, 5, '2018-05-17', '1550', '', 4939.2, 0, 0, NULL, NULL),
(1606, 20, 5, '2018-05-17', '1550', '', 7920, 0, 0, NULL, NULL),
(1607, 20, 5, '2018-05-17', '1550', '', 117000, 0, 0, NULL, NULL),
(1608, 20, 5, '2018-05-17', '1550', '', 15970.5, 0, 0, NULL, NULL),
(1609, 20, 5, '2018-05-17', '1550', '', 10038.6, 0, 0, NULL, NULL),
(1610, 20, 5, '2018-05-17', '1550', '', 608.4, 0, 0, NULL, NULL),
(1611, 20, 5, '2018-05-17', '1550', '', 8860.8, 0, 0, NULL, NULL),
(1612, 20, 5, '2018-05-17', '1550', '', 280.8, 0, 0, NULL, NULL),
(1613, 20, 5, '2018-05-17', '1550', '', 982.8, 0, 0, NULL, NULL),
(1614, 20, 5, '2018-05-17', '1550', '', 1769.04, 0, 0, NULL, NULL),
(1615, 20, 5, '2018-05-17', '1550', '', 252.72, 0, 0, NULL, NULL),
(1616, 20, 5, '2018-05-17', '1550', '', 248.04, 0, 0, NULL, NULL),
(1617, 20, 5, '2018-05-17', '1550', '', 8686.08, 0, 0, NULL, NULL),
(1618, 20, 5, '2018-05-17', '1550', '', 4399.2, 0, 0, NULL, NULL),
(1619, 20, 5, '2018-05-17', '1550', '', 411.84, 0, 0, NULL, NULL),
(1620, 20, 5, '2018-05-17', '1550', '', 8190, 0, 0, NULL, NULL),
(1621, 20, 5, '2018-05-17', '1550', '', 1029.6, 0, 0, NULL, NULL),
(1622, 20, 5, '2018-05-17', '1550', '', 3411.72, 0, 0, NULL, NULL),
(1623, 20, 5, '2018-05-17', '1550', '', 2246.4, 0, 0, NULL, NULL),
(1624, 20, 5, '2018-05-17', '1550', '', 608.4, 0, 0, NULL, NULL),
(1625, 20, 5, '2018-05-17', '1550', '', 3982.68, 0, 0, NULL, NULL),
(1626, 20, 5, '2018-05-17', '1550', '', 5367.96, 0, 0, NULL, NULL),
(1627, 20, 5, '2018-05-17', '1550', '', 6683.04, 0, 0, NULL, NULL),
(1628, 20, 5, '2018-05-17', '1550', '', 294.84, 0, 0, NULL, NULL),
(1629, 20, 5, '2018-05-17', '1550', '', 308.88, 0, 0, NULL, NULL),
(1630, 20, 5, '2018-05-17', '1550', '', 102.96, 0, 0, NULL, NULL),
(1631, 20, 5, '2018-05-17', '1550', '', 187.2, 0, 0, NULL, NULL),
(1632, 20, 5, '2018-05-17', '1550', '', 187.2, 0, 0, NULL, NULL),
(1633, 20, 5, '2018-05-17', '1550', '', 2246.4, 0, 0, NULL, NULL),
(1634, 20, 5, '2018-05-17', '1550', '', 262.08, 0, 0, NULL, NULL),
(1635, 20, 5, '2018-05-17', '1550', '', 205.92, 0, 0, NULL, NULL),
(1636, 20, 5, '2018-05-17', '1550', '', 842.4, 0, 0, NULL, NULL),
(1637, 20, 5, '2018-05-17', '1550', '', 16848, 0, 0, NULL, NULL),
(1638, 20, 5, '2018-05-17', '1550', '', 8424, 0, 0, NULL, NULL),
(1639, 20, 5, '2018-05-17', '1550', '', 1240.2, 0, 0, NULL, NULL),
(1640, 20, 5, '2018-05-17', '1550', '', 1482, 0, 0, NULL, NULL),
(1641, 20, 5, '2018-05-17', '1550', '', 9781.2, 0, 0, NULL, NULL),
(1642, 20, 5, '2018-05-17', '1550', '', 9360, 0, 0, NULL, NULL),
(1643, 20, 5, '2018-05-17', '1550', '', 71182.8, 0, 0, NULL, NULL),
(1644, 20, 5, '2018-05-17', '1550', '', 39312, 0, 0, NULL, NULL),
(1645, 20, 5, '2018-05-17', '1550', '', 5616, 0, 0, NULL, NULL),
(1646, 20, 5, '2018-05-17', '1550', '', 1614.6, 0, 0, NULL, NULL),
(1647, 20, 5, '2018-05-17', '1550', '', 12916.8, 0, 0, NULL, NULL),
(1648, 20, 5, '2018-05-17', '1550', '', 3159, 0, 0, NULL, NULL),
(1649, 20, 5, '2018-05-17', '1550', '', 138996, 0, 0, NULL, NULL),
(1650, 20, 5, '2018-05-17', '1550', '', 8424, 0, 0, NULL, NULL),
(1651, 20, 5, '2018-05-17', '1550', '', 112320, 0, 0, NULL, NULL),
(1652, 20, 5, '2018-05-17', '1550', '', 1060.8, 0, 0, NULL, NULL),
(1653, 20, 5, '2018-05-17', '1550', '', 12448.8, 0, 0, NULL, NULL),
(1654, 20, 5, '2018-05-17', '1550', '', 13852.8, 0, 0, NULL, NULL),
(1655, 20, 5, '2018-05-17', '1550', '', 4586.4, 0, 0, NULL, NULL),
(1656, 20, 5, '2018-05-17', '1550', '', 748.8, 0, 0, NULL, NULL),
(1657, 20, 5, '2018-05-17', '1550', '', 234, 0, 0, NULL, NULL),
(1658, 20, 5, '2018-05-17', '1550', '', 608.4, 0, 0, NULL, NULL),
(1659, 20, 5, '2018-05-17', '1550', '', 8985.6, 0, 0, NULL, NULL),
(1660, 20, 5, '2018-05-17', '1550', '', 11255.4, 0, 0, NULL, NULL),
(1661, 20, 5, '2018-05-17', '1550', '', 1521, 0, 0, NULL, NULL),
(1662, 20, 5, '2018-05-17', '1550', '', 12355.2, 0, 0, NULL, NULL),
(1663, 20, 5, '2018-05-17', '1550', '', 1497.6, 0, 0, NULL, NULL),
(1664, 20, 5, '2018-05-17', '1550', '', 13384.8, 0, 0, NULL, NULL),
(1665, 20, 5, '2018-05-17', '1550', '', 1872, 0, 0, NULL, NULL),
(1666, 20, 5, '2018-05-17', '1550', '', 7605, 0, 0, NULL, NULL),
(1667, 20, 5, '2018-05-17', '1550', '', 2340, 0, 0, NULL, NULL),
(1668, 20, 5, '2018-05-17', '1550', '', 702, 0, 0, NULL, NULL),
(1669, 20, 5, '2018-05-17', '1550', '', 1404, 0, 0, NULL, NULL),
(1670, 20, 5, '2018-05-17', '1550', '', 1825.2, 0, 0, NULL, NULL),
(1671, 20, 5, '2018-05-17', '1550', '', 327.6, 0, 0, NULL, NULL),
(1672, 20, 5, '2018-05-17', '1550', '', 19266, 0, 0, NULL, NULL),
(1673, 20, 5, '2018-05-17', '1550', '', 585, 0, 0, NULL, NULL),
(1674, 20, 5, '2018-05-17', '1550', '', 11793.6, 0, 0, NULL, NULL),
(1675, 20, 5, '2018-05-17', '1550', '', 936, 0, 0, NULL, NULL),
(1676, 20, 5, '2018-05-17', '1550', '', 13899.6, 0, 0, NULL, NULL),
(1677, 20, 5, '2018-05-17', '1550', '', 7160.4, 0, 0, NULL, NULL),
(1678, 20, 5, '2018-05-17', '1550', '', 3369.6, 0, 0, NULL, NULL),
(1679, 20, 5, '2018-05-17', '1550', '', 23166, 0, 0, NULL, NULL),
(1680, 20, 5, '2018-05-17', '1550', '', 1638, 0, 0, NULL, NULL),
(1681, 20, 5, '2018-05-17', '1550', '', 11466, 0, 0, NULL, NULL),
(1682, 20, 5, '2018-05-17', '1550', '', 14040, 0, 0, NULL, NULL),
(1683, 20, 5, '2018-05-17', '1550', '', 7020, 0, 0, NULL, NULL),
(1684, 20, 5, '2018-05-17', '1550', '', 13993.2, 0, 0, NULL, NULL),
(1685, 20, 5, '2018-05-17', '1550', '', 10822.5, 0, 0, NULL, NULL),
(1686, 20, 5, '2018-05-17', '1550', '', 7897.5, 0, 0, NULL, NULL),
(1687, 20, 5, '2018-05-17', '1550', '', 10081.5, 0, 0, NULL, NULL),
(1688, 20, 5, '2018-05-17', '1550', '', 8794.5, 0, 0, NULL, NULL),
(1689, 20, 5, '2018-05-17', '1550', '', 2340, 0, 0, NULL, NULL),
(1690, 20, 5, '2018-05-17', '1550', '', 9126, 0, 0, NULL, NULL),
(1691, 20, 5, '2018-05-17', '1550', '', 5382, 0, 0, NULL, NULL),
(1692, 20, 5, '2018-05-17', '1550', '', 97858.8, 0, 0, NULL, NULL),
(1693, 20, 5, '2018-05-17', '1550', '', 31449.6, 0, 0, NULL, NULL),
(1694, 20, 5, '2018-05-17', '1550', '', 38188.8, 0, 0, NULL, NULL),
(1695, 20, 5, '2018-05-17', '1550', '', 13104, 0, 0, NULL, NULL),
(1696, 20, 5, '2018-05-17', '1550', '', 26395.2, 0, 0, NULL, NULL),
(1697, 20, 5, '2018-05-17', '1550', '', 18532.8, 0, 0, NULL, NULL),
(1698, 20, 5, '2018-05-17', '1550', '', 84942, 0, 0, NULL, NULL),
(1699, 20, 5, '2018-05-17', '1550', '', 55419, 0, 0, NULL, NULL),
(1700, 20, 5, '2018-05-17', '1550', '', 3510, 0, 0, NULL, NULL),
(1701, 20, 5, '2018-05-17', '1550', '', 3510, 0, 0, NULL, NULL),
(1702, 20, 5, '2018-05-17', '1550', '', 9360, 0, 0, NULL, NULL),
(1703, 20, 5, '2018-05-17', '1550', '', 702, 0, 0, NULL, NULL),
(1704, 20, 5, '2018-05-17', '1550', '', 737.1, 0, 0, NULL, NULL),
(1705, 20, 5, '2018-05-17', '1550', '', 842.4, 0, 0, NULL, NULL),
(1706, 20, 5, '2018-05-17', '1550', '', 202.8, 0, 0, NULL, NULL),
(1707, 20, 5, '2018-05-17', '1550', '', 2340, 0, 0, NULL, NULL),
(1708, 20, 5, '2018-05-17', '1550', '', 2340, 0, 0, NULL, NULL),
(1709, 20, 5, '2018-05-17', '1550', '', 1170, 0, 0, NULL, NULL),
(1710, 20, 5, '2018-05-17', '1550', '', 1170, 0, 0, NULL, NULL),
(1711, 20, 5, '2018-05-17', '1550', '', 1170, 0, 0, NULL, NULL),
(1712, 20, 5, '2018-05-17', '1550', '', 2340, 0, 0, NULL, NULL),
(1713, 20, 5, '2018-05-17', '1550', '', 1170, 0, 0, NULL, NULL),
(1714, 20, 5, '2018-05-17', '1550', '', 3744, 0, 0, NULL, NULL),
(1715, 20, 5, '2018-05-17', '1550', '', 4212, 0, 0, NULL, NULL),
(1716, 20, 5, '2018-05-17', '1550', '', 27612, 0, 0, NULL, NULL),
(1717, 20, 5, '2018-05-17', '1550', '', 7020, 0, 0, NULL, NULL),
(1718, 20, 5, '2018-05-17', '1550', '', 20124, 0, 0, NULL, NULL),
(1719, 20, 5, '2018-05-17', '1550', '', 2808, 0, 0, NULL, NULL),
(1720, 20, 5, '2018-05-17', '1550', '', 5148, 0, 0, NULL, NULL),
(1721, 20, 5, '2018-05-17', '1550', '', 4680, 0, 0, NULL, NULL),
(1722, 20, 5, '2018-05-17', '1550', '', 4258.8, 0, 0, NULL, NULL),
(1723, 20, 5, '2018-05-17', '1550', '', 2293.2, 0, 0, NULL, NULL),
(1724, 20, 5, '2018-05-17', '1550', '', 10810.8, 0, 0, NULL, NULL),
(1725, 20, 5, '2018-05-17', '1550', '', 12121.2, 0, 0, NULL, NULL),
(1726, 20, 5, '2018-05-17', '1550', '', 9500.4, 0, 0, NULL, NULL),
(1727, 20, 5, '2018-05-17', '1550', '', 18252, 0, 0, NULL, NULL),
(1728, 20, 5, '2018-05-17', '1550', '', 4914, 0, 0, NULL, NULL),
(1729, 20, 5, '2018-05-17', '1550', '', 2106, 0, 0, NULL, NULL),
(1730, 20, 5, '2018-05-17', '1550', '', 608.4, 0, 0, NULL, NULL),
(1731, 20, 5, '2018-05-17', '1550', '', 1825.2, 0, 0, NULL, NULL),
(1732, 20, 5, '2018-05-17', '1550', '', 982.8, 0, 0, NULL, NULL),
(1733, 20, 5, '2018-05-17', '1550', '', 2145, 0, 0, NULL, NULL),
(1734, 20, 5, '2018-05-17', '1550', '', 32448, 0, 0, NULL, NULL),
(1735, 20, 5, '2018-05-17', '1550', '', 55770, 0, 0, NULL, NULL),
(1736, 20, 5, '2018-05-17', '1550', '', 31941, 0, 0, NULL, NULL),
(1737, 20, 5, '2018-05-17', '1550', '', 32448, 0, 0, NULL, NULL),
(1738, 20, 5, '2018-05-17', '1550', '', 55770, 0, 0, NULL, NULL),
(1739, 20, 5, '2018-05-17', '1550', '', 4338.75, 0, 0, NULL, NULL),
(1740, 20, 5, '2018-05-17', '1550', '', 10608, 0, 0, NULL, NULL),
(1741, 20, 5, '2018-05-17', '1550', '', 327.6, 0, 0, NULL, NULL),
(1742, 20, 5, '2018-05-17', '1550', '', 8429.85, 0, 0, NULL, NULL),
(1743, 20, 5, '2018-05-17', '1550', '', 444.6, 0, 0, NULL, NULL),
(1744, 20, 5, '2018-05-17', '1550', '', 351, 0, 0, NULL, NULL),
(1745, 20, 5, '2018-05-17', '1550', '', 109.2, 0, 0, NULL, NULL),
(1746, 20, 5, '2018-05-17', '1550', '', 312, 0, 0, NULL, NULL),
(1747, 20, 5, '2018-05-17', '1550', '', 234, 0, 0, NULL, NULL),
(1748, 20, 5, '2018-05-17', '1550', '', 2106, 0, 0, NULL, NULL),
(1749, 20, 5, '2018-05-17', '1550', '', 1029.6, 0, 0, NULL, NULL),
(1750, 20, 5, '2018-05-17', '1550', '', 39, 0, 0, NULL, NULL),
(1751, 20, 5, '2018-05-17', '1550', '', 374.4, 0, 0, NULL, NULL),
(1752, 20, 5, '2018-05-17', '1550', '', 39, 0, 0, NULL, NULL),
(1753, 20, 5, '2018-05-17', '1550', '', 2379, 0, 0, NULL, NULL),
(1754, 20, 5, '2018-05-17', '1550', '', 624, 0, 0, NULL, NULL),
(1755, 20, 5, '2018-05-17', '1550', '', 315.9, 0, 0, NULL, NULL),
(1756, 20, 5, '2018-05-17', '1550', '', 1450.8, 0, 0, NULL, NULL),
(1757, 20, 5, '2018-05-17', '1550', '', 1123.2, 0, 0, NULL, NULL),
(1758, 20, 5, '2018-05-17', '1550', '', 71284.2, 0, 0, NULL, NULL),
(1759, 20, 5, '2018-05-17', '1550', '', 25891.2, 0, 0, NULL, NULL),
(1760, 20, 5, '2018-05-17', '1550', '', 250.13, 0, 0, NULL, NULL),
(1761, 20, 5, '2018-05-17', '1550', '', 9396, 0, 0, NULL, NULL),
(1762, 20, 5, '2018-05-17', '1550', '', 8091, 0, 0, NULL, NULL),
(1763, 20, 5, '2018-05-17', '1550', '', 31341.75, 0, 0, NULL, NULL),
(1764, 20, 5, '2018-05-17', '1550', '', 1413.75, 0, 0, NULL, NULL),
(1765, 20, 5, '2018-05-17', '1550', '', 141.38, 0, 0, NULL, NULL),
(1766, 20, 5, '2018-05-17', '1550', '', 1827, 0, 0, NULL, NULL),
(1767, 20, 5, '2018-05-17', '1550', '', 1015, 0, 0, NULL, NULL),
(1768, 20, 5, '2018-05-17', '1550', '', 556.8, 0, 0, NULL, NULL),
(1769, 20, 5, '2018-05-17', '1550', '', 304.5, 0, 0, NULL, NULL),
(1770, 20, 5, '2018-05-17', '1550', '', 495.9, 0, 0, NULL, NULL),
(1771, 20, 5, '2018-05-17', '1550', '', 152.25, 0, 0, NULL, NULL),
(1772, 20, 5, '2018-05-17', '1550', '', 287.1, 0, 0, NULL, NULL),
(1773, 20, 5, '2018-05-17', '1550', '', 330.6, 0, 0, NULL, NULL),
(1774, 20, 5, '2018-05-17', '1550', '', 8952.3, 0, 0, NULL, NULL),
(1775, 20, 5, '2018-05-17', '1550', '', 1461.6, 0, 0, NULL, NULL),
(1776, 20, 5, '2018-05-17', '1550', '', 1827, 0, 0, NULL, NULL),
(1777, 20, 5, '2018-05-17', '1550', '', 7751.7, 0, 0, NULL, NULL),
(1778, 20, 5, '2018-05-17', '1550', '', 16965, 0, 0, NULL, NULL),
(1779, 20, 5, '2018-05-17', '1550', '', 22533, 0, 0, NULL, NULL),
(1780, 20, 5, '2018-05-17', '1550', '', 152.25, 0, 0, NULL, NULL),
(1781, 20, 5, '2018-05-17', '1550', '', 348, 0, 0, NULL, NULL),
(1782, 20, 5, '2018-05-17', '1550', '', 1305, 0, 0, NULL, NULL),
(1783, 20, 5, '2018-05-17', '1550', '', 1183.2, 0, 0, NULL, NULL),
(1784, 20, 5, '2018-05-17', '1550', '', 65.25, 0, 0, NULL, NULL),
(1785, 20, 5, '2018-05-17', '1550', '', 65.25, 0, 0, NULL, NULL),
(1786, 20, 5, '2018-05-17', '1550', '', 19930.82, 0, 0, NULL, NULL),
(1787, 20, 5, '2018-05-17', '1550', '', 482.16, 0, 0, NULL, NULL),
(1788, 20, 5, '2018-05-17', '1550', '', 1663.96, 0, 0, NULL, NULL),
(1789, 20, 5, '2018-05-17', '1550', '', 152.25, 0, 0, NULL, NULL),
(1790, 20, 5, '2018-05-17', '1550', '', 5162, 0, 0, NULL, NULL),
(1791, 20, 5, '2018-05-17', '1550', '', 348, 0, 0, NULL, NULL),
(1792, 20, 5, '2018-05-17', '1550', '', 13268.72, 0, 0, NULL, NULL),
(1793, 20, 5, '2018-05-17', '1550', '', 39.88, 0, 0, NULL, NULL),
(1794, 20, 5, '2018-05-17', '1550', '', 326.25, 0, 0, NULL, NULL),
(1795, 20, 5, '2018-05-17', '1550', '', 652.5, 0, 0, NULL, NULL),
(1796, 20, 5, '2018-05-17', '1550', '', 1500.75, 0, 0, NULL, NULL),
(1797, 20, 5, '2018-05-17', '1550', '', 97.88, 0, 0, NULL, NULL),
(1798, 20, 5, '2018-05-17', '1550', '', 65.25, 0, 0, NULL, NULL),
(1799, 20, 5, '2018-05-17', '1550', '', 1827, 0, 0, NULL, NULL),
(1800, 20, 5, '2018-05-17', '1550', '', 221.85, 0, 0, NULL, NULL),
(1801, 20, 5, '2018-05-17', '1550', '', 369.75, 0, 0, NULL, NULL),
(1802, 20, 5, '2018-05-17', '1550', '', 862.75, 0, 0, NULL, NULL),
(1803, 20, 5, '2018-05-17', '1550', '', 840, 0, 0, NULL, NULL),
(1804, 20, 5, '2018-05-17', '1550', '', 23276.4, 0, 0, NULL, NULL),
(1805, 20, 5, '2018-05-17', '1550', '', 25296.6, 0, 0, NULL, NULL),
(1806, 20, 5, '2018-05-17', '1550', '', 330, 0, 0, NULL, NULL);

-- --------------------------------------------------------

--
-- Table structure for table `0_grn_batch`
--

CREATE TABLE IF NOT EXISTS `0_grn_batch` (
  `id` int(11) NOT NULL,
  `supplier_id` int(11) NOT NULL DEFAULT '0',
  `purch_order_no` int(11) DEFAULT NULL,
  `reference` varchar(60) COLLATE utf8_unicode_ci NOT NULL DEFAULT '',
  `delivery_date` date NOT NULL DEFAULT '0000-00-00',
  `loc_code` varchar(5) COLLATE utf8_unicode_ci DEFAULT NULL,
  `rate` double DEFAULT '1'
) ENGINE=InnoDB AUTO_INCREMENT=5 DEFAULT CHARSET=utf8 COLLATE=utf8_unicode_ci;

--
-- Dumping data for table `0_grn_batch`
--

INSERT INTO `0_grn_batch` (`id`, `supplier_id`, `purch_order_no`, `reference`, `delivery_date`, `loc_code`, `rate`) VALUES
(1, 1, 1, '001/2018', '2018-04-30', 'BER', 1),
(2, 2, 2, '002/2018', '2018-04-30', 'BER', 1),
(3, 3, 3, '003/2018', '2018-05-17', 'BER', 1),
(4, 4, 4, '004/2018', '2018-05-17', 'BER', 1);

-- --------------------------------------------------------

--
-- Table structure for table `0_grn_items`
--

CREATE TABLE IF NOT EXISTS `0_grn_items` (
  `id` int(11) NOT NULL,
  `grn_batch_id` int(11) DEFAULT NULL,
  `po_detail_item` int(11) NOT NULL DEFAULT '0',
  `item_code` varchar(20) COLLATE utf8_unicode_ci NOT NULL DEFAULT '',
  `description` tinytext COLLATE utf8_unicode_ci,
  `qty_recd` double NOT NULL DEFAULT '0',
  `quantity_inv` double NOT NULL DEFAULT '0'
) ENGINE=InnoDB AUTO_INCREMENT=777 DEFAULT CHARSET=utf8 COLLATE=utf8_unicode_ci;

--
-- Dumping data for table `0_grn_items`
--

INSERT INTO `0_grn_items` (`id`, `grn_batch_id`, `po_detail_item`, `item_code`, `description`, `qty_recd`, `quantity_inv`) VALUES
(1, 1, 1, '10001', 'EARRING - 3-1', 15, 15),
(2, 1, 2, '10002', 'EARRING - 3-2', 40, 40),
(3, 1, 3, '10003', 'EARRING - 3-3', 70, 70),
(4, 1, 4, '10004', 'BANGLE - 5-1', 510, 510),
(5, 1, 5, '10005', 'BANGLE - 5-4', 8, 8),
(6, 1, 6, '10006', 'BANGLE - 5-5', 208, 208),
(7, 1, 7, '10007', 'BANGLE - 5-7', 66, 66),
(8, 1, 8, '10008', 'NECKLACE SETS - 7-1', 302, 302),
(9, 1, 9, '10009', 'NECKLACE SETS - 7-2', 641, 641),
(10, 1, 10, '10010', 'WOOL BAND - 8-1', 16, 16),
(11, 1, 11, '10011', 'WOOL BAND - 8-2', 21, 21),
(12, 1, 12, '10012', 'WOOL BAND - 8-3', 7, 7),
(13, 1, 13, '10013', 'WOOL BAND - 8-4', 21, 21),
(14, 1, 14, '10014', 'WOOL BAND - 8-5', 24, 24),
(15, 1, 15, '10015', 'WOOL BAND - 8-8', 18, 18),
(16, 1, 16, '10016', 'WOOL BAND - 8-9', 18, 18),
(17, 1, 17, '10017', 'WOOL BAND - 8-10', 40, 40),
(18, 1, 18, '10018', 'HAIR CLIP - 10-4', 45, 45),
(19, 1, 19, '10019', 'HAIR CLIP - 10-5', 12, 12),
(20, 1, 20, '10020', 'HAIR CLIP - 10-11', 121, 121),
(21, 1, 21, '10021', 'HAIR CLIP - 10-19', 37, 37),
(22, 1, 22, '10022', 'HAIR CLIP - 10-20', 82, 82),
(23, 1, 23, '10023', 'HAIR CLIP - 10-21', 6, 6),
(24, 1, 24, '10024', 'HAIR CLIP - 10-22', 102, 102),
(25, 1, 25, '10025', 'HAIR CLIP - 10-24', 27, 27),
(26, 1, 26, '10026', 'HAIR CLIP - 10-25', 27, 27),
(27, 1, 27, '10027', 'HAIR CLIP - 10-31', 1, 1),
(28, 1, 28, '10028', 'HAIR CLIP - 10-32', 1, 1),
(29, 1, 29, '10029', 'HAIR CLIP - 10-33', 1, 1),
(30, 1, 30, '10030', 'HAIR CLIP - 10-34', 40, 40),
(31, 1, 31, '10031', 'SOLER POWER - 30-1', 200, 200),
(32, 1, 32, '10032', 'HAIR CLIP - 31-2', 124, 124),
(33, 1, 33, '10033', 'HAIR CLIP - 32-6', 16, 16),
(34, 1, 34, '10034', 'HAIR CLIP - 35-1', 5, 5),
(35, 1, 35, '10035', 'HAIR CLIP - 35-4', 17, 17),
(36, 1, 36, '10036', 'HAIR CLIP - 35-5', 17, 17),
(37, 1, 37, '10037', 'HAIR CLIP - 35-10', 31, 31),
(38, 1, 38, '10038', 'HAIR CLIP - 35-11', 16, 16),
(39, 1, 39, '10039', 'HAIR CLIP - 36-1', 35, 35),
(40, 1, 40, '10040', 'BROOCH - 32--2', 11, 11),
(41, 1, 41, '10041', 'Wedding Purse - 2-1', 125, 125),
(42, 1, 42, '10042', 'Purse - 5-2', 63, 63),
(43, 1, 43, '10043', 'Ladies Purse - 6-1', 33, 33),
(44, 1, 44, '10044', 'Hand Band - 6-2', 2, 2),
(45, 1, 45, '10045', 'Ladies Purse - 7-9', 71, 71),
(46, 1, 46, '10046', 'HAIR PEG - 11-2', 2, 2),
(47, 1, 47, '10047', 'HAIR PEG - 11-3', 7, 7),
(48, 1, 48, '10048', 'HAIR PEG - 11-7', 6, 6),
(49, 1, 49, '10049', 'HAIR PEG - 11-8', 3, 3),
(50, 1, 50, '10050', 'HAIR PEG - 11-12', 1, 1),
(51, 1, 51, '10051', 'HAIR PEG - 11-14', 32, 32),
(52, 1, 52, '10052', 'HAIR PEG - 11-18', 47, 47),
(53, 1, 53, '10053', 'HAIR PEG - 11-20', 4, 4),
(54, 1, 54, '10054', 'HAIR PEG - 11-22', 14, 14),
(55, 1, 55, '10055', 'HAIR PEG - 11-23', 2, 2),
(56, 1, 56, '10056', 'HAIR PEG - 11-24', 27, 27),
(57, 1, 57, '10057', 'HAIR PEG - 11-27', 40, 40),
(58, 1, 58, '10058', 'HAIR PEG - 11-33', 5, 5),
(59, 1, 59, '10059', 'HAIR PEG - 11-37', 23, 23),
(60, 1, 60, '10060', 'HAIR PEG - 11-38', 31, 31),
(61, 1, 61, '10061', 'HAIR PEG - 11-41', 34, 34),
(62, 1, 62, '10062', 'HAIR PEG - 11-47', 1, 1),
(63, 1, 63, '10063', 'HAIR PEG - 11-50', 3, 3),
(64, 1, 64, '10064', 'HAIR PEG - 11-51', 1, 1),
(65, 1, 65, '10065', 'HAIR PEG - 11-54', 1, 1),
(66, 1, 66, '10066', 'HAIR PEG - 11-55', 2, 2),
(67, 1, 67, '10067', 'HAIR PEG - 11-56', 8, 8),
(68, 1, 68, '10068', 'HAIR PEG - 11-57', 4, 4),
(69, 1, 69, '10069', 'HAIR PEG - 11-58', 1, 1),
(70, 1, 70, '10070', 'HAIR PEG - 11-61', 1, 1),
(71, 1, 71, '10071', 'HAIR PEG - 11-62', 36, 36),
(72, 1, 72, '10072', 'HAIR PEG - 11-65', 100, 100),
(73, 1, 73, '10073', 'HAIR PEG - 11-66', 5, 5),
(74, 1, 74, '10074', 'HAIR PEG - 11-70', 4, 4),
(75, 1, 75, '10075', 'HAIR PEG - 11-72', 22, 22),
(76, 1, 76, '10076', 'HAIR PEG - 11-73', 20, 20),
(77, 1, 77, '10077', 'HAIR PEG - 11-74', 169, 169),
(78, 1, 78, '10078', 'ELIS BAND - 11-76', 60, 60),
(79, 1, 79, '10079', 'ELIS BAND - 11-79', 12, 12),
(80, 1, 80, '10080', 'ELIS BAND - 11-80', 3, 3),
(81, 1, 81, '10081', 'ELIS BAND - 11-81', 24, 24),
(82, 1, 82, '10082', 'ELIS BAND - 11-82', 5, 5),
(83, 1, 83, '10083', 'HAIR PEG - 11-83', 396, 396),
(84, 1, 84, '10084', 'ELIS BAND - 11-88', 60, 60),
(85, 1, 85, '10085', 'RING - 12-1', 36, 36),
(86, 1, 86, '10086', 'RING - 12-2', 34, 34),
(87, 1, 87, '10087', 'BRESLET - 13-1', 38, 38),
(88, 1, 88, '10088', 'BRESLET - 13-2', 37, 37),
(89, 1, 89, '10089', 'BRESLET - 13-5', 14, 14),
(90, 1, 90, '10090', 'BRESLET - 13-6', 2, 2),
(91, 1, 91, '10091', 'BRESLET - 13-7', 1, 1),
(92, 1, 92, '10092', 'BANGLE - 13-8', 2, 2),
(93, 1, 93, '10093', 'BRESLET - 13-10', 24, 24),
(94, 1, 94, '10094', 'BRESLET - 13-11', 37, 37),
(95, 1, 95, '10095', 'BRESLET - 13-12', 5, 5),
(96, 1, 96, '10096', 'BRESLET - 13-13', 22, 22),
(97, 1, 97, '10097', 'BRESLET - 13-14', 4, 4),
(98, 1, 98, '10098', 'BRESLET - 13-17', 22, 22),
(99, 1, 99, '10099', 'BRESLET - 13-15', 8, 8),
(100, 1, 100, '10100', 'BRESLET - 13-18', 25, 25),
(101, 1, 101, '10101', 'BRESLET - 13-19', 5, 5),
(102, 1, 102, '10102', 'BRESLET - 13-20', 2, 2),
(103, 1, 103, '10103', 'BRESLET - 13-21', 3, 3),
(104, 1, 104, '10104', 'BRESLET - 13-22', 6, 6),
(105, 1, 105, '10105', 'BRESLET - 13-23', 1, 1),
(106, 1, 106, '10106', 'EARING - 14-1', 38, 38),
(107, 1, 107, '10107', 'EARING - 14-5', 1, 1),
(108, 1, 108, '10108', 'BRESLET - 15-8', 28, 28),
(109, 1, 109, '10109', 'BRESLET - 15-2', 2, 2),
(110, 1, 110, '10110', 'BRESLET - 15-7', 27, 27),
(111, 1, 111, '10111', 'BRESLET - 15-4', 17, 17),
(112, 1, 112, '10112', 'BRESLET - 15-5', 4, 4),
(113, 1, 113, '10113', 'BRESLET - 15-6', 9, 9),
(114, 1, 114, '10114', 'PABALU CHAIN - 16-1', 7, 7),
(115, 1, 115, '10115', 'PABALU CHAIN - 16-2', 49, 49),
(116, 1, 116, '10116', 'PABALU CHAIN - 16-3', 36, 36),
(117, 1, 117, '10117', 'PABALU CHAIN - 16-4', 18, 18),
(118, 1, 118, '10118', 'PABALU CHAIN - 16-5', 46, 46),
(119, 1, 119, '10119', 'PABALU CHAIN - 16-6', 37, 37),
(120, 1, 120, '10120', 'PABALU CHAIN - 16-7', 27, 27),
(121, 1, 121, '10121', 'PABALU CHAIN - 16-8', 47, 47),
(122, 1, 122, '10122', 'PABALU CHAIN - 16-9', 41, 41),
(123, 1, 123, '10123', 'PABALU CHAIN - 16-10', 10, 10),
(124, 1, 124, '10124', 'PABALU CHAIN - 16-11', 39, 39),
(125, 1, 125, '10125', 'PABALU CHAIN - 16-12', 23, 23),
(126, 1, 126, '10126', 'PABALU CHAIN - 16-13', 123, 123),
(127, 1, 127, '10127', 'PABALU CHAIN - 16-16', 48, 48),
(128, 1, 128, '10128', 'PABALU CHAIN - 16-17', 68, 68),
(129, 1, 129, '10129', 'PABALU CHAIN - 16-18', 20, 20),
(130, 1, 130, '10130', 'PABALU CHAIN - 16-19', 47, 47),
(131, 1, 131, '10131', 'PABALU CHAIN - 16-20', 33, 33),
(132, 1, 132, '10132', 'NECKLACE - 18-5', 363, 363),
(133, 1, 133, '10133', 'NECKLACE - 18-17', 203, 203),
(134, 1, 134, '10134', 'NECKLACE - 19-2', 12, 12),
(135, 1, 135, '10135', 'HEAD BAND - 21-10', 10, 10),
(136, 1, 136, '10136', 'HEAD BAND - 21-11', 20, 20),
(137, 1, 137, '10137', 'WOOL BAND - 22-1', 3, 3),
(138, 1, 138, '10138', 'WOOL BAND - 22-3', 3, 3),
(139, 1, 139, '10139', 'WOOL BAND - 22-4', 3, 3),
(140, 1, 140, '10140', 'WOOL BAND - 22-12', 2, 2),
(141, 1, 141, '10141', 'SAREE BROOCH - 23-24', 2, 2),
(142, 1, 142, '10142', 'SAREE BROOCH - 23-38', 2, 2),
(143, 1, 143, '10143', 'SAREE BROOCH - 23-44', 1, 1),
(144, 1, 144, '10144', 'SAREE BROOCH - 23-50', 1, 1),
(145, 1, 145, '10145', 'SAREE BROOCH - 23-51', 1, 1),
(146, 1, 146, '10146', 'SAREE BROOCH - 23-73', 2, 2),
(147, 1, 147, '10147', 'SAREE BROOCH - 23-74', 1, 1),
(148, 1, 148, '10148', 'SAREE BROOCH - 23-99', 8, 8),
(149, 1, 149, '10149', 'SAREE BROOCH - 23-100', 9, 9),
(150, 1, 150, '10150', 'SAREE BROOCH - 23-101', 59, 59),
(151, 1, 151, '10151', 'SAREE BROOCH - 23-102', 15, 15),
(152, 1, 152, '10152', 'SAREE BROOCH - 23-103', 43, 43),
(153, 1, 153, '10153', 'SAREE BROOCH - 23-104', 6, 6),
(154, 1, 154, '10154', 'SAREE BROOCH - 23-105', 11, 11),
(155, 1, 155, '10155', 'SAREE BROOCH - 23-106', 10, 10),
(156, 1, 156, '10156', 'SAREE BROOCH - 23-107', 13, 13),
(157, 1, 157, '10157', 'SAREE BROOCH - 23-108', 7, 7),
(158, 1, 158, '10158', 'SAREE BROOCH - 23-110', 33, 33),
(159, 1, 159, '10159', 'SAREE BROOCH - 23-111', 37, 37),
(160, 1, 160, '10160', 'SAREE BROOCH - 23-112', 29, 29),
(161, 1, 161, '10161', 'HAIR PIN - 23-113', 13, 13),
(162, 1, 162, '10162', 'SAREE BROOCH - 23-115', 7, 7),
(163, 1, 163, '10163', 'SAREE BROOCH - 23-116', 3, 3),
(164, 1, 164, '10164', 'HABAYA PIN - 23-118', 1, 1),
(165, 1, 165, '10165', 'HABAYA PIN - 23-119', 3, 3),
(166, 1, 166, '10166', 'SAREE BROOCH - 23-125', 3, 3),
(167, 1, 167, '10167', 'WOOL BAND - 24-9', 10, 10),
(168, 1, 168, '10168', 'HAIR PEG - 25-1', 640, 640),
(169, 1, 169, '10169', 'HAIR PEG - 25-2', 1100, 1100),
(170, 1, 170, '10170', 'HAIR PEG - 25-3', 640, 640),
(171, 1, 171, '10171', 'HAIR PEG - 25-4', 630, 630),
(172, 1, 172, '10172', 'HAIR PEG - 25-5', 1100, 1100),
(173, 1, 173, '10173', 'HAIR PEG - 25-6', 89, 89),
(174, 1, 174, '10174', 'HAIR CLIP - 26-2', 340, 340),
(175, 1, 175, '10175', 'HAIR CLIP - 26-7', 14, 14),
(176, 1, 176, '10176', 'HAIR CLIP - 26-9', 131, 131),
(177, 1, 177, '10177', 'HAIR CLIP - 26-10', 19, 19),
(178, 1, 178, '10178', 'HAIR CLIP - 26-11', 15, 15),
(179, 1, 179, '10179', 'HAIR CLIP - 26-12', 2, 2),
(180, 1, 180, '10180', 'HAIR CLIP - 26-14', 4, 4),
(181, 1, 181, '10181', 'HAIR CLIP - 26-15', 3, 3),
(182, 1, 182, '10182', 'HAIR CLIP - 26-17', 12, 12),
(183, 1, 183, '10183', 'HAIR CLIP - 26-20', 22, 22),
(184, 1, 184, '10184', 'HAIR CLIP - 26-23', 1, 1),
(185, 1, 185, '10185', 'HAIR CLIP - 26-25', 8, 8),
(186, 1, 186, '10186', 'HAIR CLIP - 26-27', 1, 1),
(187, 1, 187, '10187', 'HAIR CLIP - 26-29', 61, 61),
(188, 1, 188, '10188', 'HAIR CLIP - 26-30', 16, 16),
(189, 1, 189, '10189', 'HAIR CLIP - 26-32', 9, 9),
(190, 1, 190, '10190', 'HAIR CLIP - 26-33', 31, 31),
(191, 1, 191, '10191', 'HAIR CLIP - 26-34', 24, 24),
(192, 1, 192, '10192', 'BELTS - 27', 703, 703),
(193, 1, 193, '10193', 'SARI BROOCH - I001', 96, 96),
(194, 1, 194, '10194', 'SARI BROOCH - I002', 1, 1),
(195, 1, 195, '10195', 'SARI BROOCH - I003', 36, 36),
(196, 1, 196, '10196', 'SARI BROOCH - I004', 30, 30),
(197, 1, 197, '10197', 'SARI BROOCH - I006', 131, 131),
(198, 1, 198, '10198', 'SARI BROOCH - I007', 5, 5),
(199, 1, 199, '10199', 'SARI BROOCH - I008', 1, 1),
(200, 1, 200, '10200', 'SARI BROOCH - I009', 12, 12),
(201, 1, 201, '10201', 'SARI BROOCH - I010', 14, 14),
(202, 1, 202, '10202', 'SARI BROOCH - I011', 4, 4),
(203, 1, 203, '10203', 'SARI BROOCH - I012', 2, 2),
(204, 1, 204, '10204', 'SARI BROOCH - I013', 2, 2),
(205, 1, 205, '10205', 'SARI BROOCH - I014', 1, 1),
(206, 1, 206, '10206', 'SARI BROOCH - I015', 1, 1),
(207, 1, 207, '10207', 'SARI BROOCH - I016', 1, 1),
(208, 1, 208, '10208', 'EARING - I017', 49, 49),
(209, 1, 209, '10209', 'EARING - I018', 12, 12),
(210, 1, 210, '10210', 'EARING - I019', 7, 7),
(211, 1, 211, '10211', 'EARING - I021', 27, 27),
(212, 1, 212, '10212', 'EARING - I022', 195, 195),
(213, 1, 213, '10213', 'EARING - I023', 148, 148),
(214, 1, 214, '10214', 'EARING - I024', 1, 1),
(215, 1, 215, '10215', 'HAIR PEG - I026', 4, 4),
(216, 1, 216, '10216', 'SLIDE - I035', 25, 25),
(217, 1, 217, '10217', 'SLIDE - I036', 16, 16),
(218, 1, 218, '10218', 'SLIDE - I038', 1, 1),
(219, 1, 219, '10219', 'SLIDE - I039', 1, 1),
(220, 1, 220, '10220', 'KEY TAG - I040', 1222, 1222),
(221, 1, 221, '10221', 'HAIR ORNAMENT - I055', 7, 7),
(222, 1, 222, '10222', 'SLIDE - I056', 17, 17),
(223, 1, 223, '10223', 'HAIR ORNAMENT - I058', 3, 3),
(224, 1, 224, '10224', 'SARI BROOCH - I060', 89, 89),
(225, 1, 225, '10225', 'HAIR ORNAMENT - I062', 12, 12),
(226, 1, 226, '10226', 'HAIR ORNAMENT - I065', 244, 244),
(227, 1, 227, '10227', 'HAIR ORNAMENT - I066', 1, 1),
(228, 1, 228, '10228', 'SLIDE - I075', 5, 5),
(229, 1, 229, '10229', 'SLIDE - I076', 5, 5),
(230, 1, 230, '10230', 'SLIDE - I080', 23, 23),
(231, 1, 231, '10231', 'SLIDE - I081', 1, 1),
(232, 1, 232, '10232', 'SLIDE - I082', 1, 1),
(233, 1, 233, '10233', 'SLIDE - I083', 28, 28),
(234, 1, 234, '10234', 'SLIDE - I084', 3, 3),
(235, 1, 235, '10235', 'SLIDE - I085', 5, 5),
(236, 1, 236, '10236', 'WOOL BAND - I090', 7, 7),
(237, 1, 237, '10237', 'BROOCH - I128', 3, 3),
(238, 1, 238, '10238', 'SLIDE - I130', 652, 652),
(239, 1, 239, '10239', 'SLIDE - I131', 634, 634),
(240, 1, 240, '10240', 'HAIR CLIP - 184-2', 11, 11),
(241, 2, 241, '10241', 'Gents Purse - S4-1', 62, 62),
(242, 2, 242, '10242', 'Purse - S5-1', 12, 12),
(243, 2, 243, '10243', 'Purse - S5-2', 4, 4),
(244, 2, 244, '10244', 'Purse - S5-3', 3, 3),
(245, 2, 245, '10245', 'Purse - S5-4', 39, 39),
(246, 2, 246, '10246', 'Purse - S5-5', 7, 7),
(247, 2, 247, '10247', 'Purse - S5-6', 6, 6),
(248, 2, 248, '10248', 'Purse - S5-7', 2, 2),
(249, 2, 249, '10249', 'Purse - S5-9', 7, 7),
(250, 2, 250, '10250', 'Purse - S5-10', 17, 17),
(251, 2, 251, '10251', 'Purse - S5-11', 35, 35),
(252, 2, 252, '10252', 'Purse - S5-12', 2, 2),
(253, 2, 253, '10253', 'Purse - S5-13', 1, 1),
(254, 2, 254, '10254', 'Purse - S5-14', 26, 26),
(255, 2, 255, '10255', 'Purse - S5-15', 23, 23),
(256, 2, 256, '10256', 'Purse - S5-16', 1, 1),
(257, 2, 257, '10257', 'Purse - S5-19', 13, 13),
(258, 2, 258, '10258', 'Purse - S5-21', 1, 1),
(259, 2, 259, '10259', 'Purse - S5-22', 6, 6),
(260, 2, 260, '10260', 'Purse - S5-24', 4, 4),
(261, 2, 261, '10261', 'Purse - S6-1', 23, 23),
(262, 2, 262, '10262', 'Purse - S6-2', 137, 137),
(263, 2, 263, '10263', 'Purse - S6-3', 84, 84),
(264, 2, 264, '10264', 'Purse - S6-16', 10, 10),
(265, 2, 265, '10265', 'Purse - S6-12', 4, 4),
(266, 2, 266, '10266', 'Purse - S6-13', 18, 18),
(267, 2, 267, '10267', 'Ladies Bag - S7-1', 17, 17),
(268, 2, 268, '10268', 'Ladies Bag - S7-10', 4, 4),
(269, 2, 269, '10269', 'Ladies Bag - S7-16', 6, 6),
(270, 2, 270, '10270', 'Ladies Bag - S8-3', 19, 19),
(271, 2, 271, '10271', 'Ladies Bag - S8-4', 12, 12),
(272, 2, 272, '10272', 'Ladies Bag - S8-5', 3, 3),
(273, 2, 274, '10274', 'Ladies Bag - S9-4', 2, 2),
(274, 2, 275, '10275', 'Ladies Bag - S9-5', 5, 5),
(275, 2, 276, '10276', 'Ladies Bag - S9-6', 7, 7),
(276, 2, 277, '10277', 'Ladies Bag - S9-7', 2, 2),
(277, 2, 278, '10278', 'Purse - S10-1', 9, 9),
(278, 2, 279, '10279', 'Purse - S10-3', 29, 29),
(279, 2, 280, '10280', 'Purse - S10-6', 53, 53),
(280, 2, 281, '10281', 'Purse - S10-8', 103, 103),
(281, 2, 282, '10282', 'Purse - S10-10', 110, 110),
(282, 2, 283, '10283', 'Purse - S10-11', 69, 69),
(283, 2, 284, '10284', 'Purse - S11-1', 2, 2),
(284, 2, 285, '10285', 'Purse - S11-2', 2, 2),
(285, 2, 286, '10286', 'Purse - S11-3', 1, 1),
(286, 2, 287, '10287', 'Purse - S11-4', 2, 2),
(287, 2, 288, '10288', 'Purse - S11-5', 7, 7),
(288, 2, 289, '10289', 'Purse - S11-6', 42, 42),
(289, 2, 290, '10290', 'Purse - S11-7', 6, 6),
(290, 2, 291, '10291', 'Gents Purse - S12-1', 93, 93),
(291, 2, 292, '10292', 'Gents Purse - S12-2', 99, 99),
(292, 2, 293, '10293', 'Gents Purse - S12-3', 272, 272),
(293, 2, 294, '10294', 'Gents Purse - S12-4', 279, 279),
(294, 2, 295, '10295', 'Gents Purse - S12-5', 145, 145),
(295, 2, 296, '10296', 'Gents Purse - S12-6', 97, 97),
(296, 2, 297, '10297', 'Purse - S13-1', 65, 65),
(297, 2, 298, '10298', 'Purse - S13-2', 89, 89),
(298, 2, 299, '10299', 'Purse - S13-3', 24, 24),
(299, 2, 300, '10300', 'Purse - S13-4', 201, 201),
(300, 2, 301, '10301', 'Purse - S13-5', 138, 138),
(301, 2, 302, '10302', 'Purse - S13-6', 157, 157),
(302, 2, 303, '10303', 'Purse - S13-7', 99, 99),
(303, 2, 304, '10304', 'Purse - S13-8', 129, 129),
(304, 2, 305, '10305', 'Purse - S13-9', 95, 95),
(305, 2, 306, '10306', 'Purse - S13-10', 100, 100),
(306, 2, 307, '10307', 'Purse - S13-11', 61, 61),
(307, 2, 308, '10308', 'Purse - S13-12', 148, 148),
(308, 2, 309, '10309', 'Purse - S13-13', 64, 64),
(309, 2, 310, '10310', 'Purse - S14-1', 7, 7),
(310, 2, 311, '10311', 'Purse - S14-2', 2, 2),
(311, 2, 312, '10312', 'Purse - S14-3', 2, 2),
(312, 2, 313, '10313', 'Purse - S14-4', 8, 8),
(313, 2, 314, '10314', 'Purse - S14-5', 5, 5),
(314, 2, 315, '10315', 'Purse - S14-6', 54, 54),
(315, 2, 316, '10316', 'Purse - S14-7', 91, 91),
(316, 2, 317, '10317', 'Purse - S14-8', 102, 102),
(317, 2, 318, '10318', 'Purse - S14-9', 94, 94),
(318, 2, 319, '10319', 'Gents Purse - S15-13', 1, 1),
(319, 2, 320, '10320', 'Gents Purse - S15-14', 1, 1),
(320, 2, 321, '10321', 'Gents Purse - S15-11', 5, 5),
(321, 2, 322, '10322', 'Gents Purse - S15-12', 1, 1),
(322, 2, 323, '10323', 'Gents Purse - S15-15', 4, 4),
(323, 2, 324, '10324', 'Gents Purse - S15-16', 1, 1),
(324, 2, 325, '10325', 'Purse - S15-21', 112, 112),
(325, 2, 326, '10326', 'Purse - S15-22', 8, 8),
(326, 2, 327, '10327', 'Purse - S15-23', 145, 145),
(327, 2, 328, '10328', 'Purse - S15-25', 69, 69),
(328, 2, 329, '10329', 'Purse - S15-26', 2, 2),
(329, 2, 330, '10330', 'Purse - S16-1', 1, 1),
(330, 2, 331, '10331', 'Purse - S16-2', 1, 1),
(331, 2, 332, '10332', 'Purse - S16-3', 102, 102),
(332, 2, 333, '10333', 'Purse - S16-4', 1, 1),
(333, 2, 334, '10334', 'Purse - S16-5', 23, 23),
(334, 2, 335, '10335', 'Purse - S16-6', 76, 76),
(335, 2, 336, '10336', 'Purse - S16-7', 35, 35),
(336, 2, 337, '10337', 'Purse - S16-8', 4, 4),
(337, 2, 338, '10338', 'Purse - S16-9', 1, 1),
(338, 2, 339, '10339', 'Purse - S16-12', 26, 26),
(339, 2, 340, '10340', 'Purse - S16-13', 74, 74),
(340, 2, 341, '10341', 'Purse - S16-14', 2, 2),
(341, 2, 342, '10342', 'Serviets - S17-18', 106, 106),
(342, 2, 343, '10343', 'Serviets - S17-3', 44, 44),
(343, 2, 344, '10344', 'Serviets - S17-5', 12, 12),
(344, 2, 345, '10345', 'Serviets - S17-6', 96, 96),
(345, 2, 346, '10346', 'Serviets - S17-7', 288, 288),
(346, 2, 347, '10347', 'Serviets - S17-9', 132, 132),
(347, 2, 348, '10348', 'Serviets - S17-11', 60, 60),
(348, 2, 349, '10349', 'Serviets - S17-13', 1667, 1667),
(349, 2, 350, '10350', 'Serviets - S17-15', 203, 203),
(350, 2, 351, '10351', 'Serviets - S17-19', 11, 11),
(351, 2, 352, '10352', 'Serviets - S18-1', 84, 84),
(352, 2, 353, '10353', 'Serviets - S18-2', 380, 380),
(353, 2, 354, '10354', 'Serviets - S18-3', 12, 12),
(354, 2, 355, '10355', 'Serviets - S18-4', 24, 24),
(355, 2, 356, '10356', 'Serviets - S18-5', 360, 360),
(356, 2, 357, '10357', 'Serviets - S18-6', 8, 8),
(357, 2, 358, '10358', 'Serviets - S18-7', 192, 192),
(358, 2, 359, '10359', 'Serviets - S18-8', 309, 309),
(359, 2, 360, '10360', 'Serviets - S18-9', 48, 48),
(360, 2, 361, '10361', 'Serviets - S18-10', 575, 575),
(361, 2, 362, '10362', 'Serviets - S18-11', 672, 672),
(362, 3, 363, '10363', 'SIDE PURSE - H1-1', 35, 35),
(363, 3, 364, '10364', 'SIDE PURSE - H1-3', 42, 42),
(364, 3, 365, '10365', 'SIDE PURSE - H1-4', 33, 33),
(365, 3, 366, '10366', 'SIDE PURSE - H1-6', 8, 8),
(366, 3, 367, '10367', 'SIDE PURSE - H1-8', 3, 3),
(367, 3, 368, '10368', 'SIDE PURSE - H1-9', 7, 7),
(368, 3, 369, '10369', 'SIDE PURSE - H1-11', 62, 62),
(369, 3, 370, '10370', 'SIDE PURSE - H1-12', 9, 9),
(370, 3, 371, '10371', 'SIDE PURSE - H1-13', 2, 2),
(371, 3, 372, '10372', 'HAND BAG - H3-4', 2, 2),
(372, 3, 373, '10373', 'PURSE - H5-2', 47, 47),
(373, 3, 374, '10374', 'PURSE - H5-3', 22, 22),
(374, 3, 375, '10375', 'PURSE - H5-4', 9, 9),
(375, 3, 376, '10376', 'PURSE - H4-1', 14, 14),
(376, 3, 377, '10377', 'PURSE - H4-3', 32, 32),
(377, 3, 378, '10378', 'PURSE - H4-4', 11, 11),
(378, 3, 379, '10379', 'PURSE - H4-5', 41, 41),
(379, 3, 380, '10380', 'PURSE - H4-6', 8, 8),
(380, 3, 381, '10381', 'PURSE - H4-7', 12, 12),
(381, 3, 382, '10382', 'PURSE - H4-9', 17, 17),
(382, 3, 383, '10383', 'PURSE - H4-10', 1, 1),
(383, 3, 384, '10384', 'PURSE - H4-11', 15, 15),
(384, 3, 385, '10385', 'PURSE - H4-12', 12, 12),
(385, 3, 386, '10386', 'SIDE BAG - H4-19', 1, 1),
(386, 3, 387, '10387', 'SIDE BAG - H4-23', 1, 1),
(387, 3, 388, '10388', 'PURSE - H6-1', 16, 16),
(388, 3, 389, '10389', 'PURSE - H6-3', 16, 16),
(389, 3, 390, '10390', 'PURSE - H6-5', 51, 51),
(390, 3, 391, '10391', 'PURSE - H6-6', 20, 20),
(391, 3, 392, '10392', 'SIDE BAG - H6-8', 13, 13),
(392, 3, 393, '10393', 'SIDE BAG - H6-9', 75, 75),
(393, 3, 394, '10394', 'SIDE BAG - H6-10', 14, 14),
(394, 3, 395, '10395', 'HAND BAG - H9-2', 12, 12),
(395, 3, 396, '10396', 'HAND BAG - H9-3', 1, 1),
(396, 3, 397, '10397', 'HAND BAG - H9-4', 5, 5),
(397, 3, 398, '10398', 'HAND BAG - H9-5', 5, 5),
(398, 3, 399, '10399', 'HAND BAG - H9-7', 5, 5),
(399, 3, 400, '10400', 'HAND BAG - H9-8', 4, 4),
(400, 3, 401, '10401', 'HAND BAG - H9-9', 10, 10),
(401, 3, 402, '10402', 'HAND BAG - H9-11', 17, 17),
(402, 3, 403, '10403', 'HAND BAG - H9-12', 7, 7),
(403, 3, 404, '10404', 'PURSE - H11-1', 3, 3),
(404, 3, 405, '10405', 'PURSE - H11-3', 1, 1),
(405, 3, 406, '10406', 'SIDE BAG - H11-11', 6, 6),
(406, 3, 407, '10407', 'SIDE BAG - H11-12', 4, 4),
(407, 3, 408, '10408', 'PURSE - H12-1', 22, 22),
(408, 3, 409, '10409', 'PURSE - H12-2', 46, 46),
(409, 3, 410, '10410', 'PURSE - H12-3', 49, 49),
(410, 3, 411, '10411', 'PURSE - H12-4', 39, 39),
(411, 3, 412, '10412', 'PURSE - H12-5', 27, 27),
(412, 3, 413, '10413', 'PURSE - H12-6', 18, 18),
(413, 3, 414, '10414', 'PURSE - H12-7', 24, 24),
(414, 3, 415, '10415', 'PURSE - H12-10', 1, 1),
(415, 3, 416, '10416', 'PURSE - H12-12', 3, 3),
(416, 3, 417, '10417', 'PURSE - H12-11', 54, 54),
(417, 3, 418, '10418', 'PURSE - H12-13', 2, 2),
(418, 3, 419, '10419', 'PURSE - H12-15', 1, 1),
(419, 3, 420, '10420', 'PURSE - H12-16', 3, 3),
(420, 3, 421, '10421', 'PURSE - H12-17', 3, 3),
(421, 3, 422, '10422', 'PURSE - H12-18', 3, 3),
(422, 3, 423, '10423', 'PURSE - H12-19', 2, 2),
(423, 3, 424, '10424', 'PURSE - H12-22', 1, 1),
(424, 3, 425, '10425', 'PURSE - H12-24', 3, 3),
(425, 3, 426, '10426', 'PURSE - H12-25', 3, 3),
(426, 3, 427, '10427', 'PURSE - H12-26', 13, 13),
(427, 3, 428, '10428', 'PURSE - H12-27', 7, 7),
(428, 3, 429, '10429', 'PURSE - H12-28', 1, 1),
(429, 3, 430, '10430', 'PURSE - H12-29', 9, 9),
(430, 3, 431, '10431', 'PURSE - H12-30', 13, 13),
(431, 3, 432, '10432', 'PURSE - H12-32', 9, 9),
(432, 3, 433, '10433', 'PURSE - H12-33', 8, 8),
(433, 3, 434, '10434', 'PURSE - H12-35', 1, 1),
(434, 3, 435, '10435', 'PURSE - H12-38', 1, 1),
(435, 3, 436, '10436', 'PURSE - H12-41', 1, 1),
(436, 3, 437, '10437', 'PURSE - H12-43', 3, 3),
(437, 3, 438, '10438', 'PURSE - H12-47', 3, 3),
(438, 3, 439, '10439', 'PURSE - H13-5', 59, 59),
(439, 3, 440, '10440', 'PURSE - H13-6', 3, 3),
(440, 3, 441, '10441', 'PURSE - H13-7', 28, 28),
(441, 3, 442, '10442', 'PURSE - H13-8', 44, 44),
(442, 3, 443, '10443', 'PURSE - H13-9', 25, 25),
(443, 3, 444, '10444', 'PURSE - H13-10', 60, 60),
(444, 3, 445, '10445', 'SIDE BAG - H13-13', 43, 43),
(445, 3, 446, '10446', 'PURSE - H13-16', 1, 1),
(446, 3, 447, '10447', 'PURSE - H13-17', 1, 1),
(447, 3, 448, '10448', 'PURSE - H13-18', 6, 6),
(448, 3, 449, '10449', 'PURSE - H14-1', 137, 137),
(449, 3, 450, '10450', 'PURSE - H14-2', 183, 183),
(450, 3, 451, '10451', 'PURSE - H14-3', 217, 217),
(451, 3, 452, '10452', 'PURSE - H14-4', 218, 218),
(452, 3, 453, '10453', 'PURSE - H14-5', 142, 142),
(453, 3, 454, '10454', 'PURSE - H16-1', 1, 1),
(454, 3, 455, '10455', 'PURSE - H16-2', 50, 50),
(455, 3, 456, '10456', 'PURSE - H16-4', 42, 42),
(456, 3, 457, '10457', 'PURSE - H16-5', 14, 14),
(457, 3, 458, '10458', 'PURSE - H16-6', 8, 8),
(458, 3, 459, '10459', 'PURSE - H17-1', 225, 225),
(459, 3, 460, '10460', 'PURSE - H17-2', 109, 109),
(460, 3, 461, '10461', 'PURSE - H17-3', 63, 63),
(461, 3, 462, '10462', 'PURSE - H17-4', 149, 149),
(462, 3, 463, '10463', 'PURSE - H18-1', 4, 4),
(463, 3, 464, '10464', 'PURSE - H19-1', 78, 78),
(464, 3, 465, '10465', 'PURSE - H19-2', 4, 4),
(465, 3, 466, '10466', 'PURSE - H19-4', 1, 1),
(466, 3, 467, '10467', 'PURSE - H19-5', 1, 1),
(467, 3, 468, '10468', 'PURSE - H19-6', 3, 3),
(468, 3, 469, '10469', 'PURSE - H19-7', 48, 48),
(469, 3, 470, '10470', 'SERVIET - H20-1', 799, 799),
(470, 3, 471, '10471', 'SERVIET - H20-2', 801, 801),
(471, 3, 472, '10472', 'SERVIET - H20-3', 921, 921),
(472, 3, 473, '10473', 'SERVIET - H20-4', 967, 967),
(473, 3, 474, '10474', 'SERVIET - H20-5', 564, 564),
(474, 3, 475, '10475', 'SERVIET - H20-6', 899, 899),
(475, 3, 476, '10476', 'SERVIET - H20-7', 660, 660),
(476, 3, 477, '10477', 'SERVIET - H20-8', 660, 660),
(477, 3, 478, '10478', 'SERVIET - H20-9', 1028, 1028),
(478, 3, 479, '10479', 'SERVIET - H20-10', 684, 684),
(479, 3, 480, '10480', 'SERVIET - H20-11', 936, 936),
(480, 3, 481, '10481', 'SERVIET - H20-12', 979, 979),
(481, 3, 482, '10482', 'SERVIET - H20-13', 706, 706),
(482, 3, 483, '10483', 'SERVIET - H20-14', 71, 71),
(483, 3, 484, '10484', 'SERVIET - H20-15', 779, 779),
(484, 3, 485, '10485', 'SERVIET - H20-16', 700, 700),
(485, 3, 486, '10486', 'SERVIET - H20-18', 899, 899),
(486, 3, 487, '10487', 'SERVIET - H20-19', 1060, 1060),
(487, 3, 488, '10488', 'SERVIET - H20-20', 445, 445),
(488, 3, 489, '10489', 'SERVIET - H20-21', 515, 515),
(489, 3, 490, '10490', 'SERVIET - H20-23', 815, 815),
(490, 3, 491, '10491', 'SERVIET - H22-1', 636, 636),
(491, 3, 492, '10492', 'SERVIET - H22-2', 815, 815),
(492, 3, 493, '10493', 'SERVIET - H22-3', 758, 758),
(493, 3, 494, '10494', 'SERVIET - H22-6', 468, 468),
(494, 3, 495, '10495', 'SERVIET - H22-8', 1091, 1091),
(495, 3, 496, '10496', 'SERVIET - H22-9', 659, 659),
(496, 4, 497, '10497', 'WOOL BAND - Y1-1', 300, 300),
(497, 4, 498, '10498', 'WOOL BAND - Y1-3', 75, 75),
(498, 4, 499, '10499', 'WOOL BAND - Y1-4', 85, 85),
(499, 4, 500, '10500', 'WOOL BAND - Y1-5', 200, 200),
(500, 4, 501, '10501', 'WOOL BAND - Y1-7', 100, 100),
(501, 4, 502, '10502', 'WOOL BAND - Y1-8', 100, 100),
(502, 4, 503, '10503', 'WOOL BAND - Y1-9', 82, 82),
(503, 4, 504, '10504', 'WOOL BAND - Y1-10', 100, 100),
(504, 4, 505, '10505', 'WOOL BAND - Y1-11', 137, 137),
(505, 4, 506, '10506', 'WOOL BAND - Y1-12', 78, 78),
(506, 4, 507, '10507', 'WOOL BAND - Y1-14', 100, 100),
(507, 4, 508, '10508', 'WOOL BAND - Y1-15', 163, 163),
(508, 4, 509, '10509', 'WOOL BAND - Y1-16', 288, 288),
(509, 4, 510, '10510', 'WOOL BAND - Y1-17', 300, 300),
(510, 4, 511, '10511', 'WOOL BAND - Y1-18', 100, 100),
(511, 4, 512, '10512', 'WOOL BAND - Y1-19', 100, 100),
(512, 4, 513, '10513', 'WOOL BAND - Y1-20', 61, 61),
(513, 4, 514, '10514', 'WOOL BAND - Y1-21', 200, 200),
(514, 4, 515, '10515', 'WOOL BAND - Y1-22', 400, 400),
(515, 4, 516, '10516', 'WOOL BAND - Y1-23', 100, 100),
(516, 4, 517, '10517', 'WOOL BAND - Y1-24', 100, 100),
(517, 4, 518, '10518', 'WOOL BAND - Y1-25', 346, 346),
(518, 4, 519, '10519', 'WOOL BAND - Y1-26', 100, 100),
(519, 4, 520, '10520', 'WOOL BAND - Y1-27', 145, 145),
(520, 4, 521, '10521', 'WOOL BAND - Y1-28', 138, 138),
(521, 4, 522, '10522', 'WOOL BAND - Y1-30', 124, 124),
(522, 4, 523, '10523', 'KEY TAG - Y3-1', 27, 27),
(523, 4, 524, '10524', 'KEY TAG - Y3-2', 492, 492),
(524, 4, 525, '10525', 'KEY TAG - Y3-3', 114, 114),
(525, 4, 526, '10526', 'KEY TAG - Y3-4', 126, 126),
(526, 4, 527, '10527', 'KEY TAG - Y3-5', 17, 17),
(527, 4, 528, '10528', 'KEY TAG - Y3-9', 252, 252),
(528, 4, 529, '10529', 'SAREE BROOCH - Y5-1', 354, 354),
(529, 4, 530, '10530', 'SAREE BROOCH - Y5-2', 3630, 3630),
(530, 4, 531, '10531', 'WOOL BAND - Y6-1', 57, 57),
(531, 4, 532, '10532', 'WOOL BAND - Y6-2', 264, 264),
(532, 4, 533, '10533', 'WOOL BAND - Y6-3', 168, 168),
(533, 4, 534, '10534', 'WOOL BAND - Y6-6', 988, 988),
(534, 4, 535, '10535', 'WOOL BAND - Y6-7', 30, 30),
(535, 4, 536, '10536', 'WOOL BAND - Y6-8', 288, 288),
(536, 4, 537, '10537', 'WOOL BAND - Y6-9', 172, 172),
(537, 4, 538, '10538', 'WOOL BAND - Y6-10', 229, 229),
(538, 4, 539, '10539', 'WOOL BAND - Y6-11', 98, 98),
(539, 4, 540, '10540', 'WOOL BAND - Y6-13', 46, 46),
(540, 4, 541, '10541', 'WOOL BAND - Y6-14', 100, 100),
(541, 4, 542, '10542', 'WOOL BAND - Y6-16', 500, 500),
(542, 4, 543, '10543', 'WOOL BAND - Y6-17', 187, 187),
(543, 4, 544, '10544', 'WOOL BAND - Y6-19', 100, 100),
(544, 4, 545, '10545', 'WOOL BAND - Y6-20', 100, 100),
(545, 4, 546, '10546', 'WOOL BAND - Y6-21', 322, 322),
(546, 4, 547, '10547', 'WOOL BAND - Y6-22', 87, 87),
(547, 4, 548, '10548', 'WOOL BAND - Y6-24', 200, 200),
(548, 4, 549, '10549', 'WOOL BAND - Y6-25', 100, 100),
(549, 4, 550, '10550', 'BABY CLIP - Y8-3', 89, 89),
(550, 4, 551, '10551', 'BABY CLIP - Y8-4', 4, 4),
(551, 4, 552, '10552', 'BABY CLIP - Y8-5', 96, 96),
(552, 4, 553, '10553', 'WOOL BAND - Y9-2', 20, 20),
(553, 4, 554, '10554', 'WOOL BAND - Y9-3', 20, 20),
(554, 4, 555, '10555', 'WOOL BAND - Y9-4', 20, 20),
(555, 4, 556, '10556', 'WOOL BAND - Y9-5', 20, 20),
(556, 4, 557, '10557', 'WOOL BAND - Y9-6', 20, 20),
(557, 4, 558, '10558', 'WOOL BAND - Y9-8', 20, 20),
(558, 4, 559, '10559', 'WOOL BAND - Y9-9', 40, 40),
(559, 4, 560, '10560', 'WOOL BAND - Y9-10', 20, 20),
(560, 4, 561, '10561', 'WOOL BAND - Y9-11', 20, 20),
(561, 4, 562, '10562', 'WOOL BAND - Y9-12', 20, 20),
(562, 4, 563, '10563', 'WOOL BAND - Y9-14', 40, 40),
(563, 4, 564, '10564', 'WOOL BAND - Y9-15', 40, 40),
(564, 4, 565, '10565', 'WOOL BAND - Y9-16', 20, 20),
(565, 4, 566, '10566', 'WOOL BAND - Y9-17', 20, 20),
(566, 4, 567, '10567', 'WOOL BAND - Y9-18', 40, 40),
(567, 4, 568, '10568', 'WOOL BAND - Y9-20', 40, 40),
(568, 4, 569, '10569', 'SAREE BROOCH - Y10-1', 36, 36),
(569, 4, 570, '10570', 'SAREE BROOCH - Y10-8', 48, 48),
(570, 4, 571, '10571', 'SAREE BROOCH - Y10-9', 48, 48),
(571, 4, 572, '10572', 'SAREE BROOCH - Y10-10', 42, 42),
(572, 4, 573, '10573', 'SAREE BROOCH - Y10-11', 48, 48),
(573, 4, 574, '10574', 'SAREE BROOCH - Y10-12', 64, 64),
(574, 4, 575, '10575', 'SAREE BROOCH - Y10-13', 64, 64),
(575, 4, 576, '10576', 'SAREE BROOCH - Y10-14', 64, 64),
(576, 4, 577, '10577', 'SAREE BROOCH - Y10-15', 64, 64),
(577, 4, 578, '10578', 'SAREE BROOCH - Y10-16', 32, 32),
(578, 4, 579, '10579', 'SAREE BROOCH - Y10-17', 10, 10),
(579, 4, 580, '10580', 'SAREE BROOCH - Y10-18', 64, 64),
(580, 4, 581, '10581', 'SAREE BROOCH - Y10-20', 18, 18),
(581, 4, 582, '10582', 'SAREE BROOCH - Y10-22', 18, 18),
(582, 4, 583, '10583', 'SAREE BROOCH - Y10-23', 18, 18),
(583, 4, 584, '10584', 'SAREE BROOCH - Y10-24', 36, 36),
(584, 4, 585, '10585', 'SAREE BROOCH - Y10-26', 24, 24),
(585, 4, 586, '10586', 'SAREE BROOCH - Y10-27', 24, 24),
(586, 4, 587, '10587', 'SAREE BROOCH - Y10-30', 24, 24),
(587, 4, 588, '10588', 'SAREE BROOCH - Y10-31', 48, 48),
(588, 4, 589, '10589', 'SAREE BROOCH - Y10-32', 36, 36),
(589, 4, 590, '10590', 'SAREE BROOCH - Y10-33', 48, 48),
(590, 4, 591, '10591', 'HAIR PIN - Y12-1', 470, 470),
(591, 4, 592, '10592', 'HAIR PIN - Y12-2', 1118, 1118),
(592, 4, 593, '10593', 'HAIR PIN - Y12-3', 407, 407),
(593, 4, 594, '10594', 'HAIR PIN - Y12-4', 127, 127),
(594, 4, 595, '10595', 'HAIR PIN - Y12-5', 369, 369),
(595, 4, 596, '10596', 'HAIR PIN - Y12-7', 1, 1),
(596, 4, 597, '10597', 'HAIR PIN - Y12-9', 19, 19),
(597, 4, 598, '10598', 'HAIR PIN - Y12-10', 1, 1),
(598, 4, 599, '10599', 'HAIR PIN - Y12-11', 428, 428),
(599, 4, 600, '10600', 'HAIR PIN - Y12-12', 164, 164),
(600, 4, 601, '10601', 'HAIR PIN - Y12-13', 281, 281),
(601, 4, 602, '10602', 'HAIR PIN - Y13-1', 264, 264),
(602, 4, 603, '10603', 'HAIR PIN - Y13-2', 298, 298),
(603, 4, 604, '10604', 'HAIR PIN - Y13-3', 360, 360),
(604, 4, 605, '10605', 'HAIR PIN - Y13-4', 348, 348),
(605, 4, 606, '10606', 'HAIR PIN - Y13-5', 348, 348),
(606, 4, 607, '10607', 'HAIR PIN - Y13-6', 336, 336),
(607, 4, 608, '10608', 'HAIR PIN - Y13-7', 372, 372),
(608, 4, 609, '10609', 'HAIR PIN - Y13-8', 348, 348),
(609, 4, 610, '10610', 'HAIR PIN - Y13-9', 372, 372),
(610, 4, 611, '10611', 'HAIR PIN - Y13-10', 408, 408),
(611, 4, 612, '10612', 'HAIR PIN - Y13-11', 348, 348),
(612, 4, 613, '10613', 'HAIR PIN - Y13-12', 444, 444),
(613, 4, 614, '10614', 'HAIR PIN - Y13-13', 348, 348),
(614, 4, 615, '10615', 'HAIR PIN - Y13-14', 372, 372),
(615, 4, 616, '10616', 'HAIR PIN - Y13-15', 375, 375),
(616, 4, 617, '10617', 'HAIR PIN - Y13-16', 360, 360),
(617, 4, 618, '10618', 'HAIR PIN - Y13-17', 396, 396),
(618, 4, 619, '10619', 'HAIR PIN - Y13-18', 468, 468),
(619, 4, 620, '10620', 'HAIR PIN - Y13-19', 438, 438),
(620, 4, 621, '10621', 'HAIR PIN - Y13-20', 336, 336),
(621, 4, 622, '10622', 'HAIR PIN - Y13-22', 396, 396),
(622, 4, 623, '10623', 'HAIR PIN - Y13-23', 70, 70),
(623, 4, 624, '10624', 'HAIR PIN - Y13-24', 264, 264),
(624, 4, 625, '10625', 'HAIR PIN - Y13-25', 36, 36),
(625, 4, 626, '10626', 'HAIR PIN - Y13-26', 96, 96),
(626, 4, 627, '10627', 'HAIR PIN - Y13-27', 108, 108),
(627, 4, 628, '10628', 'HAIR PIN - Y13-28', 84, 84),
(628, 4, 629, '10629', 'HAIR PIN - Y13-29', 264, 264),
(629, 4, 630, '10630', 'HAIR PIN - Y13-30', 240, 240),
(630, 4, 631, '10631', 'HAIR PIN - Y13-31', 240, 240),
(631, 4, 632, '10632', 'HAIR PIN - Y13-32', 84, 84),
(632, 4, 633, '10633', 'HAIR PIN - Y13-33', 48, 48),
(633, 4, 634, '10634', 'HAIR PIN - Y13-34', 204, 204),
(634, 4, 635, '10635', 'HAIR PIN - Y13-35', 216, 216),
(635, 4, 636, '10636', 'HAIR PIN - Y13-36', 355, 355),
(636, 4, 637, '10637', 'HAIR PIN - Y13-37', 372, 372),
(637, 4, 638, '10638', 'HAIR PIN - Y13-38', 300, 300),
(638, 4, 639, '10639', 'HAIR PIN - Y13-39', 229, 229),
(639, 4, 640, '10640', 'HAIR PIN - Y13-40', 288, 288),
(640, 4, 641, '10641', 'HAIR PIN - Y13-41', 348, 348),
(641, 4, 642, '10642', 'HAIR PIN - Y13-42', 330, 330),
(642, 4, 643, '10643', 'HAIR PIN - Y13-43', 360, 360),
(643, 4, 644, '10644', 'HAIR PIN - Y13-44', 296, 296),
(644, 4, 645, '10645', 'HAIR PIN - Y13-45', 360, 360),
(645, 4, 646, '10646', 'HAIR PIN - Y13-46', 360, 360),
(646, 4, 647, '10647', 'HAIR PIN - Y13-47', 180, 180),
(647, 4, 648, '10648', 'HAIR PIN - Y13-48', 360, 360),
(648, 4, 649, '10649', 'HAIR PIN - Y13-49', 360, 360),
(649, 4, 650, '10650', 'HAIR PIN - Y13-50', 372, 372),
(650, 4, 651, '10651', 'HAIR PIN - Y13-51', 345, 345),
(651, 4, 652, '10652', 'HAIR PIN - Y13-52', 372, 372),
(652, 4, 653, '10653', 'HAIR PIN - Y13-53', 408, 408),
(653, 4, 654, '10654', 'HAIR PIN - Y13-54', 396, 396),
(654, 4, 655, '10655', 'HAIR PIN - Y13-55', 360, 360),
(655, 4, 656, '10656', 'HAIR PIN - Y13-56', 408, 408),
(656, 4, 657, '10657', 'HAIR PIN - Y13-57', 396, 396),
(657, 4, 658, '10658', 'HAIR PIN - Y13-58', 384, 384),
(658, 4, 659, '10659', 'HAIR PIN - Y13-59', 396, 396),
(659, 4, 660, '10660', 'HAIR PIN - Y13-60', 348, 348),
(660, 4, 661, '10661', 'HAIR PIN - Y13-61', 480, 480),
(661, 4, 662, '10662', 'HAIR PIN - Y13-62', 444, 444),
(662, 4, 663, '10663', 'BEACH BAG - Y14-1', 13, 13),
(663, 4, 664, '10664', 'BEACH BAG - Y14-2', 2, 2),
(664, 4, 665, '10665', 'BEACH BAG - Y14-3', 19, 19),
(665, 4, 666, '10666', 'BEACH BAG - Y14-5', 33, 33),
(666, 4, 667, '10667', 'BEACH BAG - Y14-6', 17, 17),
(667, 4, 668, '10668', 'BEACH BAG - Y14-7', 39, 39),
(668, 4, 669, '10669', 'BEACH BAG - Y14-8', 15, 15),
(669, 4, 670, '10670', 'BEACH BAG - Y14-9', 13, 13),
(670, 4, 671, '10671', 'BEACH BAG - Y14-10', 7, 7),
(671, 4, 672, '10672', 'BEACH BAG - Y14-11', 19, 19),
(672, 4, 673, '10673', 'BEACH BAG - Y14-13', 46, 46),
(673, 4, 674, '10674', 'BEACH BAG - Y14-14', 66, 66),
(674, 4, 675, '10675', 'BEACH BAG - Y14-15', 17, 17),
(675, 4, 676, '10676', 'BEACH BAG - Y14-16', 65, 65),
(676, 4, 677, '10677', 'BEACH BAG - Y14-17', 20, 20),
(677, 4, 678, '10678', 'BEACH BAG - Y14-18', 55, 55),
(678, 4, 679, '10679', 'BEACH BAG - Y14-19', 19, 19),
(679, 4, 680, '10680', 'BEACH BAG - Y14-20', 3, 3),
(680, 4, 681, '10681', 'BEACH BAG - Y14-21', 49, 49),
(681, 4, 682, '10682', 'BEACH BAG - Y14-23', 18, 18),
(682, 4, 683, '10683', 'BEACH BAG - Y14-25', 3, 3),
(683, 4, 684, '10684', 'BEACH BAG - Y14-27', 23, 23),
(684, 4, 685, '10685', 'BEACH BAG - Y14-28', 11, 11),
(685, 4, 686, '10686', 'BEACH BAG - Y14-29', 12, 12),
(686, 4, 687, '10687', 'BEACH BAG - Y14-31', 1, 1),
(687, 4, 688, '10688', 'BEACH BAG - Y14-32', 34, 34),
(688, 4, 689, '10689', 'BEACH BAG - Y14-33', 27, 27),
(689, 4, 690, '10690', 'BEACH BAG - Y14-34', 38, 38),
(690, 4, 691, '10691', 'BEACH BAG - Y14-36', 1, 1),
(691, 4, 692, '10692', 'BEACH BAG - Y14-37', 22, 22),
(692, 4, 693, '10693', 'BEACH BAG - Y14-38', 39, 39),
(693, 4, 694, '10694', 'BEACH BAG - Y14-40', 14, 14),
(694, 4, 695, '10695', 'BEACH BAG - Y14-41', 44, 44),
(695, 4, 696, '10696', 'BEACH BAG - Y14-45', 40, 40),
(696, 4, 697, '10697', 'BEACH BAG - Y14-47', 71, 71),
(697, 4, 698, '10698', 'BEACH BAG - Y14-53', 6, 6),
(698, 4, 699, '10699', 'BEACH BAG - Y14-55', 1, 1),
(699, 4, 700, '10700', 'HAND BAG - Y15-2', 2, 2),
(700, 4, 701, '10701', 'HAND BAG - Y15-3', 4, 4),
(701, 4, 702, '10702', 'HAND BAG - Y15-8', 3, 3),
(702, 4, 703, '10703', 'HAND BAG - Y15-9', 2, 2),
(703, 4, 704, '10704', 'BAGPACK - Y16-1', 20, 20),
(704, 4, 705, '10705', 'BAGPACK - Y16-2', 41, 41),
(705, 4, 706, '10706', 'BAGPACK - Y16-3', 18, 18),
(706, 4, 707, '10707', 'BAGPACK - Y16-4', 36, 36),
(707, 4, 708, '10708', 'BAGPACK - Y16-5', 42, 42),
(708, 4, 709, '10709', 'BAGPACK - Y16-6', 41, 41),
(709, 4, 710, '10710', 'BAGPACK - Y16-7', 15, 15),
(710, 4, 711, '10711', 'SIDE PURSE - Y17-1', 5, 5),
(711, 4, 712, '10712', 'SIDE PURSE - Y17-2', 26, 26),
(712, 4, 713, '10713', 'SIDE PURSE - Y17-4', 2, 2),
(713, 4, 714, '10714', 'SIDE PURSE - Y17-5', 1, 1),
(714, 4, 715, '10715', 'SIDE PURSE - Y17-6', 1, 1),
(715, 4, 716, '10716', 'SIDE PURSE - Y17-7', 13, 13),
(716, 4, 717, '10717', 'SIDE PURSE - Y17-8', 24, 24),
(717, 4, 718, '10718', 'SIDE PURSE - Y17-10', 11, 11),
(718, 4, 719, '10719', 'SIDE PURSE - Y17-11', 1, 1),
(719, 4, 720, '10720', 'SIDE PURSE - Y17-14', 1, 1),
(720, 4, 721, '10721', 'SIDE PURSE - Y17-17', 1, 1),
(721, 4, 722, '10722', 'SIDE PURSE - Y17-19', 1, 1),
(722, 4, 723, '10723', 'SIDE PURSE - Y17-20', 1, 1),
(723, 4, 724, '10724', 'LADIES PURSE - Y19-3', 4, 4),
(724, 4, 725, '10725', 'LADIES PURSE - Y19-7', 4, 4),
(725, 4, 726, '10726', 'LADIES PURSE - Y19-8', 22, 22),
(726, 4, 727, '10727', 'LADIES PURSE - Y19-9', 1, 1),
(727, 4, 728, '10728', 'LADIES PURSE - Y19-10', 1, 1),
(728, 4, 729, '10729', 'LADIES PURSE - Y19-11', 2, 2),
(729, 4, 730, '10730', 'LADIES PURSE - Y19-12', 8, 8),
(730, 4, 731, '10731', 'LADIES PURSE - Y19-14', 1, 1),
(731, 4, 732, '10732', 'LADIES PURSE - Y19-16', 2, 2),
(732, 4, 733, '10733', 'LADIES PURSE - Y19-17', 2, 2),
(733, 4, 734, '10734', 'LADIES PURSE - Y19-18', 1, 1),
(734, 4, 735, '10735', 'LADIES PURSE - Y19-19', 14, 14),
(735, 4, 736, '10736', 'LADIES PURSE - Y19-20', 2, 2),
(736, 4, 737, '10737', 'LADIES PURSE - Y19-21', 5, 5),
(737, 4, 738, '10738', 'LADIES PURSE - Y19-22', 6, 6),
(738, 4, 739, '10739', 'LADIES PURSE - Y19-23', 1, 1),
(739, 4, 740, '10740', 'LADIES PURSE - Y19-24', 1, 1),
(740, 4, 741, '10741', 'LADIES PURSE - Y19-25', 2, 2),
(741, 4, 742, '10742', 'LADIES PURSE - Y19-26', 1, 1),
(742, 4, 743, '10743', 'GENTS PURSE - Y19-27', 19, 19),
(743, 4, 744, '10744', 'GENTS PURSE - Y19-28', 17, 17),
(744, 4, 745, '10745', 'GENTS PURSE - Y19-29', 21, 21),
(745, 4, 746, '10746', 'GENTS PURSE - Y19-30', 6, 6),
(746, 4, 747, '10747', 'GENTS PURSE - Y19-31', 20, 20),
(747, 4, 748, '10748', 'GENTS PURSE - Y19-32', 22, 22),
(748, 4, 749, '10749', 'GENTS PURSE - Y19-33', 8, 8),
(749, 4, 750, '10750', 'GENTS PURSE - Y19-34', 6, 6),
(750, 4, 751, '10751', 'GENTS PURSE - Y19-36', 8, 8),
(751, 4, 752, '10752', 'GENTS PURSE - Y19-37', 5, 5),
(752, 4, 753, '10753', 'GENTS PURSE - Y19-38', 7, 7),
(753, 4, 754, '10754', 'GENTS PURSE - Y19-40', 1, 1),
(754, 4, 755, '10755', 'GENTS PURSE - Y19-46', 1, 1),
(755, 4, 756, '10756', 'GENTS PURSE - Y19-49', 12, 12),
(756, 4, 757, '10757', 'GENTS PURSE - Y19-50', 14, 14),
(757, 4, 758, '10758', 'GENTS PURSE - Y19-51', 8, 8),
(758, 4, 759, '10759', 'SIDE PURSE - Y19-66', 1, 1),
(759, 4, 760, '10760', 'SIDE PURSE - Y19-67', 3, 3),
(760, 4, 761, '10761', 'SIDE PURSE - Y19-68', 1, 1),
(761, 4, 762, '10762', 'SIDE PURSE - Y19-69', 2, 2),
(762, 4, 763, '10763', 'SIDE PURSE - Y19-70', 4, 4),
(763, 4, 764, '10764', 'SIDE PURSE - Y19-71', 2, 2),
(764, 4, 765, '10765', 'KEY TAG - Y22-2', 71, 71),
(765, 4, 766, '10766', 'KEY TAG - Y22-3', 102, 102),
(766, 4, 767, '10767', 'KEY TAG - Y22-4', 81, 81),
(767, 4, 768, '10768', 'KEY TAG - Y22-5', 63, 63),
(768, 4, 769, '10769', 'KEY TAG - Y22-7', 98, 98),
(769, 4, 770, '10770', 'KEY TAG - Y22-8', 93, 93),
(770, 4, 771, '10771', 'KEY TAG - Y22-10', 82, 82),
(771, 4, 772, '10772', 'LADIES PURSE - H5-1', 1, 1),
(772, 4, 773, '10773', 'LADIES PURSE - H5-2', 3, 3),
(773, 4, 774, '10774', 'LADIES PURSE - H5-3', 13, 13),
(774, 4, 775, '10775', 'LADIES PURSE - H5-4', 63, 63),
(775, 4, 776, '10776', 'LADIES PURSE - H5-5', 39, 39),
(776, 4, 777, '10777', 'LADIES PURSE - H5-6', 57, 57);

-- --------------------------------------------------------

--
-- Table structure for table `0_groups`
--

CREATE TABLE IF NOT EXISTS `0_groups` (
  `id` smallint(6) unsigned NOT NULL,
  `description` varchar(60) COLLATE utf8_unicode_ci NOT NULL DEFAULT '',
  `inactive` tinyint(1) NOT NULL DEFAULT '0'
) ENGINE=InnoDB AUTO_INCREMENT=4 DEFAULT CHARSET=utf8 COLLATE=utf8_unicode_ci;

--
-- Dumping data for table `0_groups`
--

INSERT INTO `0_groups` (`id`, `description`, `inactive`) VALUES
(2, 'Tour', 0),
(3, 'Inhouse', 0);

-- --------------------------------------------------------

--
-- Table structure for table `0_item_codes`
--

CREATE TABLE IF NOT EXISTS `0_item_codes` (
  `id` int(11) unsigned NOT NULL,
  `item_code` varchar(20) COLLATE utf8_unicode_ci NOT NULL,
  `stock_id` varchar(20) COLLATE utf8_unicode_ci NOT NULL,
  `description` varchar(200) COLLATE utf8_unicode_ci NOT NULL DEFAULT '',
  `category_id` smallint(6) unsigned NOT NULL,
  `quantity` double NOT NULL DEFAULT '1',
  `is_foreign` tinyint(1) NOT NULL DEFAULT '0',
  `inactive` tinyint(1) NOT NULL DEFAULT '0'
) ENGINE=InnoDB AUTO_INCREMENT=778 DEFAULT CHARSET=utf8 COLLATE=utf8_unicode_ci;

--
-- Dumping data for table `0_item_codes`
--

INSERT INTO `0_item_codes` (`id`, `item_code`, `stock_id`, `description`, `category_id`, `quantity`, `is_foreign`, `inactive`) VALUES
(1, '10001', '10001', 'EARRING - 3-1', 13, 0, 0, 0),
(2, '10002', '10002', 'EARRING - 3-2', 13, 0, 0, 0),
(3, '10003', '10003', 'EARRING - 3-3', 13, 0, 0, 0),
(4, '10004', '10004', 'BANGLE - 5-1', 18, 0, 0, 0),
(5, '10005', '10005', 'BANGLE - 5-4', 18, 0, 0, 0),
(6, '10006', '10006', 'BANGLE - 5-5', 18, 0, 0, 0),
(7, '10007', '10007', 'BANGLE - 5-7', 18, 0, 0, 0),
(8, '10008', '10008', 'NECKLACE SETS - 7-1', 37, 0, 0, 0),
(9, '10009', '10009', 'NECKLACE SETS - 7-2', 37, 0, 0, 0),
(10, '10010', '10010', 'WOOL BAND - 8-1', 10, 0, 0, 0),
(11, '10011', '10011', 'WOOL BAND - 8-2', 10, 0, 0, 0),
(12, '10012', '10012', 'WOOL BAND - 8-3', 10, 0, 0, 0),
(13, '10013', '10013', 'WOOL BAND - 8-4', 10, 0, 0, 0),
(14, '10014', '10014', 'WOOL BAND - 8-5', 10, 0, 0, 0),
(15, '10015', '10015', 'WOOL BAND - 8-8', 10, 0, 0, 0),
(16, '10016', '10016', 'WOOL BAND - 8-9', 10, 0, 0, 0),
(17, '10017', '10017', 'WOOL BAND - 8-10', 10, 0, 0, 0),
(18, '10018', '10018', 'HAIR CLIP - 10-4', 12, 0, 0, 0),
(19, '10019', '10019', 'HAIR CLIP - 10-5', 12, 0, 0, 0),
(20, '10020', '10020', 'HAIR CLIP - 10-11', 12, 0, 0, 0),
(21, '10021', '10021', 'HAIR CLIP - 10-19', 12, 0, 0, 0),
(22, '10022', '10022', 'HAIR CLIP - 10-20', 12, 0, 0, 0),
(23, '10023', '10023', 'HAIR CLIP - 10-21', 12, 0, 0, 0),
(24, '10024', '10024', 'HAIR CLIP - 10-22', 12, 0, 0, 0),
(25, '10025', '10025', 'HAIR CLIP - 10-24', 12, 0, 0, 0),
(26, '10026', '10026', 'HAIR CLIP - 10-25', 12, 0, 0, 0),
(27, '10027', '10027', 'HAIR CLIP - 10-31', 12, 0, 0, 0),
(28, '10028', '10028', 'HAIR CLIP - 10-32', 12, 0, 0, 0),
(29, '10029', '10029', 'HAIR CLIP - 10-33', 12, 0, 0, 0),
(30, '10030', '10030', 'HAIR CLIP - 10-34', 12, 0, 0, 0),
(31, '10031', '10031', 'SOLER POWER - 30-1', 33, 0, 0, 0),
(32, '10032', '10032', 'HAIR CLIP - 31-2', 12, 0, 0, 0),
(33, '10033', '10033', 'HAIR CLIP - 32-6', 12, 0, 0, 0),
(34, '10034', '10034', 'HAIR CLIP - 35-1', 12, 0, 0, 0),
(35, '10035', '10035', 'HAIR CLIP - 35-4', 12, 0, 0, 0),
(36, '10036', '10036', 'HAIR CLIP - 35-5', 12, 0, 0, 0),
(37, '10037', '10037', 'HAIR CLIP - 35-10', 12, 0, 0, 0),
(38, '10038', '10038', 'HAIR CLIP - 35-11', 12, 0, 0, 0),
(39, '10039', '10039', 'HAIR CLIP - 36-1', 12, 0, 0, 0),
(40, '10040', '10040', 'BROOCH - 32--2', 15, 0, 0, 0),
(41, '10041', '10041', 'Wedding Purse - 2-1', 6, 0, 0, 0),
(42, '10042', '10042', 'Purse - 5-2', 2, 0, 0, 0),
(43, '10043', '10043', 'Ladies Purse - 6-1', 2, 0, 0, 0),
(44, '10044', '10044', 'Hand Band - 6-2', 1, 0, 0, 0),
(45, '10045', '10045', 'Ladies Purse - 7-9', 2, 0, 0, 0),
(46, '10046', '10046', 'HAIR PEG - 11-2', 12, 0, 0, 0),
(47, '10047', '10047', 'HAIR PEG - 11-3', 12, 0, 0, 0),
(48, '10048', '10048', 'HAIR PEG - 11-7', 12, 0, 0, 0),
(49, '10049', '10049', 'HAIR PEG - 11-8', 12, 0, 0, 0),
(50, '10050', '10050', 'HAIR PEG - 11-12', 12, 0, 0, 0),
(51, '10051', '10051', 'HAIR PEG - 11-14', 12, 0, 0, 0),
(52, '10052', '10052', 'HAIR PEG - 11-18', 12, 0, 0, 0),
(53, '10053', '10053', 'HAIR PEG - 11-20', 12, 0, 0, 0),
(54, '10054', '10054', 'HAIR PEG - 11-22', 12, 0, 0, 0),
(55, '10055', '10055', 'HAIR PEG - 11-23', 12, 0, 0, 0),
(56, '10056', '10056', 'HAIR PEG - 11-24', 12, 0, 0, 0),
(57, '10057', '10057', 'HAIR PEG - 11-27', 12, 0, 0, 0),
(58, '10058', '10058', 'HAIR PEG - 11-33', 12, 0, 0, 0),
(59, '10059', '10059', 'HAIR PEG - 11-37', 12, 0, 0, 0),
(60, '10060', '10060', 'HAIR PEG - 11-38', 12, 0, 0, 0),
(61, '10061', '10061', 'HAIR PEG - 11-41', 12, 0, 0, 0),
(62, '10062', '10062', 'HAIR PEG - 11-47', 12, 0, 0, 0),
(63, '10063', '10063', 'HAIR PEG - 11-50', 12, 0, 0, 0),
(64, '10064', '10064', 'HAIR PEG - 11-51', 12, 0, 0, 0),
(65, '10065', '10065', 'HAIR PEG - 11-54', 12, 0, 0, 0),
(66, '10066', '10066', 'HAIR PEG - 11-55', 12, 0, 0, 0),
(67, '10067', '10067', 'HAIR PEG - 11-56', 12, 0, 0, 0),
(68, '10068', '10068', 'HAIR PEG - 11-57', 12, 0, 0, 0),
(69, '10069', '10069', 'HAIR PEG - 11-58', 12, 0, 0, 0),
(70, '10070', '10070', 'HAIR PEG - 11-61', 12, 0, 0, 0),
(71, '10071', '10071', 'HAIR PEG - 11-62', 12, 0, 0, 0),
(72, '10072', '10072', 'HAIR PEG - 11-65', 12, 0, 0, 0),
(73, '10073', '10073', 'HAIR PEG - 11-66', 12, 0, 0, 0),
(74, '10074', '10074', 'HAIR PEG - 11-70', 12, 0, 0, 0),
(75, '10075', '10075', 'HAIR PEG - 11-72', 12, 0, 0, 0),
(76, '10076', '10076', 'HAIR PEG - 11-73', 12, 0, 0, 0),
(77, '10077', '10077', 'HAIR PEG - 11-74', 12, 0, 0, 0),
(78, '10078', '10078', 'ELIS BAND - 11-76', 9, 0, 0, 0),
(79, '10079', '10079', 'ELIS BAND - 11-79', 9, 0, 0, 0),
(80, '10080', '10080', 'ELIS BAND - 11-80', 9, 0, 0, 0),
(81, '10081', '10081', 'ELIS BAND - 11-81', 9, 0, 0, 0),
(82, '10082', '10082', 'ELIS BAND - 11-82', 9, 0, 0, 0),
(83, '10083', '10083', 'HAIR PEG - 11-83', 12, 0, 0, 0),
(84, '10084', '10084', 'ELIS BAND - 11-88', 9, 0, 0, 0),
(85, '10085', '10085', 'RING - 12-1', 19, 0, 0, 0),
(86, '10086', '10086', 'RING - 12-2', 19, 0, 0, 0),
(87, '10087', '10087', 'BRESLET - 13-1', 38, 0, 0, 0),
(88, '10088', '10088', 'BRESLET - 13-2', 38, 0, 0, 0),
(89, '10089', '10089', 'BRESLET - 13-5', 38, 0, 0, 0),
(90, '10090', '10090', 'BRESLET - 13-6', 38, 0, 0, 0),
(91, '10091', '10091', 'BRESLET - 13-7', 38, 0, 0, 0),
(92, '10092', '10092', 'BANGLE - 13-8', 18, 0, 0, 0),
(93, '10093', '10093', 'BRESLET - 13-10', 38, 0, 0, 0),
(94, '10094', '10094', 'BRESLET - 13-11', 38, 0, 0, 0),
(95, '10095', '10095', 'BRESLET - 13-12', 38, 0, 0, 0),
(96, '10096', '10096', 'BRESLET - 13-13', 38, 0, 0, 0),
(97, '10097', '10097', 'BRESLET - 13-14', 38, 0, 0, 0),
(98, '10098', '10098', 'BRESLET - 13-17', 38, 0, 0, 0),
(99, '10099', '10099', 'BRESLET - 13-15', 38, 0, 0, 0),
(100, '10100', '10100', 'BRESLET - 13-18', 38, 0, 0, 0),
(101, '10101', '10101', 'BRESLET - 13-19', 38, 0, 0, 0),
(102, '10102', '10102', 'BRESLET - 13-20', 38, 0, 0, 0),
(103, '10103', '10103', 'BRESLET - 13-21', 38, 0, 0, 0),
(104, '10104', '10104', 'BRESLET - 13-22', 38, 0, 0, 0),
(105, '10105', '10105', 'BRESLET - 13-23', 38, 0, 0, 0),
(106, '10106', '10106', 'EARING - 14-1', 13, 0, 0, 0),
(107, '10107', '10107', 'EARING - 14-5', 13, 0, 0, 0),
(108, '10108', '10108', 'BRESLET - 15-8', 38, 0, 0, 0),
(109, '10109', '10109', 'BRESLET - 15-2', 38, 0, 0, 0),
(110, '10110', '10110', 'BRESLET - 15-7', 38, 0, 0, 0),
(111, '10111', '10111', 'BRESLET - 15-4', 38, 0, 0, 0),
(112, '10112', '10112', 'BRESLET - 15-5', 38, 0, 0, 0),
(113, '10113', '10113', 'BRESLET - 15-6', 38, 0, 0, 0),
(114, '10114', '10114', 'PABALU CHAIN - 16-1', 17, 0, 0, 0),
(115, '10115', '10115', 'PABALU CHAIN - 16-2', 17, 0, 0, 0),
(116, '10116', '10116', 'PABALU CHAIN - 16-3', 17, 0, 0, 0),
(117, '10117', '10117', 'PABALU CHAIN - 16-4', 17, 0, 0, 0),
(118, '10118', '10118', 'PABALU CHAIN - 16-5', 17, 0, 0, 0),
(119, '10119', '10119', 'PABALU CHAIN - 16-6', 17, 0, 0, 0),
(120, '10120', '10120', 'PABALU CHAIN - 16-7', 17, 0, 0, 0),
(121, '10121', '10121', 'PABALU CHAIN - 16-8', 17, 0, 0, 0),
(122, '10122', '10122', 'PABALU CHAIN - 16-9', 17, 0, 0, 0),
(123, '10123', '10123', 'PABALU CHAIN - 16-10', 17, 0, 0, 0),
(124, '10124', '10124', 'PABALU CHAIN - 16-11', 17, 0, 0, 0),
(125, '10125', '10125', 'PABALU CHAIN - 16-12', 17, 0, 0, 0),
(126, '10126', '10126', 'PABALU CHAIN - 16-13', 17, 0, 0, 0),
(127, '10127', '10127', 'PABALU CHAIN - 16-16', 17, 0, 0, 0),
(128, '10128', '10128', 'PABALU CHAIN - 16-17', 17, 0, 0, 0),
(129, '10129', '10129', 'PABALU CHAIN - 16-18', 17, 0, 0, 0),
(130, '10130', '10130', 'PABALU CHAIN - 16-19', 17, 0, 0, 0),
(131, '10131', '10131', 'PABALU CHAIN - 16-20', 17, 0, 0, 0),
(132, '10132', '10132', 'NECKLACE - 18-5', 37, 0, 0, 0),
(133, '10133', '10133', 'NECKLACE - 18-17', 37, 0, 0, 0),
(134, '10134', '10134', 'NECKLACE - 19-2', 37, 0, 0, 0),
(135, '10135', '10135', 'HEAD BAND - 21-10', 10, 0, 0, 0),
(136, '10136', '10136', 'HEAD BAND - 21-11', 10, 0, 0, 0),
(137, '10137', '10137', 'WOOL BAND - 22-1', 10, 0, 0, 0),
(138, '10138', '10138', 'WOOL BAND - 22-3', 10, 0, 0, 0),
(139, '10139', '10139', 'WOOL BAND - 22-4', 10, 0, 0, 0),
(140, '10140', '10140', 'WOOL BAND - 22-12', 10, 0, 0, 0),
(141, '10141', '10141', 'SAREE BROOCH - 23-24', 15, 0, 0, 0),
(142, '10142', '10142', 'SAREE BROOCH - 23-38', 15, 0, 0, 0),
(143, '10143', '10143', 'SAREE BROOCH - 23-44', 15, 0, 0, 0),
(144, '10144', '10144', 'SAREE BROOCH - 23-50', 15, 0, 0, 0),
(145, '10145', '10145', 'SAREE BROOCH - 23-51', 15, 0, 0, 0),
(146, '10146', '10146', 'SAREE BROOCH - 23-73', 15, 0, 0, 0),
(147, '10147', '10147', 'SAREE BROOCH - 23-74', 15, 0, 0, 0),
(148, '10148', '10148', 'SAREE BROOCH - 23-99', 15, 0, 0, 0),
(149, '10149', '10149', 'SAREE BROOCH - 23-100', 15, 0, 0, 0),
(150, '10150', '10150', 'SAREE BROOCH - 23-101', 15, 0, 0, 0),
(151, '10151', '10151', 'SAREE BROOCH - 23-102', 15, 0, 0, 0),
(152, '10152', '10152', 'SAREE BROOCH - 23-103', 15, 0, 0, 0),
(153, '10153', '10153', 'SAREE BROOCH - 23-104', 15, 0, 0, 0),
(154, '10154', '10154', 'SAREE BROOCH - 23-105', 15, 0, 0, 0),
(155, '10155', '10155', 'SAREE BROOCH - 23-106', 15, 0, 0, 0),
(156, '10156', '10156', 'SAREE BROOCH - 23-107', 15, 0, 0, 0),
(157, '10157', '10157', 'SAREE BROOCH - 23-108', 15, 0, 0, 0),
(158, '10158', '10158', 'SAREE BROOCH - 23-110', 15, 0, 0, 0),
(159, '10159', '10159', 'SAREE BROOCH - 23-111', 15, 0, 0, 0),
(160, '10160', '10160', 'SAREE BROOCH - 23-112', 15, 0, 0, 0),
(161, '10161', '10161', 'HAIR PIN - 23-113', 12, 0, 0, 0),
(162, '10162', '10162', 'SAREE BROOCH - 23-115', 15, 0, 0, 0),
(163, '10163', '10163', 'SAREE BROOCH - 23-116', 15, 0, 0, 0),
(164, '10164', '10164', 'HABAYA PIN - 23-118', 16, 0, 0, 0),
(165, '10165', '10165', 'HABAYA PIN - 23-119', 16, 0, 0, 0),
(166, '10166', '10166', 'SAREE BROOCH - 23-125', 15, 0, 0, 0),
(167, '10167', '10167', 'WOOL BAND - 24-9', 10, 0, 0, 0),
(168, '10168', '10168', 'HAIR PEG - 25-1', 12, 0, 0, 0),
(169, '10169', '10169', 'HAIR PEG - 25-2', 12, 0, 0, 0),
(170, '10170', '10170', 'HAIR PEG - 25-3', 12, 0, 0, 0),
(171, '10171', '10171', 'HAIR PEG - 25-4', 12, 0, 0, 0),
(172, '10172', '10172', 'HAIR PEG - 25-5', 12, 0, 0, 0),
(173, '10173', '10173', 'HAIR PEG - 25-6', 12, 0, 0, 0),
(174, '10174', '10174', 'HAIR CLIP - 26-2', 12, 0, 0, 0),
(175, '10175', '10175', 'HAIR CLIP - 26-7', 12, 0, 0, 0),
(176, '10176', '10176', 'HAIR CLIP - 26-9', 12, 0, 0, 0),
(177, '10177', '10177', 'HAIR CLIP - 26-10', 12, 0, 0, 0),
(178, '10178', '10178', 'HAIR CLIP - 26-11', 12, 0, 0, 0),
(179, '10179', '10179', 'HAIR CLIP - 26-12', 12, 0, 0, 0),
(180, '10180', '10180', 'HAIR CLIP - 26-14', 12, 0, 0, 0),
(181, '10181', '10181', 'HAIR CLIP - 26-15', 12, 0, 0, 0),
(182, '10182', '10182', 'HAIR CLIP - 26-17', 12, 0, 0, 0),
(183, '10183', '10183', 'HAIR CLIP - 26-20', 12, 0, 0, 0),
(184, '10184', '10184', 'HAIR CLIP - 26-23', 12, 0, 0, 0),
(185, '10185', '10185', 'HAIR CLIP - 26-25', 12, 0, 0, 0),
(186, '10186', '10186', 'HAIR CLIP - 26-27', 12, 0, 0, 0),
(187, '10187', '10187', 'HAIR CLIP - 26-29', 12, 0, 0, 0),
(188, '10188', '10188', 'HAIR CLIP - 26-30', 12, 0, 0, 0),
(189, '10189', '10189', 'HAIR CLIP - 26-32', 12, 0, 0, 0),
(190, '10190', '10190', 'HAIR CLIP - 26-33', 12, 0, 0, 0),
(191, '10191', '10191', 'HAIR CLIP - 26-34', 12, 0, 0, 0),
(192, '10192', '10192', 'BELTS - 27', 29, 0, 0, 0),
(193, '10193', '10193', 'SARI BROOCH - I001', 15, 0, 0, 0),
(194, '10194', '10194', 'SARI BROOCH - I002', 15, 0, 0, 0),
(195, '10195', '10195', 'SARI BROOCH - I003', 15, 0, 0, 0),
(196, '10196', '10196', 'SARI BROOCH - I004', 15, 0, 0, 0),
(197, '10197', '10197', 'SARI BROOCH - I006', 15, 0, 0, 0),
(198, '10198', '10198', 'SARI BROOCH - I007', 15, 0, 0, 0),
(199, '10199', '10199', 'SARI BROOCH - I008', 15, 0, 0, 0),
(200, '10200', '10200', 'SARI BROOCH - I009', 15, 0, 0, 0),
(201, '10201', '10201', 'SARI BROOCH - I010', 15, 0, 0, 0),
(202, '10202', '10202', 'SARI BROOCH - I011', 15, 0, 0, 0),
(203, '10203', '10203', 'SARI BROOCH - I012', 15, 0, 0, 0),
(204, '10204', '10204', 'SARI BROOCH - I013', 15, 0, 0, 0),
(205, '10205', '10205', 'SARI BROOCH - I014', 15, 0, 0, 0),
(206, '10206', '10206', 'SARI BROOCH - I015', 15, 0, 0, 0),
(207, '10207', '10207', 'SARI BROOCH - I016', 15, 0, 0, 0),
(208, '10208', '10208', 'EARING - I017', 13, 0, 0, 0),
(209, '10209', '10209', 'EARING - I018', 13, 0, 0, 0),
(210, '10210', '10210', 'EARING - I019', 13, 0, 0, 0),
(211, '10211', '10211', 'EARING - I021', 13, 0, 0, 0),
(212, '10212', '10212', 'EARING - I022', 13, 0, 0, 0),
(213, '10213', '10213', 'EARING - I023', 13, 0, 0, 0),
(214, '10214', '10214', 'EARING - I024', 13, 0, 0, 0),
(215, '10215', '10215', 'HAIR PEG - I026', 12, 0, 0, 0),
(216, '10216', '10216', 'SLIDE - I035', 7, 0, 0, 0),
(217, '10217', '10217', 'SLIDE - I036', 7, 0, 0, 0),
(218, '10218', '10218', 'SLIDE - I038', 7, 0, 0, 0),
(219, '10219', '10219', 'SLIDE - I039', 7, 0, 0, 0),
(220, '10220', '10220', 'KEY TAG - I040', 32, 0, 0, 0),
(221, '10221', '10221', 'HAIR ORNAMENT - I055', 11, 0, 0, 0),
(222, '10222', '10222', 'SLIDE - I056', 7, 0, 0, 0),
(223, '10223', '10223', 'HAIR ORNAMENT - I058', 11, 0, 0, 0),
(224, '10224', '10224', 'SARI BROOCH - I060', 15, 0, 0, 0),
(225, '10225', '10225', 'HAIR ORNAMENT - I062', 11, 0, 0, 0),
(226, '10226', '10226', 'HAIR ORNAMENT - I065', 11, 0, 0, 0),
(227, '10227', '10227', 'HAIR ORNAMENT - I066', 11, 0, 0, 0),
(228, '10228', '10228', 'SLIDE - I075', 7, 0, 0, 0),
(229, '10229', '10229', 'SLIDE - I076', 7, 0, 0, 0),
(230, '10230', '10230', 'SLIDE - I080', 7, 0, 0, 0),
(231, '10231', '10231', 'SLIDE - I081', 7, 0, 0, 0),
(232, '10232', '10232', 'SLIDE - I082', 7, 0, 0, 0),
(233, '10233', '10233', 'SLIDE - I083', 7, 0, 0, 0),
(234, '10234', '10234', 'SLIDE - I084', 7, 0, 0, 0),
(235, '10235', '10235', 'SLIDE - I085', 7, 0, 0, 0),
(236, '10236', '10236', 'WOOL BAND - I090', 10, 0, 0, 0),
(237, '10237', '10237', 'BROOCH - I128', 15, 0, 0, 0),
(238, '10238', '10238', 'SLIDE - I130', 7, 0, 0, 0),
(239, '10239', '10239', 'SLIDE - I131', 7, 0, 0, 0),
(240, '10240', '10240', 'HAIR CLIP - 184-2', 12, 0, 0, 0),
(241, '10241', '10241', 'Gents Purse - S4-1', 23, 0, 0, 0),
(242, '10242', '10242', 'Purse - S5-1', 2, 0, 0, 0),
(243, '10243', '10243', 'Purse - S5-2', 2, 0, 0, 0),
(244, '10244', '10244', 'Purse - S5-3', 2, 0, 0, 0),
(245, '10245', '10245', 'Purse - S5-4', 2, 0, 0, 0),
(246, '10246', '10246', 'Purse - S5-5', 2, 0, 0, 0),
(247, '10247', '10247', 'Purse - S5-6', 2, 0, 0, 0),
(248, '10248', '10248', 'Purse - S5-7', 2, 0, 0, 0),
(249, '10249', '10249', 'Purse - S5-9', 2, 0, 0, 0),
(250, '10250', '10250', 'Purse - S5-10', 2, 0, 0, 0),
(251, '10251', '10251', 'Purse - S5-11', 2, 0, 0, 0),
(252, '10252', '10252', 'Purse - S5-12', 2, 0, 0, 0),
(253, '10253', '10253', 'Purse - S5-13', 2, 0, 0, 0),
(254, '10254', '10254', 'Purse - S5-14', 2, 0, 0, 0),
(255, '10255', '10255', 'Purse - S5-15', 2, 0, 0, 0),
(256, '10256', '10256', 'Purse - S5-16', 2, 0, 0, 0),
(257, '10257', '10257', 'Purse - S5-19', 2, 0, 0, 0),
(258, '10258', '10258', 'Purse - S5-21', 2, 0, 0, 0),
(259, '10259', '10259', 'Purse - S5-22', 2, 0, 0, 0),
(260, '10260', '10260', 'Purse - S5-24', 2, 0, 0, 0),
(261, '10261', '10261', 'Purse - S6-1', 2, 0, 0, 0),
(262, '10262', '10262', 'Purse - S6-2', 2, 0, 0, 0),
(263, '10263', '10263', 'Purse - S6-3', 2, 0, 0, 0),
(264, '10264', '10264', 'Purse - S6-16', 2, 0, 0, 0),
(265, '10265', '10265', 'Purse - S6-12', 2, 0, 0, 0),
(266, '10266', '10266', 'Purse - S6-13', 2, 0, 0, 0),
(267, '10267', '10267', 'Ladies Bag - S7-1', 1, 0, 0, 0),
(268, '10268', '10268', 'Ladies Bag - S7-10', 1, 0, 0, 0),
(269, '10269', '10269', 'Ladies Bag - S7-16', 1, 0, 0, 0),
(270, '10270', '10270', 'Ladies Bag - S8-3', 1, 0, 0, 0),
(271, '10271', '10271', 'Ladies Bag - S8-4', 1, 0, 0, 0),
(272, '10272', '10272', 'Ladies Bag - S8-5', 1, 0, 0, 0),
(273, '10273', '10273', 'Ladies Bag - S8-6', 1, 0, 0, 0),
(274, '10274', '10274', 'Ladies Bag - S9-4', 1, 0, 0, 0),
(275, '10275', '10275', 'Ladies Bag - S9-5', 1, 0, 0, 0),
(276, '10276', '10276', 'Ladies Bag - S9-6', 1, 0, 0, 0),
(277, '10277', '10277', 'Ladies Bag - S9-7', 1, 0, 0, 0),
(278, '10278', '10278', 'Purse - S10-1', 2, 0, 0, 0),
(279, '10279', '10279', 'Purse - S10-3', 2, 0, 0, 0),
(280, '10280', '10280', 'Purse - S10-6', 2, 0, 0, 0),
(281, '10281', '10281', 'Purse - S10-8', 2, 0, 0, 0),
(282, '10282', '10282', 'Purse - S10-10', 2, 0, 0, 0),
(283, '10283', '10283', 'Purse - S10-11', 2, 0, 0, 0),
(284, '10284', '10284', 'Purse - S11-1', 2, 0, 0, 0),
(285, '10285', '10285', 'Purse - S11-2', 2, 0, 0, 0),
(286, '10286', '10286', 'Purse - S11-3', 2, 0, 0, 0),
(287, '10287', '10287', 'Purse - S11-4', 2, 0, 0, 0),
(288, '10288', '10288', 'Purse - S11-5', 2, 0, 0, 0),
(289, '10289', '10289', 'Purse - S11-6', 2, 0, 0, 0),
(290, '10290', '10290', 'Purse - S11-7', 2, 0, 0, 0),
(291, '10291', '10291', 'Gents Purse - S12-1', 23, 0, 0, 0),
(292, '10292', '10292', 'Gents Purse - S12-2', 23, 0, 0, 0),
(293, '10293', '10293', 'Gents Purse - S12-3', 23, 0, 0, 0),
(294, '10294', '10294', 'Gents Purse - S12-4', 23, 0, 0, 0),
(295, '10295', '10295', 'Gents Purse - S12-5', 23, 0, 0, 0),
(296, '10296', '10296', 'Gents Purse - S12-6', 23, 0, 0, 0),
(297, '10297', '10297', 'Purse - S13-1', 2, 0, 0, 0),
(298, '10298', '10298', 'Purse - S13-2', 2, 0, 0, 0),
(299, '10299', '10299', 'Purse - S13-3', 2, 0, 0, 0),
(300, '10300', '10300', 'Purse - S13-4', 2, 0, 0, 0),
(301, '10301', '10301', 'Purse - S13-5', 2, 0, 0, 0),
(302, '10302', '10302', 'Purse - S13-6', 2, 0, 0, 0),
(303, '10303', '10303', 'Purse - S13-7', 2, 0, 0, 0),
(304, '10304', '10304', 'Purse - S13-8', 2, 0, 0, 0),
(305, '10305', '10305', 'Purse - S13-9', 2, 0, 0, 0),
(306, '10306', '10306', 'Purse - S13-10', 2, 0, 0, 0),
(307, '10307', '10307', 'Purse - S13-11', 2, 0, 0, 0),
(308, '10308', '10308', 'Purse - S13-12', 2, 0, 0, 0),
(309, '10309', '10309', 'Purse - S13-13', 2, 0, 0, 0),
(310, '10310', '10310', 'Purse - S14-1', 2, 0, 0, 0),
(311, '10311', '10311', 'Purse - S14-2', 2, 0, 0, 0),
(312, '10312', '10312', 'Purse - S14-3', 2, 0, 0, 0),
(313, '10313', '10313', 'Purse - S14-4', 2, 0, 0, 0),
(314, '10314', '10314', 'Purse - S14-5', 2, 0, 0, 0),
(315, '10315', '10315', 'Purse - S14-6', 2, 0, 0, 0),
(316, '10316', '10316', 'Purse - S14-7', 2, 0, 0, 0),
(317, '10317', '10317', 'Purse - S14-8', 2, 0, 0, 0),
(318, '10318', '10318', 'Purse - S14-9', 2, 0, 0, 0),
(319, '10319', '10319', 'Gents Purse - S15-13', 23, 0, 0, 0),
(320, '10320', '10320', 'Gents Purse - S15-14', 23, 0, 0, 0),
(321, '10321', '10321', 'Gents Purse - S15-11', 23, 0, 0, 0),
(322, '10322', '10322', 'Gents Purse - S15-12', 23, 0, 0, 0),
(323, '10323', '10323', 'Gents Purse - S15-15', 23, 0, 0, 0),
(324, '10324', '10324', 'Gents Purse - S15-16', 23, 0, 0, 0),
(325, '10325', '10325', 'Purse - S15-21', 2, 0, 0, 0),
(326, '10326', '10326', 'Purse - S15-22', 2, 0, 0, 0),
(327, '10327', '10327', 'Purse - S15-23', 2, 0, 0, 0),
(328, '10328', '10328', 'Purse - S15-25', 2, 0, 0, 0),
(329, '10329', '10329', 'Purse - S15-26', 2, 0, 0, 0),
(330, '10330', '10330', 'Purse - S16-1', 2, 0, 0, 0),
(331, '10331', '10331', 'Purse - S16-2', 2, 0, 0, 0),
(332, '10332', '10332', 'Purse - S16-3', 2, 0, 0, 0),
(333, '10333', '10333', 'Purse - S16-4', 2, 0, 0, 0),
(334, '10334', '10334', 'Purse - S16-5', 2, 0, 0, 0),
(335, '10335', '10335', 'Purse - S16-6', 2, 0, 0, 0),
(336, '10336', '10336', 'Purse - S16-7', 2, 0, 0, 0),
(337, '10337', '10337', 'Purse - S16-8', 2, 0, 0, 0),
(338, '10338', '10338', 'Purse - S16-9', 2, 0, 0, 0),
(339, '10339', '10339', 'Purse - S16-12', 2, 0, 0, 0),
(340, '10340', '10340', 'Purse - S16-13', 2, 0, 0, 0),
(341, '10341', '10341', 'Purse - S16-14', 2, 0, 0, 0),
(342, '10342', '10342', 'Serviets - S17-18', 20, 0, 0, 0),
(343, '10343', '10343', 'Serviets - S17-3', 20, 0, 0, 0),
(344, '10344', '10344', 'Serviets - S17-5', 20, 0, 0, 0),
(345, '10345', '10345', 'Serviets - S17-6', 20, 0, 0, 0),
(346, '10346', '10346', 'Serviets - S17-7', 20, 0, 0, 0),
(347, '10347', '10347', 'Serviets - S17-9', 20, 0, 0, 0),
(348, '10348', '10348', 'Serviets - S17-11', 20, 0, 0, 0),
(349, '10349', '10349', 'Serviets - S17-13', 20, 0, 0, 0),
(350, '10350', '10350', 'Serviets - S17-15', 20, 0, 0, 0),
(351, '10351', '10351', 'Serviets - S17-19', 20, 0, 0, 0),
(352, '10352', '10352', 'Serviets - S18-1', 20, 0, 0, 0),
(353, '10353', '10353', 'Serviets - S18-2', 20, 0, 0, 0),
(354, '10354', '10354', 'Serviets - S18-3', 20, 0, 0, 0),
(355, '10355', '10355', 'Serviets - S18-4', 20, 0, 0, 0),
(356, '10356', '10356', 'Serviets - S18-5', 20, 0, 0, 0),
(357, '10357', '10357', 'Serviets - S18-6', 20, 0, 0, 0),
(358, '10358', '10358', 'Serviets - S18-7', 20, 0, 0, 0),
(359, '10359', '10359', 'Serviets - S18-8', 20, 0, 0, 0),
(360, '10360', '10360', 'Serviets - S18-9', 20, 0, 0, 0),
(361, '10361', '10361', 'Serviets - S18-10', 20, 0, 0, 0),
(362, '10362', '10362', 'Serviets - S18-11', 20, 0, 0, 0),
(363, '10363', '10363', 'SIDE PURSE - H1-1', 39, 0, 0, 0),
(364, '10364', '10364', 'SIDE PURSE - H1-3', 39, 0, 0, 0),
(365, '10365', '10365', 'SIDE PURSE - H1-4', 39, 0, 0, 0),
(366, '10366', '10366', 'SIDE PURSE - H1-6', 39, 0, 0, 0),
(367, '10367', '10367', 'SIDE PURSE - H1-8', 39, 0, 0, 0),
(368, '10368', '10368', 'SIDE PURSE - H1-9', 39, 0, 0, 0),
(369, '10369', '10369', 'SIDE PURSE - H1-11', 39, 0, 0, 0),
(370, '10370', '10370', 'SIDE PURSE - H1-12', 39, 0, 0, 0),
(371, '10371', '10371', 'SIDE PURSE - H1-13', 39, 0, 0, 0),
(372, '10372', '10372', 'HAND BAG - H3-4', 1, 0, 0, 0),
(373, '10373', '10373', 'PURSE - H5-2', 2, 0, 0, 0),
(374, '10374', '10374', 'PURSE - H5-3', 2, 0, 0, 0),
(375, '10375', '10375', 'PURSE - H5-4', 2, 0, 0, 0),
(376, '10376', '10376', 'PURSE - H4-1', 2, 0, 0, 0),
(377, '10377', '10377', 'PURSE - H4-3', 2, 0, 0, 0),
(378, '10378', '10378', 'PURSE - H4-4', 2, 0, 0, 0),
(379, '10379', '10379', 'PURSE - H4-5', 2, 0, 0, 0),
(380, '10380', '10380', 'PURSE - H4-6', 2, 0, 0, 0),
(381, '10381', '10381', 'PURSE - H4-7', 2, 0, 0, 0),
(382, '10382', '10382', 'PURSE - H4-9', 2, 0, 0, 0),
(383, '10383', '10383', 'PURSE - H4-10', 2, 0, 0, 0),
(384, '10384', '10384', 'PURSE - H4-11', 2, 0, 0, 0),
(385, '10385', '10385', 'PURSE - H4-12', 2, 0, 0, 0),
(386, '10386', '10386', 'SIDE BAG - H4-19', 3, 0, 0, 0),
(387, '10387', '10387', 'SIDE BAG - H4-23', 3, 0, 0, 0),
(388, '10388', '10388', 'PURSE - H6-1', 2, 0, 0, 0),
(389, '10389', '10389', 'PURSE - H6-3', 2, 0, 0, 0),
(390, '10390', '10390', 'PURSE - H6-5', 2, 0, 0, 0),
(391, '10391', '10391', 'PURSE - H6-6', 2, 0, 0, 0),
(392, '10392', '10392', 'SIDE BAG - H6-8', 3, 0, 0, 0),
(393, '10393', '10393', 'SIDE BAG - H6-9', 3, 0, 0, 0),
(394, '10394', '10394', 'SIDE BAG - H6-10', 3, 0, 0, 0),
(395, '10395', '10395', 'HAND BAG - H9-2', 1, 0, 0, 0),
(396, '10396', '10396', 'HAND BAG - H9-3', 1, 0, 0, 0),
(397, '10397', '10397', 'HAND BAG - H9-4', 1, 0, 0, 0),
(398, '10398', '10398', 'HAND BAG - H9-5', 1, 0, 0, 0),
(399, '10399', '10399', 'HAND BAG - H9-7', 1, 0, 0, 0),
(400, '10400', '10400', 'HAND BAG - H9-8', 1, 0, 0, 0),
(401, '10401', '10401', 'HAND BAG - H9-9', 1, 0, 0, 0),
(402, '10402', '10402', 'HAND BAG - H9-11', 1, 0, 0, 0),
(403, '10403', '10403', 'HAND BAG - H9-12', 1, 0, 0, 0),
(404, '10404', '10404', 'PURSE - H11-1', 2, 0, 0, 0),
(405, '10405', '10405', 'PURSE - H11-3', 2, 0, 0, 0),
(406, '10406', '10406', 'SIDE BAG - H11-11', 3, 0, 0, 0),
(407, '10407', '10407', 'SIDE BAG - H11-12', 3, 0, 0, 0),
(408, '10408', '10408', 'PURSE - H12-1', 2, 0, 0, 0),
(409, '10409', '10409', 'PURSE - H12-2', 2, 0, 0, 0),
(410, '10410', '10410', 'PURSE - H12-3', 2, 0, 0, 0),
(411, '10411', '10411', 'PURSE - H12-4', 2, 0, 0, 0),
(412, '10412', '10412', 'PURSE - H12-5', 2, 0, 0, 0),
(413, '10413', '10413', 'PURSE - H12-6', 2, 0, 0, 0),
(414, '10414', '10414', 'PURSE - H12-7', 2, 0, 0, 0),
(415, '10415', '10415', 'PURSE - H12-10', 2, 0, 0, 0),
(416, '10416', '10416', 'PURSE - H12-12', 2, 0, 0, 0),
(417, '10417', '10417', 'PURSE - H12-11', 2, 0, 0, 0),
(418, '10418', '10418', 'PURSE - H12-13', 2, 0, 0, 0),
(419, '10419', '10419', 'PURSE - H12-15', 2, 0, 0, 0),
(420, '10420', '10420', 'PURSE - H12-16', 2, 0, 0, 0),
(421, '10421', '10421', 'PURSE - H12-17', 2, 0, 0, 0),
(422, '10422', '10422', 'PURSE - H12-18', 2, 0, 0, 0),
(423, '10423', '10423', 'PURSE - H12-19', 2, 0, 0, 0),
(424, '10424', '10424', 'PURSE - H12-22', 2, 0, 0, 0),
(425, '10425', '10425', 'PURSE - H12-24', 2, 0, 0, 0),
(426, '10426', '10426', 'PURSE - H12-25', 2, 0, 0, 0),
(427, '10427', '10427', 'PURSE - H12-26', 2, 0, 0, 0),
(428, '10428', '10428', 'PURSE - H12-27', 2, 0, 0, 0),
(429, '10429', '10429', 'PURSE - H12-28', 2, 0, 0, 0),
(430, '10430', '10430', 'PURSE - H12-29', 2, 0, 0, 0),
(431, '10431', '10431', 'PURSE - H12-30', 2, 0, 0, 0),
(432, '10432', '10432', 'PURSE - H12-32', 2, 0, 0, 0),
(433, '10433', '10433', 'PURSE - H12-33', 2, 0, 0, 0),
(434, '10434', '10434', 'PURSE - H12-35', 2, 0, 0, 0),
(435, '10435', '10435', 'PURSE - H12-38', 2, 0, 0, 0),
(436, '10436', '10436', 'PURSE - H12-41', 2, 0, 0, 0),
(437, '10437', '10437', 'PURSE - H12-43', 2, 0, 0, 0),
(438, '10438', '10438', 'PURSE - H12-47', 2, 0, 0, 0),
(439, '10439', '10439', 'PURSE - H13-5', 2, 0, 0, 0),
(440, '10440', '10440', 'PURSE - H13-6', 2, 0, 0, 0),
(441, '10441', '10441', 'PURSE - H13-7', 2, 0, 0, 0),
(442, '10442', '10442', 'PURSE - H13-8', 2, 0, 0, 0),
(443, '10443', '10443', 'PURSE - H13-9', 2, 0, 0, 0),
(444, '10444', '10444', 'PURSE - H13-10', 2, 0, 0, 0),
(445, '10445', '10445', 'SIDE BAG - H13-13', 3, 0, 0, 0),
(446, '10446', '10446', 'PURSE - H13-16', 2, 0, 0, 0),
(447, '10447', '10447', 'PURSE - H13-17', 2, 0, 0, 0),
(448, '10448', '10448', 'PURSE - H13-18', 2, 0, 0, 0),
(449, '10449', '10449', 'PURSE - H14-1', 2, 0, 0, 0),
(450, '10450', '10450', 'PURSE - H14-2', 2, 0, 0, 0),
(451, '10451', '10451', 'PURSE - H14-3', 2, 0, 0, 0),
(452, '10452', '10452', 'PURSE - H14-4', 2, 0, 0, 0),
(453, '10453', '10453', 'PURSE - H14-5', 2, 0, 0, 0),
(454, '10454', '10454', 'PURSE - H16-1', 2, 0, 0, 0),
(455, '10455', '10455', 'PURSE - H16-2', 2, 0, 0, 0),
(456, '10456', '10456', 'PURSE - H16-4', 2, 0, 0, 0),
(457, '10457', '10457', 'PURSE - H16-5', 2, 0, 0, 0),
(458, '10458', '10458', 'PURSE - H16-6', 2, 0, 0, 0),
(459, '10459', '10459', 'PURSE - H17-1', 2, 0, 0, 0),
(460, '10460', '10460', 'PURSE - H17-2', 2, 0, 0, 0),
(461, '10461', '10461', 'PURSE - H17-3', 2, 0, 0, 0),
(462, '10462', '10462', 'PURSE - H17-4', 2, 0, 0, 0),
(463, '10463', '10463', 'PURSE - H18-1', 2, 0, 0, 0),
(464, '10464', '10464', 'PURSE - H19-1', 2, 0, 0, 0),
(465, '10465', '10465', 'PURSE - H19-2', 2, 0, 0, 0),
(466, '10466', '10466', 'PURSE - H19-4', 2, 0, 0, 0),
(467, '10467', '10467', 'PURSE - H19-5', 2, 0, 0, 0),
(468, '10468', '10468', 'PURSE - H19-6', 2, 0, 0, 0),
(469, '10469', '10469', 'PURSE - H19-7', 2, 0, 0, 0),
(470, '10470', '10470', 'SERVIET - H20-1', 20, 0, 0, 0),
(471, '10471', '10471', 'SERVIET - H20-2', 20, 0, 0, 0),
(472, '10472', '10472', 'SERVIET - H20-3', 20, 0, 0, 0),
(473, '10473', '10473', 'SERVIET - H20-4', 20, 0, 0, 0),
(474, '10474', '10474', 'SERVIET - H20-5', 20, 0, 0, 0),
(475, '10475', '10475', 'SERVIET - H20-6', 20, 0, 0, 0),
(476, '10476', '10476', 'SERVIET - H20-7', 20, 0, 0, 0),
(477, '10477', '10477', 'SERVIET - H20-8', 20, 0, 0, 0),
(478, '10478', '10478', 'SERVIET - H20-9', 20, 0, 0, 0),
(479, '10479', '10479', 'SERVIET - H20-10', 20, 0, 0, 0),
(480, '10480', '10480', 'SERVIET - H20-11', 20, 0, 0, 0),
(481, '10481', '10481', 'SERVIET - H20-12', 20, 0, 0, 0),
(482, '10482', '10482', 'SERVIET - H20-13', 20, 0, 0, 0),
(483, '10483', '10483', 'SERVIET - H20-14', 20, 0, 0, 0),
(484, '10484', '10484', 'SERVIET - H20-15', 20, 0, 0, 0),
(485, '10485', '10485', 'SERVIET - H20-16', 20, 0, 0, 0),
(486, '10486', '10486', 'SERVIET - H20-18', 20, 0, 0, 0),
(487, '10487', '10487', 'SERVIET - H20-19', 20, 0, 0, 0),
(488, '10488', '10488', 'SERVIET - H20-20', 20, 0, 0, 0),
(489, '10489', '10489', 'SERVIET - H20-21', 20, 0, 0, 0),
(490, '10490', '10490', 'SERVIET - H20-23', 20, 0, 0, 0),
(491, '10491', '10491', 'SERVIET - H22-1', 20, 0, 0, 0),
(492, '10492', '10492', 'SERVIET - H22-2', 20, 0, 0, 0),
(493, '10493', '10493', 'SERVIET - H22-3', 20, 0, 0, 0),
(494, '10494', '10494', 'SERVIET - H22-6', 20, 0, 0, 0),
(495, '10495', '10495', 'SERVIET - H22-8', 20, 0, 0, 0),
(496, '10496', '10496', 'SERVIET - H22-9', 20, 0, 0, 0),
(497, '10497', '10497', 'WOOL BAND - Y1-1', 10, 0, 0, 0),
(498, '10498', '10498', 'WOOL BAND - Y1-3', 10, 0, 0, 0),
(499, '10499', '10499', 'WOOL BAND - Y1-4', 10, 0, 0, 0),
(500, '10500', '10500', 'WOOL BAND - Y1-5', 10, 0, 0, 0),
(501, '10501', '10501', 'WOOL BAND - Y1-7', 10, 0, 0, 0),
(502, '10502', '10502', 'WOOL BAND - Y1-8', 10, 0, 0, 0),
(503, '10503', '10503', 'WOOL BAND - Y1-9', 10, 0, 0, 0),
(504, '10504', '10504', 'WOOL BAND - Y1-10', 10, 0, 0, 0),
(505, '10505', '10505', 'WOOL BAND - Y1-11', 10, 0, 0, 0),
(506, '10506', '10506', 'WOOL BAND - Y1-12', 10, 0, 0, 0),
(507, '10507', '10507', 'WOOL BAND - Y1-14', 10, 0, 0, 0),
(508, '10508', '10508', 'WOOL BAND - Y1-15', 10, 0, 0, 0),
(509, '10509', '10509', 'WOOL BAND - Y1-16', 10, 0, 0, 0),
(510, '10510', '10510', 'WOOL BAND - Y1-17', 10, 0, 0, 0),
(511, '10511', '10511', 'WOOL BAND - Y1-18', 10, 0, 0, 0),
(512, '10512', '10512', 'WOOL BAND - Y1-19', 10, 0, 0, 0),
(513, '10513', '10513', 'WOOL BAND - Y1-20', 10, 0, 0, 0),
(514, '10514', '10514', 'WOOL BAND - Y1-21', 10, 0, 0, 0),
(515, '10515', '10515', 'WOOL BAND - Y1-22', 10, 0, 0, 0),
(516, '10516', '10516', 'WOOL BAND - Y1-23', 10, 0, 0, 0),
(517, '10517', '10517', 'WOOL BAND - Y1-24', 10, 0, 0, 0),
(518, '10518', '10518', 'WOOL BAND - Y1-25', 10, 0, 0, 0),
(519, '10519', '10519', 'WOOL BAND - Y1-26', 10, 0, 0, 0),
(520, '10520', '10520', 'WOOL BAND - Y1-27', 10, 0, 0, 0),
(521, '10521', '10521', 'WOOL BAND - Y1-28', 10, 0, 0, 0),
(522, '10522', '10522', 'WOOL BAND - Y1-30', 10, 0, 0, 0),
(523, '10523', '10523', 'KEY TAG - Y3-1', 32, 0, 0, 0),
(524, '10524', '10524', 'KEY TAG - Y3-2', 32, 0, 0, 0),
(525, '10525', '10525', 'KEY TAG - Y3-3', 32, 0, 0, 0),
(526, '10526', '10526', 'KEY TAG - Y3-4', 32, 0, 0, 0),
(527, '10527', '10527', 'KEY TAG - Y3-5', 32, 0, 0, 0),
(528, '10528', '10528', 'KEY TAG - Y3-9', 32, 0, 0, 0),
(529, '10529', '10529', 'SAREE BROOCH - Y5-1', 15, 0, 0, 0),
(530, '10530', '10530', 'SAREE BROOCH - Y5-2', 15, 0, 0, 0),
(531, '10531', '10531', 'WOOL BAND - Y6-1', 10, 0, 0, 0),
(532, '10532', '10532', 'WOOL BAND - Y6-2', 10, 0, 0, 0),
(533, '10533', '10533', 'WOOL BAND - Y6-3', 10, 0, 0, 0),
(534, '10534', '10534', 'WOOL BAND - Y6-6', 10, 0, 0, 0),
(535, '10535', '10535', 'WOOL BAND - Y6-7', 10, 0, 0, 0),
(536, '10536', '10536', 'WOOL BAND - Y6-8', 10, 0, 0, 0),
(537, '10537', '10537', 'WOOL BAND - Y6-9', 10, 0, 0, 0),
(538, '10538', '10538', 'WOOL BAND - Y6-10', 10, 0, 0, 0),
(539, '10539', '10539', 'WOOL BAND - Y6-11', 10, 0, 0, 0),
(540, '10540', '10540', 'WOOL BAND - Y6-13', 10, 0, 0, 0),
(541, '10541', '10541', 'WOOL BAND - Y6-14', 10, 0, 0, 0),
(542, '10542', '10542', 'WOOL BAND - Y6-16', 10, 0, 0, 0),
(543, '10543', '10543', 'WOOL BAND - Y6-17', 10, 0, 0, 0),
(544, '10544', '10544', 'WOOL BAND - Y6-19', 10, 0, 0, 0),
(545, '10545', '10545', 'WOOL BAND - Y6-20', 10, 0, 0, 0),
(546, '10546', '10546', 'WOOL BAND - Y6-21', 10, 0, 0, 0),
(547, '10547', '10547', 'WOOL BAND - Y6-22', 10, 0, 0, 0),
(548, '10548', '10548', 'WOOL BAND - Y6-24', 10, 0, 0, 0),
(549, '10549', '10549', 'WOOL BAND - Y6-25', 10, 0, 0, 0),
(550, '10550', '10550', 'BABY CLIP - Y8-3', 26, 0, 0, 0),
(551, '10551', '10551', 'BABY CLIP - Y8-4', 26, 0, 0, 0),
(552, '10552', '10552', 'BABY CLIP - Y8-5', 26, 0, 0, 0),
(553, '10553', '10553', 'WOOL BAND - Y9-2', 10, 0, 0, 0),
(554, '10554', '10554', 'WOOL BAND - Y9-3', 10, 0, 0, 0),
(555, '10555', '10555', 'WOOL BAND - Y9-4', 10, 0, 0, 0),
(556, '10556', '10556', 'WOOL BAND - Y9-5', 10, 0, 0, 0),
(557, '10557', '10557', 'WOOL BAND - Y9-6', 10, 0, 0, 0),
(558, '10558', '10558', 'WOOL BAND - Y9-8', 10, 0, 0, 0),
(559, '10559', '10559', 'WOOL BAND - Y9-9', 10, 0, 0, 0),
(560, '10560', '10560', 'WOOL BAND - Y9-10', 10, 0, 0, 0),
(561, '10561', '10561', 'WOOL BAND - Y9-11', 10, 0, 0, 0),
(562, '10562', '10562', 'WOOL BAND - Y9-12', 10, 0, 0, 0),
(563, '10563', '10563', 'WOOL BAND - Y9-14', 10, 0, 0, 0),
(564, '10564', '10564', 'WOOL BAND - Y9-15', 10, 0, 0, 0),
(565, '10565', '10565', 'WOOL BAND - Y9-16', 10, 0, 0, 0),
(566, '10566', '10566', 'WOOL BAND - Y9-17', 10, 0, 0, 0),
(567, '10567', '10567', 'WOOL BAND - Y9-18', 10, 0, 0, 0),
(568, '10568', '10568', 'WOOL BAND - Y9-20', 10, 0, 0, 0),
(569, '10569', '10569', 'SAREE BROOCH - Y10-1', 15, 0, 0, 0),
(570, '10570', '10570', 'SAREE BROOCH - Y10-8', 15, 0, 0, 0),
(571, '10571', '10571', 'SAREE BROOCH - Y10-9', 15, 0, 0, 0),
(572, '10572', '10572', 'SAREE BROOCH - Y10-10', 15, 0, 0, 0),
(573, '10573', '10573', 'SAREE BROOCH - Y10-11', 15, 0, 0, 0),
(574, '10574', '10574', 'SAREE BROOCH - Y10-12', 15, 0, 0, 0),
(575, '10575', '10575', 'SAREE BROOCH - Y10-13', 15, 0, 0, 0),
(576, '10576', '10576', 'SAREE BROOCH - Y10-14', 15, 0, 0, 0),
(577, '10577', '10577', 'SAREE BROOCH - Y10-15', 15, 0, 0, 0),
(578, '10578', '10578', 'SAREE BROOCH - Y10-16', 15, 0, 0, 0),
(579, '10579', '10579', 'SAREE BROOCH - Y10-17', 15, 0, 0, 0),
(580, '10580', '10580', 'SAREE BROOCH - Y10-18', 15, 0, 0, 0),
(581, '10581', '10581', 'SAREE BROOCH - Y10-20', 15, 0, 0, 0),
(582, '10582', '10582', 'SAREE BROOCH - Y10-22', 15, 0, 0, 0),
(583, '10583', '10583', 'SAREE BROOCH - Y10-23', 15, 0, 0, 0),
(584, '10584', '10584', 'SAREE BROOCH - Y10-24', 15, 0, 0, 0),
(585, '10585', '10585', 'SAREE BROOCH - Y10-26', 15, 0, 0, 0),
(586, '10586', '10586', 'SAREE BROOCH - Y10-27', 15, 0, 0, 0),
(587, '10587', '10587', 'SAREE BROOCH - Y10-30', 15, 0, 0, 0),
(588, '10588', '10588', 'SAREE BROOCH - Y10-31', 15, 0, 0, 0),
(589, '10589', '10589', 'SAREE BROOCH - Y10-32', 15, 0, 0, 0),
(590, '10590', '10590', 'SAREE BROOCH - Y10-33', 15, 0, 0, 0),
(591, '10591', '10591', 'HAIR PIN - Y12-1', 12, 0, 0, 0),
(592, '10592', '10592', 'HAIR PIN - Y12-2', 12, 0, 0, 0),
(593, '10593', '10593', 'HAIR PIN - Y12-3', 12, 0, 0, 0),
(594, '10594', '10594', 'HAIR PIN - Y12-4', 12, 0, 0, 0),
(595, '10595', '10595', 'HAIR PIN - Y12-5', 12, 0, 0, 0),
(596, '10596', '10596', 'HAIR PIN - Y12-7', 12, 0, 0, 0),
(597, '10597', '10597', 'HAIR PIN - Y12-9', 12, 0, 0, 0),
(598, '10598', '10598', 'HAIR PIN - Y12-10', 12, 0, 0, 0),
(599, '10599', '10599', 'HAIR PIN - Y12-11', 12, 0, 0, 0),
(600, '10600', '10600', 'HAIR PIN - Y12-12', 12, 0, 0, 0),
(601, '10601', '10601', 'HAIR PIN - Y12-13', 12, 0, 0, 0),
(602, '10602', '10602', 'HAIR PIN - Y13-1', 12, 0, 0, 0),
(603, '10603', '10603', 'HAIR PIN - Y13-2', 12, 0, 0, 0),
(604, '10604', '10604', 'HAIR PIN - Y13-3', 12, 0, 0, 0),
(605, '10605', '10605', 'HAIR PIN - Y13-4', 12, 0, 0, 0),
(606, '10606', '10606', 'HAIR PIN - Y13-5', 12, 0, 0, 0),
(607, '10607', '10607', 'HAIR PIN - Y13-6', 12, 0, 0, 0),
(608, '10608', '10608', 'HAIR PIN - Y13-7', 12, 0, 0, 0),
(609, '10609', '10609', 'HAIR PIN - Y13-8', 12, 0, 0, 0),
(610, '10610', '10610', 'HAIR PIN - Y13-9', 12, 0, 0, 0),
(611, '10611', '10611', 'HAIR PIN - Y13-10', 12, 0, 0, 0),
(612, '10612', '10612', 'HAIR PIN - Y13-11', 12, 0, 0, 0),
(613, '10613', '10613', 'HAIR PIN - Y13-12', 12, 0, 0, 0),
(614, '10614', '10614', 'HAIR PIN - Y13-13', 12, 0, 0, 0),
(615, '10615', '10615', 'HAIR PIN - Y13-14', 12, 0, 0, 0),
(616, '10616', '10616', 'HAIR PIN - Y13-15', 12, 0, 0, 0),
(617, '10617', '10617', 'HAIR PIN - Y13-16', 12, 0, 0, 0),
(618, '10618', '10618', 'HAIR PIN - Y13-17', 12, 0, 0, 0),
(619, '10619', '10619', 'HAIR PIN - Y13-18', 12, 0, 0, 0),
(620, '10620', '10620', 'HAIR PIN - Y13-19', 12, 0, 0, 0),
(621, '10621', '10621', 'HAIR PIN - Y13-20', 12, 0, 0, 0),
(622, '10622', '10622', 'HAIR PIN - Y13-22', 12, 0, 0, 0),
(623, '10623', '10623', 'HAIR PIN - Y13-23', 12, 0, 0, 0),
(624, '10624', '10624', 'HAIR PIN - Y13-24', 12, 0, 0, 0),
(625, '10625', '10625', 'HAIR PIN - Y13-25', 12, 0, 0, 0),
(626, '10626', '10626', 'HAIR PIN - Y13-26', 12, 0, 0, 0),
(627, '10627', '10627', 'HAIR PIN - Y13-27', 12, 0, 0, 0),
(628, '10628', '10628', 'HAIR PIN - Y13-28', 12, 0, 0, 0),
(629, '10629', '10629', 'HAIR PIN - Y13-29', 12, 0, 0, 0),
(630, '10630', '10630', 'HAIR PIN - Y13-30', 12, 0, 0, 0),
(631, '10631', '10631', 'HAIR PIN - Y13-31', 12, 0, 0, 0),
(632, '10632', '10632', 'HAIR PIN - Y13-32', 12, 0, 0, 0),
(633, '10633', '10633', 'HAIR PIN - Y13-33', 12, 0, 0, 0),
(634, '10634', '10634', 'HAIR PIN - Y13-34', 12, 0, 0, 0),
(635, '10635', '10635', 'HAIR PIN - Y13-35', 12, 0, 0, 0),
(636, '10636', '10636', 'HAIR PIN - Y13-36', 12, 0, 0, 0),
(637, '10637', '10637', 'HAIR PIN - Y13-37', 12, 0, 0, 0),
(638, '10638', '10638', 'HAIR PIN - Y13-38', 12, 0, 0, 0),
(639, '10639', '10639', 'HAIR PIN - Y13-39', 12, 0, 0, 0),
(640, '10640', '10640', 'HAIR PIN - Y13-40', 12, 0, 0, 0),
(641, '10641', '10641', 'HAIR PIN - Y13-41', 12, 0, 0, 0),
(642, '10642', '10642', 'HAIR PIN - Y13-42', 12, 0, 0, 0),
(643, '10643', '10643', 'HAIR PIN - Y13-43', 12, 0, 0, 0),
(644, '10644', '10644', 'HAIR PIN - Y13-44', 12, 0, 0, 0),
(645, '10645', '10645', 'HAIR PIN - Y13-45', 12, 0, 0, 0),
(646, '10646', '10646', 'HAIR PIN - Y13-46', 12, 0, 0, 0),
(647, '10647', '10647', 'HAIR PIN - Y13-47', 12, 0, 0, 0),
(648, '10648', '10648', 'HAIR PIN - Y13-48', 12, 0, 0, 0),
(649, '10649', '10649', 'HAIR PIN - Y13-49', 12, 0, 0, 0),
(650, '10650', '10650', 'HAIR PIN - Y13-50', 12, 0, 0, 0),
(651, '10651', '10651', 'HAIR PIN - Y13-51', 12, 0, 0, 0),
(652, '10652', '10652', 'HAIR PIN - Y13-52', 12, 0, 0, 0),
(653, '10653', '10653', 'HAIR PIN - Y13-53', 12, 0, 0, 0),
(654, '10654', '10654', 'HAIR PIN - Y13-54', 12, 0, 0, 0),
(655, '10655', '10655', 'HAIR PIN - Y13-55', 12, 0, 0, 0),
(656, '10656', '10656', 'HAIR PIN - Y13-56', 12, 0, 0, 0),
(657, '10657', '10657', 'HAIR PIN - Y13-57', 12, 0, 0, 0),
(658, '10658', '10658', 'HAIR PIN - Y13-58', 12, 0, 0, 0),
(659, '10659', '10659', 'HAIR PIN - Y13-59', 12, 0, 0, 0),
(660, '10660', '10660', 'HAIR PIN - Y13-60', 12, 0, 0, 0),
(661, '10661', '10661', 'HAIR PIN - Y13-61', 12, 0, 0, 0),
(662, '10662', '10662', 'HAIR PIN - Y13-62', 12, 0, 0, 0),
(663, '10663', '10663', 'BEACH BAG - Y14-1', 4, 0, 0, 0),
(664, '10664', '10664', 'BEACH BAG - Y14-2', 4, 0, 0, 0),
(665, '10665', '10665', 'BEACH BAG - Y14-3', 4, 0, 0, 0),
(666, '10666', '10666', 'BEACH BAG - Y14-5', 4, 0, 0, 0),
(667, '10667', '10667', 'BEACH BAG - Y14-6', 4, 0, 0, 0),
(668, '10668', '10668', 'BEACH BAG - Y14-7', 4, 0, 0, 0),
(669, '10669', '10669', 'BEACH BAG - Y14-8', 4, 0, 0, 0),
(670, '10670', '10670', 'BEACH BAG - Y14-9', 4, 0, 0, 0),
(671, '10671', '10671', 'BEACH BAG - Y14-10', 4, 0, 0, 0),
(672, '10672', '10672', 'BEACH BAG - Y14-11', 4, 0, 0, 0),
(673, '10673', '10673', 'BEACH BAG - Y14-13', 4, 0, 0, 0),
(674, '10674', '10674', 'BEACH BAG - Y14-14', 4, 0, 0, 0),
(675, '10675', '10675', 'BEACH BAG - Y14-15', 4, 0, 0, 0),
(676, '10676', '10676', 'BEACH BAG - Y14-16', 4, 0, 0, 0),
(677, '10677', '10677', 'BEACH BAG - Y14-17', 4, 0, 0, 0),
(678, '10678', '10678', 'BEACH BAG - Y14-18', 4, 0, 0, 0),
(679, '10679', '10679', 'BEACH BAG - Y14-19', 4, 0, 0, 0),
(680, '10680', '10680', 'BEACH BAG - Y14-20', 4, 0, 0, 0),
(681, '10681', '10681', 'BEACH BAG - Y14-21', 4, 0, 0, 0),
(682, '10682', '10682', 'BEACH BAG - Y14-23', 4, 0, 0, 0),
(683, '10683', '10683', 'BEACH BAG - Y14-25', 4, 0, 0, 0),
(684, '10684', '10684', 'BEACH BAG - Y14-27', 4, 0, 0, 0),
(685, '10685', '10685', 'BEACH BAG - Y14-28', 4, 0, 0, 0),
(686, '10686', '10686', 'BEACH BAG - Y14-29', 4, 0, 0, 0),
(687, '10687', '10687', 'BEACH BAG - Y14-31', 4, 0, 0, 0),
(688, '10688', '10688', 'BEACH BAG - Y14-32', 4, 0, 0, 0),
(689, '10689', '10689', 'BEACH BAG - Y14-33', 4, 0, 0, 0),
(690, '10690', '10690', 'BEACH BAG - Y14-34', 4, 0, 0, 0),
(691, '10691', '10691', 'BEACH BAG - Y14-36', 4, 0, 0, 0),
(692, '10692', '10692', 'BEACH BAG - Y14-37', 4, 0, 0, 0),
(693, '10693', '10693', 'BEACH BAG - Y14-38', 4, 0, 0, 0),
(694, '10694', '10694', 'BEACH BAG - Y14-40', 4, 0, 0, 0),
(695, '10695', '10695', 'BEACH BAG - Y14-41', 4, 0, 0, 0),
(696, '10696', '10696', 'BEACH BAG - Y14-45', 4, 0, 0, 0),
(697, '10697', '10697', 'BEACH BAG - Y14-47', 4, 0, 0, 0),
(698, '10698', '10698', 'BEACH BAG - Y14-53', 4, 0, 0, 0),
(699, '10699', '10699', 'BEACH BAG - Y14-55', 4, 0, 0, 0),
(700, '10700', '10700', 'HAND BAG - Y15-2', 1, 0, 0, 0),
(701, '10701', '10701', 'HAND BAG - Y15-3', 1, 0, 0, 0),
(702, '10702', '10702', 'HAND BAG - Y15-8', 1, 0, 0, 0),
(703, '10703', '10703', 'HAND BAG - Y15-9', 1, 0, 0, 0),
(704, '10704', '10704', 'BAGPACK - Y16-1', 5, 0, 0, 0),
(705, '10705', '10705', 'BAGPACK - Y16-2', 5, 0, 0, 0),
(706, '10706', '10706', 'BAGPACK - Y16-3', 5, 0, 0, 0),
(707, '10707', '10707', 'BAGPACK - Y16-4', 5, 0, 0, 0),
(708, '10708', '10708', 'BAGPACK - Y16-5', 5, 0, 0, 0),
(709, '10709', '10709', 'BAGPACK - Y16-6', 5, 0, 0, 0),
(710, '10710', '10710', 'BAGPACK - Y16-7', 5, 0, 0, 0),
(711, '10711', '10711', 'SIDE PURSE - Y17-1', 39, 0, 0, 0),
(712, '10712', '10712', 'SIDE PURSE - Y17-2', 39, 0, 0, 0),
(713, '10713', '10713', 'SIDE PURSE - Y17-4', 39, 0, 0, 0),
(714, '10714', '10714', 'SIDE PURSE - Y17-5', 39, 0, 0, 0),
(715, '10715', '10715', 'SIDE PURSE - Y17-6', 39, 0, 0, 0),
(716, '10716', '10716', 'SIDE PURSE - Y17-7', 39, 0, 0, 0),
(717, '10717', '10717', 'SIDE PURSE - Y17-8', 39, 0, 0, 0),
(718, '10718', '10718', 'SIDE PURSE - Y17-10', 39, 0, 0, 0),
(719, '10719', '10719', 'SIDE PURSE - Y17-11', 39, 0, 0, 0),
(720, '10720', '10720', 'SIDE PURSE - Y17-14', 39, 0, 0, 0),
(721, '10721', '10721', 'SIDE PURSE - Y17-17', 39, 0, 0, 0),
(722, '10722', '10722', 'SIDE PURSE - Y17-19', 39, 0, 0, 0),
(723, '10723', '10723', 'SIDE PURSE - Y17-20', 39, 0, 0, 0),
(724, '10724', '10724', 'LADIES PURSE - Y19-3', 2, 0, 0, 0),
(725, '10725', '10725', 'LADIES PURSE - Y19-7', 2, 0, 0, 0),
(726, '10726', '10726', 'LADIES PURSE - Y19-8', 2, 0, 0, 0),
(727, '10727', '10727', 'LADIES PURSE - Y19-9', 2, 0, 0, 0),
(728, '10728', '10728', 'LADIES PURSE - Y19-10', 2, 0, 0, 0),
(729, '10729', '10729', 'LADIES PURSE - Y19-11', 2, 0, 0, 0),
(730, '10730', '10730', 'LADIES PURSE - Y19-12', 2, 0, 0, 0),
(731, '10731', '10731', 'LADIES PURSE - Y19-14', 2, 0, 0, 0),
(732, '10732', '10732', 'LADIES PURSE - Y19-16', 2, 0, 0, 0),
(733, '10733', '10733', 'LADIES PURSE - Y19-17', 2, 0, 0, 0),
(734, '10734', '10734', 'LADIES PURSE - Y19-18', 2, 0, 0, 0),
(735, '10735', '10735', 'LADIES PURSE - Y19-19', 2, 0, 0, 0),
(736, '10736', '10736', 'LADIES PURSE - Y19-20', 2, 0, 0, 0),
(737, '10737', '10737', 'LADIES PURSE - Y19-21', 2, 0, 0, 0),
(738, '10738', '10738', 'LADIES PURSE - Y19-22', 2, 0, 0, 0),
(739, '10739', '10739', 'LADIES PURSE - Y19-23', 2, 0, 0, 0),
(740, '10740', '10740', 'LADIES PURSE - Y19-24', 2, 0, 0, 0),
(741, '10741', '10741', 'LADIES PURSE - Y19-25', 2, 0, 0, 0),
(742, '10742', '10742', 'LADIES PURSE - Y19-26', 2, 0, 0, 0),
(743, '10743', '10743', 'GENTS PURSE - Y19-27', 23, 0, 0, 0),
(744, '10744', '10744', 'GENTS PURSE - Y19-28', 23, 0, 0, 0),
(745, '10745', '10745', 'GENTS PURSE - Y19-29', 23, 0, 0, 0),
(746, '10746', '10746', 'GENTS PURSE - Y19-30', 23, 0, 0, 0),
(747, '10747', '10747', 'GENTS PURSE - Y19-31', 23, 0, 0, 0),
(748, '10748', '10748', 'GENTS PURSE - Y19-32', 23, 0, 0, 0),
(749, '10749', '10749', 'GENTS PURSE - Y19-33', 23, 0, 0, 0),
(750, '10750', '10750', 'GENTS PURSE - Y19-34', 23, 0, 0, 0),
(751, '10751', '10751', 'GENTS PURSE - Y19-36', 23, 0, 0, 0),
(752, '10752', '10752', 'GENTS PURSE - Y19-37', 23, 0, 0, 0),
(753, '10753', '10753', 'GENTS PURSE - Y19-38', 23, 0, 0, 0),
(754, '10754', '10754', 'GENTS PURSE - Y19-40', 23, 0, 0, 0),
(755, '10755', '10755', 'GENTS PURSE - Y19-46', 23, 0, 0, 0),
(756, '10756', '10756', 'GENTS PURSE - Y19-49', 23, 0, 0, 0),
(757, '10757', '10757', 'GENTS PURSE - Y19-50', 23, 0, 0, 0),
(758, '10758', '10758', 'GENTS PURSE - Y19-51', 23, 0, 0, 0),
(759, '10759', '10759', 'SIDE PURSE - Y19-66', 39, 0, 0, 0),
(760, '10760', '10760', 'SIDE PURSE - Y19-67', 39, 0, 0, 0),
(761, '10761', '10761', 'SIDE PURSE - Y19-68', 39, 0, 0, 0),
(762, '10762', '10762', 'SIDE PURSE - Y19-69', 39, 0, 0, 0),
(763, '10763', '10763', 'SIDE PURSE - Y19-70', 39, 0, 0, 0),
(764, '10764', '10764', 'SIDE PURSE - Y19-71', 39, 0, 0, 0),
(765, '10765', '10765', 'KEY TAG - Y22-2', 32, 0, 0, 0),
(766, '10766', '10766', 'KEY TAG - Y22-3', 32, 0, 0, 0),
(767, '10767', '10767', 'KEY TAG - Y22-4', 32, 0, 0, 0),
(768, '10768', '10768', 'KEY TAG - Y22-5', 32, 0, 0, 0),
(769, '10769', '10769', 'KEY TAG - Y22-7', 32, 0, 0, 0),
(770, '10770', '10770', 'KEY TAG - Y22-8', 32, 0, 0, 0),
(771, '10771', '10771', 'KEY TAG - Y22-10', 32, 0, 0, 0),
(772, '10772', '10772', 'LADIES PURSE - H5-1', 2, 0, 0, 0),
(773, '10773', '10773', 'LADIES PURSE - H5-2', 2, 0, 0, 0),
(774, '10774', '10774', 'LADIES PURSE - H5-3', 2, 0, 0, 0),
(775, '10775', '10775', 'LADIES PURSE - H5-4', 2, 0, 0, 0),
(776, '10776', '10776', 'LADIES PURSE - H5-5', 2, 0, 0, 0),
(777, '10777', '10777', 'LADIES PURSE - H5-6', 2, 0, 0, 0);

-- --------------------------------------------------------

--
-- Table structure for table `0_item_tax_types`
--

CREATE TABLE IF NOT EXISTS `0_item_tax_types` (
  `id` int(11) NOT NULL,
  `name` varchar(60) COLLATE utf8_unicode_ci NOT NULL DEFAULT '',
  `exempt` tinyint(1) NOT NULL DEFAULT '0',
  `inactive` tinyint(1) NOT NULL DEFAULT '0'
) ENGINE=InnoDB AUTO_INCREMENT=2 DEFAULT CHARSET=utf8 COLLATE=utf8_unicode_ci;

--
-- Dumping data for table `0_item_tax_types`
--

INSERT INTO `0_item_tax_types` (`id`, `name`, `exempt`, `inactive`) VALUES
(1, 'Default', 0, 0);

-- --------------------------------------------------------

--
-- Table structure for table `0_item_tax_type_exemptions`
--

CREATE TABLE IF NOT EXISTS `0_item_tax_type_exemptions` (
  `item_tax_type_id` int(11) NOT NULL DEFAULT '0',
  `tax_type_id` int(11) NOT NULL DEFAULT '0'
) ENGINE=InnoDB DEFAULT CHARSET=utf8 COLLATE=utf8_unicode_ci;

-- --------------------------------------------------------

--
-- Table structure for table `0_item_units`
--

CREATE TABLE IF NOT EXISTS `0_item_units` (
  `abbr` varchar(20) COLLATE utf8_unicode_ci NOT NULL,
  `name` varchar(40) COLLATE utf8_unicode_ci NOT NULL,
  `decimals` tinyint(2) NOT NULL,
  `inactive` tinyint(1) NOT NULL DEFAULT '0'
) ENGINE=InnoDB DEFAULT CHARSET=utf8 COLLATE=utf8_unicode_ci;

--
-- Dumping data for table `0_item_units`
--

INSERT INTO `0_item_units` (`abbr`, `name`, `decimals`, `inactive`) VALUES
('Bags', 'Bags', 0, 0),
('Box', 'Boxes', 0, 0),
('Card', 'Cards', 0, 0),
('Dozen', 'Dozens', 0, 0),
('Pack', 'Pack', 0, 0),
('Pieces', 'Pieces', 0, 0);

-- --------------------------------------------------------

--
-- Table structure for table `0_journal`
--

CREATE TABLE IF NOT EXISTS `0_journal` (
  `type` smallint(6) NOT NULL DEFAULT '0',
  `trans_no` int(11) NOT NULL DEFAULT '0',
  `tran_date` date DEFAULT '0000-00-00',
  `reference` varchar(60) COLLATE utf8_unicode_ci NOT NULL DEFAULT '',
  `source_ref` varchar(60) COLLATE utf8_unicode_ci NOT NULL DEFAULT '',
  `event_date` date DEFAULT '0000-00-00',
  `doc_date` date NOT NULL DEFAULT '0000-00-00',
  `currency` char(3) COLLATE utf8_unicode_ci NOT NULL DEFAULT '',
  `amount` double NOT NULL DEFAULT '0',
  `rate` double NOT NULL DEFAULT '1'
) ENGINE=InnoDB DEFAULT CHARSET=utf8 COLLATE=utf8_unicode_ci;

-- --------------------------------------------------------

--
-- Table structure for table `0_locations`
--

CREATE TABLE IF NOT EXISTS `0_locations` (
  `loc_code` varchar(5) COLLATE utf8_unicode_ci NOT NULL DEFAULT '',
  `location_name` varchar(60) COLLATE utf8_unicode_ci NOT NULL DEFAULT '',
  `delivery_address` tinytext COLLATE utf8_unicode_ci NOT NULL,
  `phone` varchar(30) COLLATE utf8_unicode_ci NOT NULL DEFAULT '',
  `phone2` varchar(30) COLLATE utf8_unicode_ci NOT NULL DEFAULT '',
  `fax` varchar(30) COLLATE utf8_unicode_ci NOT NULL DEFAULT '',
  `email` varchar(100) COLLATE utf8_unicode_ci NOT NULL DEFAULT '',
  `contact` varchar(30) COLLATE utf8_unicode_ci NOT NULL DEFAULT '',
  `fixed_asset` tinyint(1) NOT NULL DEFAULT '0',
  `inactive` tinyint(1) NOT NULL DEFAULT '0'
) ENGINE=InnoDB DEFAULT CHARSET=utf8 COLLATE=utf8_unicode_ci;

--
-- Dumping data for table `0_locations`
--

INSERT INTO `0_locations` (`loc_code`, `location_name`, `delivery_address`, `phone`, `phone2`, `fax`, `email`, `contact`, `fixed_asset`, `inactive`) VALUES
('BER', 'Beruwela Store', 'No 21, Arab Road,\nBeruwela, Sri Lanka.', '(+94) 034 227 9099', '', '', 'symiholdings@gmail.com', 'Symi Holiding', 0, 0);

-- --------------------------------------------------------

--
-- Table structure for table `0_loc_stock`
--

CREATE TABLE IF NOT EXISTS `0_loc_stock` (
  `loc_code` char(5) COLLATE utf8_unicode_ci NOT NULL DEFAULT '',
  `stock_id` char(20) COLLATE utf8_unicode_ci NOT NULL DEFAULT '',
  `reorder_level` double NOT NULL DEFAULT '0'
) ENGINE=InnoDB DEFAULT CHARSET=utf8 COLLATE=utf8_unicode_ci;

-- --------------------------------------------------------

--
-- Table structure for table `0_payment_terms`
--

CREATE TABLE IF NOT EXISTS `0_payment_terms` (
  `terms_indicator` int(11) NOT NULL,
  `terms` char(80) COLLATE utf8_unicode_ci NOT NULL DEFAULT '',
  `days_before_due` smallint(6) NOT NULL DEFAULT '0',
  `day_in_following_month` smallint(6) NOT NULL DEFAULT '0',
  `inactive` tinyint(1) NOT NULL DEFAULT '0'
) ENGINE=InnoDB AUTO_INCREMENT=3 DEFAULT CHARSET=utf8 COLLATE=utf8_unicode_ci;

--
-- Dumping data for table `0_payment_terms`
--

INSERT INTO `0_payment_terms` (`terms_indicator`, `terms`, `days_before_due`, `day_in_following_month`, `inactive`) VALUES
(1, 'Cash Payments', 0, 0, 0),
(2, 'Two Weeks', 0, 14, 0);

-- --------------------------------------------------------

--
-- Table structure for table `0_prices`
--

CREATE TABLE IF NOT EXISTS `0_prices` (
  `id` int(11) NOT NULL,
  `stock_id` varchar(20) COLLATE utf8_unicode_ci NOT NULL DEFAULT '',
  `sales_type_id` int(11) NOT NULL DEFAULT '0',
  `curr_abrev` char(3) COLLATE utf8_unicode_ci NOT NULL DEFAULT '',
  `price` double NOT NULL DEFAULT '0'
) ENGINE=InnoDB AUTO_INCREMENT=778 DEFAULT CHARSET=utf8 COLLATE=utf8_unicode_ci;

--
-- Dumping data for table `0_prices`
--

INSERT INTO `0_prices` (`id`, `stock_id`, `sales_type_id`, `curr_abrev`, `price`) VALUES
(1, '10001', 2, 'LKR', 55),
(2, '10002', 2, 'LKR', 60),
(3, '10003', 2, 'LKR', 70),
(4, '10004', 2, 'LKR', 125),
(5, '10005', 2, 'LKR', 285),
(6, '10006', 2, 'LKR', 51.67),
(7, '10007', 2, 'LKR', 62.5),
(8, '10008', 2, 'LKR', 250),
(9, '10009', 2, 'LKR', 250),
(10, '10010', 2, 'LKR', 20),
(11, '10011', 2, 'LKR', 14),
(12, '10012', 2, 'LKR', 22),
(13, '10013', 2, 'LKR', 26),
(14, '10014', 2, 'LKR', 25),
(15, '10015', 2, 'LKR', 33),
(16, '10016', 2, 'LKR', 35),
(17, '10017', 2, 'LKR', 36),
(18, '10018', 2, 'LKR', 114),
(19, '10019', 2, 'LKR', 96),
(20, '10020', 2, 'LKR', 114),
(21, '10021', 2, 'LKR', 180),
(22, '10022', 2, 'LKR', 108),
(23, '10023', 2, 'LKR', 330),
(24, '10024', 2, 'LKR', 110),
(25, '10025', 2, 'LKR', 90),
(26, '10026', 2, 'LKR', 270),
(27, '10027', 2, 'LKR', 230),
(28, '10028', 2, 'LKR', 230),
(29, '10029', 2, 'LKR', 380),
(30, '10030', 2, 'LKR', 240),
(31, '10031', 2, 'LKR', 50),
(32, '10032', 2, 'LKR', 228),
(33, '10033', 2, 'LKR', 1020),
(34, '10034', 2, 'LKR', 275),
(35, '10035', 2, 'LKR', 125),
(36, '10036', 2, 'LKR', 175),
(37, '10037', 2, 'LKR', 320),
(38, '10038', 2, 'LKR', 320),
(39, '10039', 2, 'LKR', 192),
(40, '10040', 2, 'LKR', 600),
(41, '10041', 2, 'LKR', 500),
(42, '10042', 2, 'LKR', 100),
(43, '10043', 2, 'LKR', 200),
(44, '10044', 2, 'LKR', 300),
(45, '10045', 2, 'LKR', 145),
(46, '10046', 2, 'LKR', 162),
(47, '10047', 2, 'LKR', 168),
(48, '10048', 2, 'LKR', 360),
(49, '10049', 2, 'LKR', 102),
(50, '10050', 2, 'LKR', 276),
(51, '10051', 2, 'LKR', 312),
(52, '10052', 2, 'LKR', 120),
(53, '10053', 2, 'LKR', 120),
(54, '10054', 2, 'LKR', 660),
(55, '10055', 2, 'LKR', 600),
(56, '10056', 2, 'LKR', 210),
(57, '10057', 2, 'LKR', 66),
(58, '10058', 2, 'LKR', 150),
(59, '10059', 2, 'LKR', 216),
(60, '10060', 2, 'LKR', 210),
(61, '10061', 2, 'LKR', 220),
(62, '10062', 2, 'LKR', 330),
(63, '10063', 2, 'LKR', 120),
(64, '10064', 2, 'LKR', 120),
(65, '10065', 2, 'LKR', 216),
(66, '10066', 2, 'LKR', 120),
(67, '10067', 2, 'LKR', 330),
(68, '10068', 2, 'LKR', 90),
(69, '10069', 2, 'LKR', 240),
(70, '10070', 2, 'LKR', 900),
(71, '10071', 2, 'LKR', 540),
(72, '10072', 2, 'LKR', 102),
(73, '10073', 2, 'LKR', 270),
(74, '10074', 2, 'LKR', 380),
(75, '10075', 2, 'LKR', 540),
(76, '10076', 2, 'LKR', 540),
(77, '10077', 2, 'LKR', 480),
(78, '10078', 2, 'LKR', 780),
(79, '10079', 2, 'LKR', 600),
(80, '10080', 2, 'LKR', 600),
(81, '10081', 2, 'LKR', 720),
(82, '10082', 2, 'LKR', 720),
(83, '10083', 2, 'LKR', 405),
(84, '10084', 2, 'LKR', 180),
(85, '10085', 2, 'LKR', 500),
(86, '10086', 2, 'LKR', 1000),
(87, '10087', 2, 'LKR', 384),
(88, '10088', 2, 'LKR', 432),
(89, '10089', 2, 'LKR', 330),
(90, '10090', 2, 'LKR', 432),
(91, '10091', 2, 'LKR', 300),
(92, '10092', 2, 'LKR', 360),
(93, '10093', 2, 'LKR', 432),
(94, '10094', 2, 'LKR', 360),
(95, '10095', 2, 'LKR', 360),
(96, '10096', 2, 'LKR', 690),
(97, '10097', 2, 'LKR', 432),
(98, '10098', 2, 'LKR', 720),
(99, '10099', 2, 'LKR', 288),
(100, '10100', 2, 'LKR', 360),
(101, '10101', 2, 'LKR', 600),
(102, '10102', 2, 'LKR', 402),
(103, '10103', 2, 'LKR', 540),
(104, '10104', 2, 'LKR', 360),
(105, '10105', 2, 'LKR', 390),
(106, '10106', 2, 'LKR', 660),
(107, '10107', 2, 'LKR', 720),
(108, '10108', 2, 'LKR', 600),
(109, '10109', 2, 'LKR', 600),
(110, '10110', 2, 'LKR', 540),
(111, '10111', 2, 'LKR', 0),
(112, '10112', 2, 'LKR', 960),
(113, '10113', 2, 'LKR', 2640),
(114, '10114', 2, 'LKR', 300),
(115, '10115', 2, 'LKR', 300),
(116, '10116', 2, 'LKR', 456),
(117, '10117', 2, 'LKR', 456),
(118, '10118', 2, 'LKR', 360),
(119, '10119', 2, 'LKR', 330),
(120, '10120', 2, 'LKR', 330),
(121, '10121', 2, 'LKR', 270),
(122, '10122', 2, 'LKR', 270),
(123, '10123', 2, 'LKR', 300),
(124, '10124', 2, 'LKR', 300),
(125, '10125', 2, 'LKR', 300),
(126, '10126', 2, 'LKR', 900),
(127, '10127', 2, 'LKR', 900),
(128, '10128', 2, 'LKR', 660),
(129, '10129', 2, 'LKR', 900),
(130, '10130', 2, 'LKR', 576),
(131, '10131', 2, 'LKR', 660),
(132, '10132', 2, 'LKR', 110),
(133, '10133', 2, 'LKR', 130),
(134, '10134', 2, 'LKR', 150),
(135, '10135', 2, 'LKR', 405),
(136, '10136', 2, 'LKR', 540),
(137, '10137', 2, 'LKR', 270),
(138, '10138', 2, 'LKR', 288),
(139, '10139', 2, 'LKR', 330),
(140, '10140', 2, 'LKR', 120),
(141, '10141', 2, 'LKR', 750),
(142, '10142', 2, 'LKR', 750),
(143, '10143', 2, 'LKR', 750),
(144, '10144', 2, 'LKR', 750),
(145, '10145', 2, 'LKR', 750),
(146, '10146', 2, 'LKR', 750),
(147, '10147', 2, 'LKR', 750),
(148, '10148', 2, 'LKR', 400),
(149, '10149', 2, 'LKR', 400),
(150, '10150', 2, 'LKR', 400),
(151, '10151', 2, 'LKR', 400),
(152, '10152', 2, 'LKR', 400),
(153, '10153', 2, 'LKR', 400),
(154, '10154', 2, 'LKR', 400),
(155, '10155', 2, 'LKR', 400),
(156, '10156', 2, 'LKR', 400),
(157, '10157', 2, 'LKR', 400),
(158, '10158', 2, 'LKR', 360),
(159, '10159', 2, 'LKR', 360),
(160, '10160', 2, 'LKR', 360),
(161, '10161', 2, 'LKR', 210),
(162, '10162', 2, 'LKR', 600),
(163, '10163', 2, 'LKR', 600),
(164, '10164', 2, 'LKR', 600),
(165, '10165', 2, 'LKR', 780),
(166, '10166', 2, 'LKR', 360),
(167, '10167', 2, 'LKR', 240),
(168, '10168', 2, 'LKR', 60),
(169, '10169', 2, 'LKR', 60),
(170, '10170', 2, 'LKR', 60),
(171, '10171', 2, 'LKR', 60),
(172, '10172', 2, 'LKR', 60),
(173, '10173', 2, 'LKR', 78),
(174, '10174', 2, 'LKR', 36),
(175, '10175', 2, 'LKR', 30),
(176, '10176', 2, 'LKR', 80),
(177, '10177', 2, 'LKR', 30),
(178, '10178', 2, 'LKR', 30),
(179, '10179', 2, 'LKR', 72),
(180, '10180', 2, 'LKR', 102),
(181, '10181', 2, 'LKR', 102),
(182, '10182', 2, 'LKR', 225),
(183, '10183', 2, 'LKR', 60),
(184, '10184', 2, 'LKR', 48),
(185, '10185', 2, 'LKR', 60),
(186, '10186', 2, 'LKR', 48),
(187, '10187', 2, 'LKR', 48),
(188, '10188', 2, 'LKR', 54),
(189, '10189', 2, 'LKR', 54),
(190, '10190', 2, 'LKR', 60),
(191, '10191', 2, 'LKR', 60),
(192, '10192', 2, 'LKR', 100),
(193, '10193', 2, 'LKR', 372),
(194, '10194', 2, 'LKR', 345),
(195, '10195', 2, 'LKR', 360),
(196, '10196', 2, 'LKR', 372),
(197, '10197', 2, 'LKR', 330),
(198, '10198', 2, 'LKR', 390),
(199, '10199', 2, 'LKR', 195),
(200, '10200', 2, 'LKR', 210),
(201, '10201', 2, 'LKR', 100),
(202, '10202', 2, 'LKR', 192),
(203, '10203', 2, 'LKR', 210),
(204, '10204', 2, 'LKR', 342),
(205, '10205', 2, 'LKR', 210),
(206, '10206', 2, 'LKR', 396),
(207, '10207', 2, 'LKR', 456),
(208, '10208', 2, 'LKR', 252),
(209, '10209', 2, 'LKR', 168),
(210, '10210', 2, 'LKR', 360),
(211, '10211', 2, 'LKR', 396),
(212, '10212', 2, 'LKR', 120),
(213, '10213', 2, 'LKR', 210),
(214, '10214', 2, 'LKR', 210),
(215, '10215', 2, 'LKR', 120),
(216, '10216', 2, 'LKR', 72),
(217, '10217', 2, 'LKR', 102),
(218, '10218', 2, 'LKR', 90),
(219, '10219', 2, 'LKR', 90),
(220, '10220', 2, 'LKR', 20),
(221, '10221', 2, 'LKR', 95),
(222, '10222', 2, 'LKR', 135),
(223, '10223', 2, 'LKR', 70),
(224, '10224', 2, 'LKR', 80),
(225, '10225', 2, 'LKR', 40),
(226, '10226', 2, 'LKR', 75),
(227, '10227', 2, 'LKR', 55),
(228, '10228', 2, 'LKR', 90),
(229, '10229', 2, 'LKR', 180),
(230, '10230', 2, 'LKR', 90),
(231, '10231', 2, 'LKR', 135),
(232, '10232', 2, 'LKR', 90),
(233, '10233', 2, 'LKR', 90),
(234, '10234', 2, 'LKR', 102),
(235, '10235', 2, 'LKR', 102),
(236, '10236', 2, 'LKR', 170),
(237, '10237', 2, 'LKR', 360),
(238, '10238', 2, 'LKR', 30),
(239, '10239', 2, 'LKR', 30),
(240, '10240', 2, 'LKR', 40),
(241, '10241', 2, 'LKR', 275),
(242, '10242', 2, 'LKR', 520),
(243, '10243', 2, 'LKR', 550),
(244, '10244', 2, 'LKR', 580),
(245, '10245', 2, 'LKR', 680),
(246, '10246', 2, 'LKR', 550),
(247, '10247', 2, 'LKR', 560),
(248, '10248', 2, 'LKR', 640),
(249, '10249', 2, 'LKR', 550),
(250, '10250', 2, 'LKR', 420),
(251, '10251', 2, 'LKR', 590),
(252, '10252', 2, 'LKR', 420),
(253, '10253', 2, 'LKR', 495),
(254, '10254', 2, 'LKR', 420),
(255, '10255', 2, 'LKR', 750),
(256, '10256', 2, 'LKR', 550),
(257, '10257', 2, 'LKR', 890),
(258, '10258', 2, 'LKR', 640),
(259, '10259', 2, 'LKR', 560),
(260, '10260', 2, 'LKR', 560),
(261, '10261', 2, 'LKR', 340),
(262, '10262', 2, 'LKR', 340),
(263, '10263', 2, 'LKR', 340),
(264, '10264', 2, 'LKR', 780),
(265, '10265', 2, 'LKR', 480),
(266, '10266', 2, 'LKR', 695),
(267, '10267', 2, 'LKR', 1980),
(268, '10268', 2, 'LKR', 2190),
(269, '10269', 2, 'LKR', 2750),
(270, '10270', 2, 'LKR', 2650),
(271, '10271', 2, 'LKR', 2650),
(272, '10272', 2, 'LKR', 2280),
(273, '10273', 2, 'LKR', 2750),
(274, '10274', 2, 'LKR', 3190),
(275, '10275', 2, 'LKR', 2780),
(276, '10276', 2, 'LKR', 2780),
(277, '10277', 2, 'LKR', 2890),
(278, '10278', 2, 'LKR', 650),
(279, '10279', 2, 'LKR', 680),
(280, '10280', 2, 'LKR', 650),
(281, '10281', 2, 'LKR', 650),
(282, '10282', 2, 'LKR', 650),
(283, '10283', 2, 'LKR', 650),
(284, '10284', 2, 'LKR', 650),
(285, '10285', 2, 'LKR', 650),
(286, '10286', 2, 'LKR', 550),
(287, '10287', 2, 'LKR', 650),
(288, '10288', 2, 'LKR', 620),
(289, '10289', 2, 'LKR', 590),
(290, '10290', 2, 'LKR', 650),
(291, '10291', 2, 'LKR', 275),
(292, '10292', 2, 'LKR', 340),
(293, '10293', 2, 'LKR', 340),
(294, '10294', 2, 'LKR', 340),
(295, '10295', 2, 'LKR', 340),
(296, '10296', 2, 'LKR', 340),
(297, '10297', 2, 'LKR', 650),
(298, '10298', 2, 'LKR', 720),
(299, '10299', 2, 'LKR', 550),
(300, '10300', 2, 'LKR', 650),
(301, '10301', 2, 'LKR', 680),
(302, '10302', 2, 'LKR', 640),
(303, '10303', 2, 'LKR', 550),
(304, '10304', 2, 'LKR', 650),
(305, '10305', 2, 'LKR', 650),
(306, '10306', 2, 'LKR', 640),
(307, '10307', 2, 'LKR', 650),
(308, '10308', 2, 'LKR', 650),
(309, '10309', 2, 'LKR', 320),
(310, '10310', 2, 'LKR', 680),
(311, '10311', 2, 'LKR', 680),
(312, '10312', 2, 'LKR', 680),
(313, '10313', 2, 'LKR', 720),
(314, '10314', 2, 'LKR', 680),
(315, '10315', 2, 'LKR', 720),
(316, '10316', 2, 'LKR', 720),
(317, '10317', 2, 'LKR', 720),
(318, '10318', 2, 'LKR', 720),
(319, '10319', 2, 'LKR', 1580),
(320, '10320', 2, 'LKR', 1580),
(321, '10321', 2, 'LKR', 1480),
(322, '10322', 2, 'LKR', 1980),
(323, '10323', 2, 'LKR', 1580),
(324, '10324', 2, 'LKR', 1480),
(325, '10325', 2, 'LKR', 290),
(326, '10326', 2, 'LKR', 850),
(327, '10327', 2, 'LKR', 490),
(328, '10328', 2, 'LKR', 350),
(329, '10329', 2, 'LKR', 950),
(330, '10330', 2, 'LKR', 440),
(331, '10331', 2, 'LKR', 450),
(332, '10332', 2, 'LKR', 220),
(333, '10333', 2, 'LKR', 440),
(334, '10334', 2, 'LKR', 340),
(335, '10335', 2, 'LKR', 290),
(336, '10336', 2, 'LKR', 260),
(337, '10337', 2, 'LKR', 590),
(338, '10338', 2, 'LKR', 340),
(339, '10339', 2, 'LKR', 450),
(340, '10340', 2, 'LKR', 390),
(341, '10341', 2, 'LKR', 390),
(342, '10342', 2, 'LKR', 43),
(343, '10343', 2, 'LKR', 140),
(344, '10344', 2, 'LKR', 45),
(345, '10345', 2, 'LKR', 65),
(346, '10346', 2, 'LKR', 140),
(347, '10347', 2, 'LKR', 33),
(348, '10348', 2, 'LKR', 80),
(349, '10349', 2, 'LKR', 43),
(350, '10350', 2, 'LKR', 120),
(351, '10351', 2, 'LKR', 47.5),
(352, '10352', 2, 'LKR', 47.5),
(353, '10353', 2, 'LKR', 55),
(354, '10354', 2, 'LKR', 20),
(355, '10355', 2, 'LKR', 23),
(356, '10356', 2, 'LKR', 40),
(357, '10357', 2, 'LKR', 30),
(358, '10358', 2, 'LKR', 20),
(359, '10359', 2, 'LKR', 20),
(360, '10360', 2, 'LKR', 65),
(361, '10361', 2, 'LKR', 70),
(362, '10362', 2, 'LKR', 85),
(363, '10363', 2, 'LKR', 430),
(364, '10364', 2, 'LKR', 470),
(365, '10365', 2, 'LKR', 470),
(366, '10366', 2, 'LKR', 470),
(367, '10367', 2, 'LKR', 570),
(368, '10368', 2, 'LKR', 470),
(369, '10369', 2, 'LKR', 360),
(370, '10370', 2, 'LKR', 360),
(371, '10371', 2, 'LKR', 470),
(372, '10372', 2, 'LKR', 2100),
(373, '10373', 2, 'LKR', 630),
(374, '10374', 2, 'LKR', 630),
(375, '10375', 2, 'LKR', 670),
(376, '10376', 2, 'LKR', 780),
(377, '10377', 2, 'LKR', 780),
(378, '10378', 2, 'LKR', 780),
(379, '10379', 2, 'LKR', 780),
(380, '10380', 2, 'LKR', 780),
(381, '10381', 2, 'LKR', 780),
(382, '10382', 2, 'LKR', 780),
(383, '10383', 2, 'LKR', 780),
(384, '10384', 2, 'LKR', 780),
(385, '10385', 2, 'LKR', 780),
(386, '10386', 2, 'LKR', 1250),
(387, '10387', 2, 'LKR', 1250),
(388, '10388', 2, 'LKR', 580),
(389, '10389', 2, 'LKR', 490),
(390, '10390', 2, 'LKR', 580),
(391, '10391', 2, 'LKR', 580),
(392, '10392', 2, 'LKR', 650),
(393, '10393', 2, 'LKR', 650),
(394, '10394', 2, 'LKR', 630),
(395, '10395', 2, 'LKR', 1900),
(396, '10396', 2, 'LKR', 2600),
(397, '10397', 2, 'LKR', 2350),
(398, '10398', 2, 'LKR', 2800),
(399, '10399', 2, 'LKR', 2800),
(400, '10400', 2, 'LKR', 2600),
(401, '10401', 2, 'LKR', 2800),
(402, '10402', 2, 'LKR', 1900),
(403, '10403', 2, 'LKR', 2800),
(404, '10404', 2, 'LKR', 390),
(405, '10405', 2, 'LKR', 390),
(406, '10406', 2, 'LKR', 1350),
(407, '10407', 2, 'LKR', 1350),
(408, '10408', 2, 'LKR', 620),
(409, '10409', 2, 'LKR', 590),
(410, '10410', 2, 'LKR', 590),
(411, '10411', 2, 'LKR', 790),
(412, '10412', 2, 'LKR', 790),
(413, '10413', 2, 'LKR', 790),
(414, '10414', 2, 'LKR', 690),
(415, '10415', 2, 'LKR', 790),
(416, '10416', 2, 'LKR', 790),
(417, '10417', 2, 'LKR', 790),
(418, '10418', 2, 'LKR', 490),
(419, '10419', 2, 'LKR', 490),
(420, '10420', 2, 'LKR', 490),
(421, '10421', 2, 'LKR', 490),
(422, '10422', 2, 'LKR', 490),
(423, '10423', 2, 'LKR', 490),
(424, '10424', 2, 'LKR', 490),
(425, '10425', 2, 'LKR', 490),
(426, '10426', 2, 'LKR', 490),
(427, '10427', 2, 'LKR', 490),
(428, '10428', 2, 'LKR', 490),
(429, '10429', 2, 'LKR', 490),
(430, '10430', 2, 'LKR', 490),
(431, '10431', 2, 'LKR', 490),
(432, '10432', 2, 'LKR', 490),
(433, '10433', 2, 'LKR', 490),
(434, '10434', 2, 'LKR', 490),
(435, '10435', 2, 'LKR', 490),
(436, '10436', 2, 'LKR', 890),
(437, '10437', 2, 'LKR', 390),
(438, '10438', 2, 'LKR', 390),
(439, '10439', 2, 'LKR', 580),
(440, '10440', 2, 'LKR', 690),
(441, '10441', 2, 'LKR', 690),
(442, '10442', 2, 'LKR', 690),
(443, '10443', 2, 'LKR', 690),
(444, '10444', 2, 'LKR', 690),
(445, '10445', 2, 'LKR', 650),
(446, '10446', 2, 'LKR', 490),
(447, '10447', 2, 'LKR', 490),
(448, '10448', 2, 'LKR', 490),
(449, '10449', 2, 'LKR', 650),
(450, '10450', 2, 'LKR', 650),
(451, '10451', 2, 'LKR', 650),
(452, '10452', 2, 'LKR', 650),
(453, '10453', 2, 'LKR', 550),
(454, '10454', 2, 'LKR', 460),
(455, '10455', 2, 'LKR', 460),
(456, '10456', 2, 'LKR', 550),
(457, '10457', 2, 'LKR', 550),
(458, '10458', 2, 'LKR', 580),
(459, '10459', 2, 'LKR', 720),
(460, '10460', 2, 'LKR', 580),
(461, '10461', 2, 'LKR', 580),
(462, '10462', 2, 'LKR', 580),
(463, '10463', 2, 'LKR', 360),
(464, '10464', 2, 'LKR', 450),
(465, '10465', 2, 'LKR', 380),
(466, '10466', 2, 'LKR', 390),
(467, '10467', 2, 'LKR', 380),
(468, '10468', 2, 'LKR', 380),
(469, '10469', 2, 'LKR', 650),
(470, '10470', 2, 'LKR', 58.5),
(471, '10471', 2, 'LKR', 67.5),
(472, '10472', 2, 'LKR', 81),
(473, '10473', 2, 'LKR', 81),
(474, '10474', 2, 'LKR', 58.5),
(475, '10475', 2, 'LKR', 31.5),
(476, '10476', 2, 'LKR', 22.5),
(477, '10477', 2, 'LKR', 27),
(478, '10478', 2, 'LKR', 67.5),
(479, '10479', 2, 'LKR', 58.5),
(480, '10480', 2, 'LKR', 67.5),
(481, '10481', 2, 'LKR', 72),
(482, '10482', 2, 'LKR', 36),
(483, '10483', 2, 'LKR', 22.5),
(484, '10484', 2, 'LKR', 67.5),
(485, '10485', 2, 'LKR', 58.5),
(486, '10486', 2, 'LKR', 58.5),
(487, '10487', 2, 'LKR', 58.5),
(488, '10488', 2, 'LKR', 27),
(489, '10489', 2, 'LKR', 22.5),
(490, '10490', 2, 'LKR', 90),
(491, '10491', 2, 'LKR', 63),
(492, '10492', 2, 'LKR', 58.5),
(493, '10493', 2, 'LKR', 42.75),
(494, '10494', 2, 'LKR', 42.75),
(495, '10495', 2, 'LKR', 22.5),
(496, '10496', 2, 'LKR', 20.25),
(497, '10497', 2, 'LKR', 40),
(498, '10498', 2, 'LKR', 42.5),
(499, '10499', 2, 'LKR', 27.5),
(500, '10500', 2, 'LKR', 35),
(501, '10501', 2, 'LKR', 42.5),
(502, '10502', 2, 'LKR', 22.5),
(503, '10503', 2, 'LKR', 42.5),
(504, '10504', 2, 'LKR', 32.5),
(505, '10505', 2, 'LKR', 27.5),
(506, '10506', 2, 'LKR', 50),
(507, '10507', 2, 'LKR', 27.5),
(508, '10508', 2, 'LKR', 22.5),
(509, '10509', 2, 'LKR', 32.5),
(510, '10510', 2, 'LKR', 42.5),
(511, '10511', 2, 'LKR', 45),
(512, '10512', 2, 'LKR', 42.5),
(513, '10513', 2, 'LKR', 50),
(514, '10514', 2, 'LKR', 42.5),
(515, '10515', 2, 'LKR', 40),
(516, '10516', 2, 'LKR', 50),
(517, '10517', 2, 'LKR', 22.5),
(518, '10518', 2, 'LKR', 70),
(519, '10519', 2, 'LKR', 12.5),
(520, '10520', 2, 'LKR', 270),
(521, '10521', 2, 'LKR', 270),
(522, '10522', 2, 'LKR', 240),
(523, '10523', 2, 'LKR', 125),
(524, '10524', 2, 'LKR', 190),
(525, '10525', 2, 'LKR', 190),
(526, '10526', 2, 'LKR', 230),
(527, '10527', 2, 'LKR', 230),
(528, '10528', 2, 'LKR', 90),
(529, '10529', 2, 'LKR', 225),
(530, '10530', 2, 'LKR', 175),
(531, '10531', 2, 'LKR', 30),
(532, '10532', 2, 'LKR', 50),
(533, '10533', 2, 'LKR', 50),
(534, '10534', 2, 'LKR', 20),
(535, '10535', 2, 'LKR', 50),
(536, '10536', 2, 'LKR', 30),
(537, '10537', 2, 'LKR', 50),
(538, '10538', 2, 'LKR', 50),
(539, '10539', 2, 'LKR', 30),
(540, '10540', 2, 'LKR', 35),
(541, '10541', 2, 'LKR', 35),
(542, '10542', 2, 'LKR', 40),
(543, '10543', 2, 'LKR', 42.5),
(544, '10544', 2, 'LKR', 40),
(545, '10545', 2, 'LKR', 30),
(546, '10546', 2, 'LKR', 40),
(547, '10547', 2, 'LKR', 42.5),
(548, '10548', 2, 'LKR', 35),
(549, '10549', 2, 'LKR', 55),
(550, '10550', 2, 'LKR', 450),
(551, '10551', 2, 'LKR', 520),
(552, '10552', 2, 'LKR', 350),
(553, '10553', 2, 'LKR', 37.5),
(554, '10554', 2, 'LKR', 42.5),
(555, '10555', 2, 'LKR', 40),
(556, '10556', 2, 'LKR', 40),
(557, '10557', 2, 'LKR', 45),
(558, '10558', 2, 'LKR', 40),
(559, '10559', 2, 'LKR', 45),
(560, '10560', 2, 'LKR', 45),
(561, '10561', 2, 'LKR', 45),
(562, '10562', 2, 'LKR', 40),
(563, '10563', 2, 'LKR', 40),
(564, '10564', 2, 'LKR', 40),
(565, '10565', 2, 'LKR', 45),
(566, '10566', 2, 'LKR', 40),
(567, '10567', 2, 'LKR', 40),
(568, '10568', 2, 'LKR', 50),
(569, '10569', 2, 'LKR', 325),
(570, '10570', 2, 'LKR', 175),
(571, '10571', 2, 'LKR', 175),
(572, '10572', 2, 'LKR', 175),
(573, '10573', 2, 'LKR', 175),
(574, '10574', 2, 'LKR', 175),
(575, '10575', 2, 'LKR', 175),
(576, '10576', 2, 'LKR', 175),
(577, '10577', 2, 'LKR', 175),
(578, '10578', 2, 'LKR', 175),
(579, '10579', 2, 'LKR', 175),
(580, '10580', 2, 'LKR', 175),
(581, '10581', 2, 'LKR', 150),
(582, '10582', 2, 'LKR', 150),
(583, '10583', 2, 'LKR', 150),
(584, '10584', 2, 'LKR', 150),
(585, '10585', 2, 'LKR', 150),
(586, '10586', 2, 'LKR', 150),
(587, '10587', 2, 'LKR', 100),
(588, '10588', 2, 'LKR', 100),
(589, '10589', 2, 'LKR', 100),
(590, '10590', 2, 'LKR', 100),
(591, '10591', 2, 'LKR', 47.5),
(592, '10592', 2, 'LKR', 52.5),
(593, '10593', 2, 'LKR', 45),
(594, '10594', 2, 'LKR', 52.5),
(595, '10595', 2, 'LKR', 52.5),
(596, '10596', 2, 'LKR', 30),
(597, '10597', 2, 'LKR', 32.5),
(598, '10598', 2, 'LKR', 50),
(599, '10599', 2, 'LKR', 52.5),
(600, '10600', 2, 'LKR', 52.5),
(601, '10601', 2, 'LKR', 50),
(602, '10602', 2, 'LKR', 52.5),
(603, '10603', 2, 'LKR', 52.5),
(604, '10604', 2, 'LKR', 52.5),
(605, '10605', 2, 'LKR', 52.5),
(606, '10606', 2, 'LKR', 52.5),
(607, '10607', 2, 'LKR', 52.5),
(608, '10608', 2, 'LKR', 52.5),
(609, '10609', 2, 'LKR', 52.5),
(610, '10610', 2, 'LKR', 67.5),
(611, '10611', 2, 'LKR', 67.5),
(612, '10612', 2, 'LKR', 67.5),
(613, '10613', 2, 'LKR', 67.5),
(614, '10614', 2, 'LKR', 52.5),
(615, '10615', 2, 'LKR', 52.5),
(616, '10616', 2, 'LKR', 70),
(617, '10617', 2, 'LKR', 70),
(618, '10618', 2, 'LKR', 70),
(619, '10619', 2, 'LKR', 62.5),
(620, '10620', 2, 'LKR', 90),
(621, '10621', 2, 'LKR', 75),
(622, '10622', 2, 'LKR', 75),
(623, '10623', 2, 'LKR', 125),
(624, '10624', 2, 'LKR', 32.5),
(625, '10625', 2, 'LKR', 17.5),
(626, '10626', 2, 'LKR', 17.5),
(627, '10627', 2, 'LKR', 17.5),
(628, '10628', 2, 'LKR', 20),
(629, '10629', 2, 'LKR', 20),
(630, '10630', 2, 'LKR', 20),
(631, '10631', 2, 'LKR', 20),
(632, '10632', 2, 'LKR', 20),
(633, '10633', 2, 'LKR', 20),
(634, '10634', 2, 'LKR', 20),
(635, '10635', 2, 'LKR', 20),
(636, '10636', 2, 'LKR', 75),
(637, '10637', 2, 'LKR', 75),
(638, '10638', 2, 'LKR', 55),
(639, '10639', 2, 'LKR', 55),
(640, '10640', 2, 'LKR', 55),
(641, '10641', 2, 'LKR', 55),
(642, '10642', 2, 'LKR', 52.5),
(643, '10643', 2, 'LKR', 45),
(644, '10644', 2, 'LKR', 45),
(645, '10645', 2, 'LKR', 52.5),
(646, '10646', 2, 'LKR', 52.5),
(647, '10647', 2, 'LKR', 35),
(648, '10648', 2, 'LKR', 40),
(649, '10649', 2, 'LKR', 40),
(650, '10650', 2, 'LKR', 40),
(651, '10651', 2, 'LKR', 65),
(652, '10652', 2, 'LKR', 60),
(653, '10653', 2, 'LKR', 60),
(654, '10654', 2, 'LKR', 60),
(655, '10655', 2, 'LKR', 60),
(656, '10656', 2, 'LKR', 60),
(657, '10657', 2, 'LKR', 75),
(658, '10658', 2, 'LKR', 60),
(659, '10659', 2, 'LKR', 60),
(660, '10660', 2, 'LKR', 60),
(661, '10661', 2, 'LKR', 70),
(662, '10662', 2, 'LKR', 105),
(663, '10663', 2, 'LKR', 390),
(664, '10664', 2, 'LKR', 390),
(665, '10665', 2, 'LKR', 390),
(666, '10666', 2, 'LKR', 390),
(667, '10667', 2, 'LKR', 390),
(668, '10668', 2, 'LKR', 390),
(669, '10669', 2, 'LKR', 390),
(670, '10670', 2, 'LKR', 390),
(671, '10671', 2, 'LKR', 390),
(672, '10672', 2, 'LKR', 390),
(673, '10673', 2, 'LKR', 390),
(674, '10674', 2, 'LKR', 390),
(675, '10675', 2, 'LKR', 390),
(676, '10676', 2, 'LKR', 390),
(677, '10677', 2, 'LKR', 390),
(678, '10678', 2, 'LKR', 390),
(679, '10679', 2, 'LKR', 390),
(680, '10680', 2, 'LKR', 390),
(681, '10681', 2, 'LKR', 390),
(682, '10682', 2, 'LKR', 390),
(683, '10683', 2, 'LKR', 390),
(684, '10684', 2, 'LKR', 390),
(685, '10685', 2, 'LKR', 390),
(686, '10686', 2, 'LKR', 390),
(687, '10687', 2, 'LKR', 390),
(688, '10688', 2, 'LKR', 390),
(689, '10689', 2, 'LKR', 390),
(690, '10690', 2, 'LKR', 390),
(691, '10691', 2, 'LKR', 390),
(692, '10692', 2, 'LKR', 390),
(693, '10693', 2, 'LKR', 390),
(694, '10694', 2, 'LKR', 390),
(695, '10695', 2, 'LKR', 390),
(696, '10696', 2, 'LKR', 390),
(697, '10697', 2, 'LKR', 390),
(698, '10698', 2, 'LKR', 390),
(699, '10699', 2, 'LKR', 390),
(700, '10700', 2, 'LKR', 1),
(701, '10701', 2, 'LKR', 2),
(702, '10702', 2, 'LKR', 1),
(703, '10703', 2, 'LKR', 2),
(704, '10704', 2, 'LKR', 900),
(705, '10705', 2, 'LKR', 900),
(706, '10706', 2, 'LKR', 765),
(707, '10707', 2, 'LKR', 750),
(708, '10708', 2, 'LKR', 900),
(709, '10709', 2, 'LKR', 900),
(710, '10710', 2, 'LKR', 900),
(711, '10711', 2, 'LKR', 520),
(712, '10712', 2, 'LKR', 520),
(713, '10713', 2, 'LKR', 520),
(714, '10714', 2, 'LKR', 520),
(715, '10715', 2, 'LKR', 520),
(716, '10716', 2, 'LKR', 520),
(717, '10717', 2, 'LKR', 520),
(718, '10718', 2, 'LKR', 520),
(719, '10719', 2, 'LKR', 520),
(720, '10720', 2, 'LKR', 1),
(721, '10721', 2, 'LKR', 1),
(722, '10722', 2, 'LKR', 1),
(723, '10723', 2, 'LKR', 720),
(724, '10724', 2, 'LKR', 390),
(725, '10725', 2, 'LKR', 560),
(726, '10726', 2, 'LKR', 560),
(727, '10727', 2, 'LKR', 590),
(728, '10728', 2, 'LKR', 490),
(729, '10729', 2, 'LKR', 560),
(730, '10730', 2, 'LKR', 390),
(731, '10731', 2, 'LKR', 390),
(732, '10732', 2, 'LKR', 560),
(733, '10733', 2, 'LKR', 590),
(734, '10734', 2, 'LKR', 560),
(735, '10735', 2, 'LKR', 560),
(736, '10736', 2, 'LKR', 590),
(737, '10737', 2, 'LKR', 590),
(738, '10738', 2, 'LKR', 520),
(739, '10739', 2, 'LKR', 490),
(740, '10740', 2, 'LKR', 590),
(741, '10741', 2, 'LKR', 590),
(742, '10742', 2, 'LKR', 675),
(743, '10743', 2, 'LKR', 1),
(744, '10744', 2, 'LKR', 1),
(745, '10745', 2, 'LKR', 1),
(746, '10746', 2, 'LKR', 800),
(747, '10747', 2, 'LKR', 1),
(748, '10748', 2, 'LKR', 1),
(749, '10749', 2, 'LKR', 720),
(750, '10750', 2, 'LKR', 490),
(751, '10751', 2, 'LKR', 490),
(752, '10752', 2, 'LKR', 490),
(753, '10753', 2, 'LKR', 490),
(754, '10754', 2, 'LKR', 490),
(755, '10755', 2, 'LKR', 540),
(756, '10756', 2, 'LKR', 540),
(757, '10757', 2, 'LKR', 540),
(758, '10758', 2, 'LKR', 420),
(759, '10759', 2, 'LKR', 740),
(760, '10760', 2, 'LKR', 1),
(761, '10761', 2, 'LKR', 675),
(762, '10762', 2, 'LKR', 1),
(763, '10763', 2, 'LKR', 675),
(764, '10764', 2, 'LKR', 675),
(765, '10765', 2, 'LKR', 190),
(766, '10766', 2, 'LKR', 150),
(767, '10767', 2, 'LKR', 125),
(768, '10768', 2, 'LKR', 200),
(769, '10769', 2, 'LKR', 175),
(770, '10770', 2, 'LKR', 45),
(771, '10771', 2, 'LKR', 175),
(772, '10772', 2, 'LKR', 680),
(773, '10773', 2, 'LKR', 680),
(774, '10774', 2, 'LKR', 680),
(775, '10775', 2, 'LKR', 680),
(776, '10776', 2, 'LKR', 680),
(777, '10777', 2, 'LKR', 680);

-- --------------------------------------------------------

--
-- Table structure for table `0_printers`
--

CREATE TABLE IF NOT EXISTS `0_printers` (
  `id` tinyint(3) unsigned NOT NULL,
  `name` varchar(20) COLLATE utf8_unicode_ci NOT NULL,
  `description` varchar(60) COLLATE utf8_unicode_ci NOT NULL,
  `queue` varchar(20) COLLATE utf8_unicode_ci NOT NULL,
  `host` varchar(40) COLLATE utf8_unicode_ci NOT NULL,
  `port` smallint(11) unsigned NOT NULL,
  `timeout` tinyint(3) unsigned NOT NULL
) ENGINE=InnoDB AUTO_INCREMENT=4 DEFAULT CHARSET=utf8 COLLATE=utf8_unicode_ci;

--
-- Dumping data for table `0_printers`
--

INSERT INTO `0_printers` (`id`, `name`, `description`, `queue`, `host`, `port`, `timeout`) VALUES
(1, 'QL500', 'Label printer', 'QL500', 'server', 127, 20),
(2, 'Samsung', 'Main network printer', 'scx4521F', 'server', 515, 5),
(3, 'fahry_print22', 'Local print server at user IP', 'lp', '', 515, 10);

-- --------------------------------------------------------

--
-- Table structure for table `0_print_profiles`
--

CREATE TABLE IF NOT EXISTS `0_print_profiles` (
  `id` smallint(6) unsigned NOT NULL,
  `profile` varchar(30) COLLATE utf8_unicode_ci NOT NULL,
  `report` varchar(5) COLLATE utf8_unicode_ci DEFAULT NULL,
  `printer` tinyint(3) unsigned DEFAULT NULL
) ENGINE=InnoDB AUTO_INCREMENT=11 DEFAULT CHARSET=utf8 COLLATE=utf8_unicode_ci;

--
-- Dumping data for table `0_print_profiles`
--

INSERT INTO `0_print_profiles` (`id`, `profile`, `report`, `printer`) VALUES
(1, 'Out of office', NULL, 0),
(2, 'Sales Department', NULL, 0),
(3, 'Central', NULL, 2),
(4, 'Sales Department', '104', 2),
(5, 'Sales Department', '105', 2),
(6, 'Sales Department', '107', 2),
(7, 'Sales Department', '109', 2),
(8, 'Sales Department', '110', 2),
(9, 'Sales Department', '201', 2),
(10, 'aaaaaaaaa', NULL, 3);

-- --------------------------------------------------------

--
-- Table structure for table `0_purch_data`
--

CREATE TABLE IF NOT EXISTS `0_purch_data` (
  `supplier_id` int(11) NOT NULL DEFAULT '0',
  `stock_id` char(20) COLLATE utf8_unicode_ci NOT NULL DEFAULT '',
  `price` double NOT NULL DEFAULT '0',
  `suppliers_uom` char(50) COLLATE utf8_unicode_ci NOT NULL DEFAULT '',
  `conversion_factor` double NOT NULL DEFAULT '1',
  `supplier_description` char(50) COLLATE utf8_unicode_ci NOT NULL DEFAULT ''
) ENGINE=InnoDB DEFAULT CHARSET=utf8 COLLATE=utf8_unicode_ci;

--
-- Dumping data for table `0_purch_data`
--

INSERT INTO `0_purch_data` (`supplier_id`, `stock_id`, `price`, `suppliers_uom`, `conversion_factor`, `supplier_description`) VALUES
(1, '10001', 41.16, '', 1, 'EARRING - 3-1'),
(1, '10002', 44.1, '', 1, 'EARRING - 3-2'),
(1, '10003', 47.04, '', 1, 'EARRING - 3-3'),
(1, '10004', 88.2, '', 1, 'BANGLE - 5-1'),
(1, '10005', 220.5, '', 1, 'BANGLE - 5-4'),
(1, '10006', 35.28, '', 1, 'BANGLE - 5-5'),
(1, '10007', 44.1, '', 1, 'BANGLE - 5-7'),
(1, '10008', 426.3, '', 1, 'NECKLACE SETS - 7-1'),
(1, '10009', 426.3, '', 1, 'NECKLACE SETS - 7-2'),
(1, '10010', 352.8, '', 1, 'WOOL BAND - 8-1'),
(1, '10011', 235.2, '', 1, 'WOOL BAND - 8-2'),
(1, '10012', 382.2, '', 1, 'WOOL BAND - 8-3'),
(1, '10013', 382.2, '', 1, 'WOOL BAND - 8-4'),
(1, '10014', 411.6, '', 1, 'WOOL BAND - 8-5'),
(1, '10015', 558.6, '', 1, 'WOOL BAND - 8-8'),
(1, '10016', 588, '', 1, 'WOOL BAND - 8-9'),
(1, '10017', 249.9, '', 1, 'WOOL BAND - 8-10'),
(1, '10018', 77.62, '', 1, 'HAIR CLIP - 10-4'),
(1, '10019', 70.56, '', 1, 'HAIR CLIP - 10-5'),
(1, '10020', 77.62, '', 1, 'HAIR CLIP - 10-11'),
(1, '10021', 119.95, '', 1, 'HAIR CLIP - 10-19'),
(1, '10022', 70.56, '', 1, 'HAIR CLIP - 10-20'),
(1, '10023', 222.26, '', 1, 'HAIR CLIP - 10-21'),
(1, '10024', 77.62, '', 1, 'HAIR CLIP - 10-22'),
(1, '10025', 63.5, '', 1, 'HAIR CLIP - 10-24'),
(1, '10026', 141.12, '', 1, 'HAIR CLIP - 10-25'),
(1, '10027', 155.82, '', 1, 'HAIR CLIP - 10-31'),
(1, '10028', 155.82, '', 1, 'HAIR CLIP - 10-32'),
(1, '10029', 264.6, '', 1, 'HAIR CLIP - 10-33'),
(1, '10030', 169.34, '', 1, 'HAIR CLIP - 10-34'),
(1, '10031', 82.32, '', 1, 'SOLER POWER - 30-1'),
(1, '10032', 176.4, '', 1, 'HAIR CLIP - 31-2'),
(1, '10033', 705.6, '', 1, 'HAIR CLIP - 32-6'),
(1, '10034', 382.2, '', 1, 'HAIR CLIP - 35-1'),
(1, '10035', 147, '', 1, 'HAIR CLIP - 35-4'),
(1, '10036', 235.2, '', 1, 'HAIR CLIP - 35-5'),
(1, '10037', 470.4, '', 1, 'HAIR CLIP - 35-10'),
(1, '10038', 441, '', 1, 'HAIR CLIP - 35-11'),
(1, '10039', 141.12, '', 1, 'HAIR CLIP - 36-1'),
(1, '10040', 720, '', 1, 'BROOCH - 32--2'),
(1, '10041', 936, '', 1, 'Wedding Purse - 2-1'),
(1, '10042', 253.5, '', 1, 'Purse - 5-2'),
(1, '10043', 304.2, '', 1, 'Ladies Purse - 6-1'),
(1, '10044', 304.2, '', 1, 'Hand Band - 6-2'),
(1, '10045', 124.8, '', 1, 'Ladies Purse - 7-9'),
(1, '10046', 140.4, '', 1, 'HAIR PEG - 11-2'),
(1, '10047', 140.4, '', 1, 'HAIR PEG - 11-3'),
(1, '10048', 294.84, '', 1, 'HAIR PEG - 11-7'),
(1, '10049', 84.24, '', 1, 'HAIR PEG - 11-8'),
(1, '10050', 248.04, '', 1, 'HAIR PEG - 11-12'),
(1, '10051', 271.44, '', 1, 'HAIR PEG - 11-14'),
(1, '10052', 93.6, '', 1, 'HAIR PEG - 11-18'),
(1, '10053', 102.96, '', 1, 'HAIR PEG - 11-20'),
(1, '10054', 585, '', 1, 'HAIR PEG - 11-22'),
(1, '10055', 514.8, '', 1, 'HAIR PEG - 11-23'),
(1, '10056', 126.36, '', 1, 'HAIR PEG - 11-24'),
(1, '10057', 56.16, '', 1, 'HAIR PEG - 11-27'),
(1, '10058', 121.68, '', 1, 'HAIR PEG - 11-33'),
(1, '10059', 173.16, '', 1, 'HAIR PEG - 11-37'),
(1, '10060', 173.16, '', 1, 'HAIR PEG - 11-38'),
(1, '10061', 196.56, '', 1, 'HAIR PEG - 11-41'),
(1, '10062', 294.84, '', 1, 'HAIR PEG - 11-47'),
(1, '10063', 102.96, '', 1, 'HAIR PEG - 11-50'),
(1, '10064', 102.96, '', 1, 'HAIR PEG - 11-51'),
(1, '10065', 187.2, '', 1, 'HAIR PEG - 11-54'),
(1, '10066', 93.6, '', 1, 'HAIR PEG - 11-55'),
(1, '10067', 280.8, '', 1, 'HAIR PEG - 11-56'),
(1, '10068', 65.52, '', 1, 'HAIR PEG - 11-57'),
(1, '10069', 205.92, '', 1, 'HAIR PEG - 11-58'),
(1, '10070', 842.4, '', 1, 'HAIR PEG - 11-61'),
(1, '10071', 468, '', 1, 'HAIR PEG - 11-62'),
(1, '10072', 84.24, '', 1, 'HAIR PEG - 11-65'),
(1, '10073', 248.04, '', 1, 'HAIR PEG - 11-66'),
(1, '10074', 370.5, '', 1, 'HAIR PEG - 11-70'),
(1, '10075', 444.6, '', 1, 'HAIR PEG - 11-72'),
(1, '10076', 468, '', 1, 'HAIR PEG - 11-73'),
(1, '10077', 421.2, '', 1, 'HAIR PEG - 11-74'),
(1, '10078', 655.2, '', 1, 'ELIS BAND - 11-76'),
(1, '10079', 468, '', 1, 'ELIS BAND - 11-79'),
(1, '10080', 538.2, '', 1, 'ELIS BAND - 11-80'),
(1, '10081', 538.2, '', 1, 'ELIS BAND - 11-81'),
(1, '10082', 631.8, '', 1, 'ELIS BAND - 11-82'),
(1, '10083', 351, '', 1, 'HAIR PEG - 11-83'),
(1, '10084', 140.4, '', 1, 'ELIS BAND - 11-88'),
(1, '10085', 3120, '', 1, 'RING - 12-1'),
(1, '10086', 31.2, '', 1, 'RING - 12-2'),
(1, '10087', 327.6, '', 1, 'BRESLET - 13-1'),
(1, '10088', 374.4, '', 1, 'BRESLET - 13-2'),
(1, '10089', 327.6, '', 1, 'BRESLET - 13-5'),
(1, '10090', 374.4, '', 1, 'BRESLET - 13-6'),
(1, '10091', 234, '', 1, 'BRESLET - 13-7'),
(1, '10092', 304.2, '', 1, 'BANGLE - 13-8'),
(1, '10093', 374.4, '', 1, 'BRESLET - 13-10'),
(1, '10094', 304.2, '', 1, 'BRESLET - 13-11'),
(1, '10095', 304.2, '', 1, 'BRESLET - 13-12'),
(1, '10096', 561.6, '', 1, 'BRESLET - 13-13'),
(1, '10097', 374.4, '', 1, 'BRESLET - 13-14'),
(1, '10098', 608.4, '', 1, 'BRESLET - 13-17'),
(1, '10099', 234, '', 1, 'BRESLET - 13-15'),
(1, '10100', 304.2, '', 1, 'BRESLET - 13-18'),
(1, '10101', 468, '', 1, 'BRESLET - 13-19'),
(1, '10102', 351, '', 1, 'BRESLET - 13-20'),
(1, '10103', 468, '', 1, 'BRESLET - 13-21'),
(1, '10104', 304.2, '', 1, 'BRESLET - 13-22'),
(1, '10105', 327.6, '', 1, 'BRESLET - 13-23'),
(1, '10106', 507, '', 1, 'EARING - 14-1'),
(1, '10107', 585, '', 1, 'EARING - 14-5'),
(1, '10108', 421.2, '', 1, 'BRESLET - 15-8'),
(1, '10109', 468, '', 1, 'BRESLET - 15-2'),
(1, '10110', 514.8, '', 1, 'BRESLET - 15-7'),
(1, '10111', 421.2, '', 1, 'BRESLET - 15-4'),
(1, '10112', 842.4, '', 1, 'BRESLET - 15-5'),
(1, '10113', 2574, '', 1, 'BRESLET - 15-6'),
(1, '10114', 234, '', 1, 'PABALU CHAIN - 16-1'),
(1, '10115', 234, '', 1, 'PABALU CHAIN - 16-2'),
(1, '10116', 390, '', 1, 'PABALU CHAIN - 16-3'),
(1, '10117', 390, '', 1, 'PABALU CHAIN - 16-4'),
(1, '10118', 304.2, '', 1, 'PABALU CHAIN - 16-5'),
(1, '10119', 292.5, '', 1, 'PABALU CHAIN - 16-6'),
(1, '10120', 292.5, '', 1, 'PABALU CHAIN - 16-7'),
(1, '10121', 214.5, '', 1, 'PABALU CHAIN - 16-8'),
(1, '10122', 214.5, '', 1, 'PABALU CHAIN - 16-9'),
(1, '10123', 234, '', 1, 'PABALU CHAIN - 16-10'),
(1, '10124', 234, '', 1, 'PABALU CHAIN - 16-11'),
(1, '10125', 234, '', 1, 'PABALU CHAIN - 16-12'),
(1, '10126', 795.6, '', 1, 'PABALU CHAIN - 16-13'),
(1, '10127', 655.2, '', 1, 'PABALU CHAIN - 16-16'),
(1, '10128', 561.6, '', 1, 'PABALU CHAIN - 16-17'),
(1, '10129', 655.2, '', 1, 'PABALU CHAIN - 16-18'),
(1, '10130', 561.6, '', 1, 'PABALU CHAIN - 16-19'),
(1, '10131', 561.6, '', 1, 'PABALU CHAIN - 16-20'),
(1, '10132', 234, '', 1, 'NECKLACE - 18-5'),
(1, '10133', 273, '', 1, 'NECKLACE - 18-17'),
(1, '10134', 292.5, '', 1, 'NECKLACE - 19-2'),
(1, '10135', 351, '', 1, 'HEAD BAND - 21-10'),
(1, '10136', 468, '', 1, 'HEAD BAND - 21-11'),
(1, '10137', 234, '', 1, 'WOOL BAND - 22-1'),
(1, '10138', 245.7, '', 1, 'WOOL BAND - 22-3'),
(1, '10139', 280.8, '', 1, 'WOOL BAND - 22-4'),
(1, '10140', 101.4, '', 1, 'WOOL BAND - 22-12'),
(1, '10141', 1170, '', 1, 'SAREE BROOCH - 23-24'),
(1, '10142', 1170, '', 1, 'SAREE BROOCH - 23-38'),
(1, '10143', 1170, '', 1, 'SAREE BROOCH - 23-44'),
(1, '10144', 1170, '', 1, 'SAREE BROOCH - 23-50'),
(1, '10145', 1170, '', 1, 'SAREE BROOCH - 23-51'),
(1, '10146', 1170, '', 1, 'SAREE BROOCH - 23-73'),
(1, '10147', 1170, '', 1, 'SAREE BROOCH - 23-74'),
(1, '10148', 468, '', 1, 'SAREE BROOCH - 23-99'),
(1, '10149', 468, '', 1, 'SAREE BROOCH - 23-100'),
(1, '10150', 468, '', 1, 'SAREE BROOCH - 23-101'),
(1, '10151', 468, '', 1, 'SAREE BROOCH - 23-102'),
(1, '10152', 468, '', 1, 'SAREE BROOCH - 23-103'),
(1, '10153', 468, '', 1, 'SAREE BROOCH - 23-104'),
(1, '10154', 468, '', 1, 'SAREE BROOCH - 23-105'),
(1, '10155', 468, '', 1, 'SAREE BROOCH - 23-106'),
(1, '10156', 327.6, '', 1, 'SAREE BROOCH - 23-107'),
(1, '10157', 327.6, '', 1, 'SAREE BROOCH - 23-108'),
(1, '10158', 327.6, '', 1, 'SAREE BROOCH - 23-110'),
(1, '10159', 327.6, '', 1, 'SAREE BROOCH - 23-111'),
(1, '10160', 327.6, '', 1, 'SAREE BROOCH - 23-112'),
(1, '10161', 1404, '', 1, 'HAIR PIN - 23-113'),
(1, '10162', 702, '', 1, 'SAREE BROOCH - 23-115'),
(1, '10163', 702, '', 1, 'SAREE BROOCH - 23-116'),
(1, '10164', 608.4, '', 1, 'HABAYA PIN - 23-118'),
(1, '10165', 608.4, '', 1, 'HABAYA PIN - 23-119'),
(1, '10166', 327.6, '', 1, 'SAREE BROOCH - 23-125'),
(1, '10167', 214.5, '', 1, 'WOOL BAND - 24-9'),
(1, '10168', 50.7, '', 1, 'HAIR PEG - 25-1'),
(1, '10169', 50.7, '', 1, 'HAIR PEG - 25-2'),
(1, '10170', 50.7, '', 1, 'HAIR PEG - 25-3'),
(1, '10171', 50.7, '', 1, 'HAIR PEG - 25-4'),
(1, '10172', 50.7, '', 1, 'HAIR PEG - 25-5'),
(1, '10173', 48.75, '', 1, 'HAIR PEG - 25-6'),
(1, '10174', 31.2, '', 1, 'HAIR CLIP - 26-2'),
(1, '10175', 23.4, '', 1, 'HAIR CLIP - 26-7'),
(1, '10176', 64.35, '', 1, 'HAIR CLIP - 26-9'),
(1, '10177', 23.4, '', 1, 'HAIR CLIP - 26-10'),
(1, '10178', 23.4, '', 1, 'HAIR CLIP - 26-11'),
(1, '10179', 54.6, '', 1, 'HAIR CLIP - 26-12'),
(1, '10180', 78, '', 1, 'HAIR CLIP - 26-14'),
(1, '10181', 78, '', 1, 'HAIR CLIP - 26-15'),
(1, '10182', 175.5, '', 1, 'HAIR CLIP - 26-17'),
(1, '10183', 46.8, '', 1, 'HAIR CLIP - 26-20'),
(1, '10184', 39, '', 1, 'HAIR CLIP - 26-23'),
(1, '10185', 46.8, '', 1, 'HAIR CLIP - 26-25'),
(1, '10186', 39, '', 1, 'HAIR CLIP - 26-27'),
(1, '10187', 39, '', 1, 'HAIR CLIP - 26-29'),
(1, '10188', 39, '', 1, 'HAIR CLIP - 26-30'),
(1, '10189', 35.1, '', 1, 'HAIR CLIP - 26-32'),
(1, '10190', 46.8, '', 1, 'HAIR CLIP - 26-33'),
(1, '10191', 46.8, '', 1, 'HAIR CLIP - 26-34'),
(1, '10192', 101.4, '', 1, 'BELTS - 27'),
(1, '10193', 269.7, '', 1, 'SARI BROOCH - I001'),
(1, '10194', 250.13, '', 1, 'SARI BROOCH - I002'),
(1, '10195', 261, '', 1, 'SARI BROOCH - I003'),
(1, '10196', 269.7, '', 1, 'SARI BROOCH - I004'),
(1, '10197', 239.25, '', 1, 'SARI BROOCH - I006'),
(1, '10198', 282.75, '', 1, 'SARI BROOCH - I007'),
(1, '10199', 141.38, '', 1, 'SARI BROOCH - I008'),
(1, '10200', 152.25, '', 1, 'SARI BROOCH - I009'),
(1, '10201', 72.5, '', 1, 'SARI BROOCH - I010'),
(1, '10202', 139.2, '', 1, 'SARI BROOCH - I011'),
(1, '10203', 152.25, '', 1, 'SARI BROOCH - I012'),
(1, '10204', 247.95, '', 1, 'SARI BROOCH - I013'),
(1, '10205', 152.25, '', 1, 'SARI BROOCH - I014'),
(1, '10206', 287.1, '', 1, 'SARI BROOCH - I015'),
(1, '10207', 330.6, '', 1, 'SARI BROOCH - I016'),
(1, '10208', 182.7, '', 1, 'EARING - I017'),
(1, '10209', 121.8, '', 1, 'EARING - I018'),
(1, '10210', 261, '', 1, 'EARING - I019'),
(1, '10211', 287.1, '', 1, 'EARING - I021'),
(1, '10212', 87, '', 1, 'EARING - I022'),
(1, '10213', 152.25, '', 1, 'EARING - I023'),
(1, '10214', 152.25, '', 1, 'EARING - I024'),
(1, '10215', 87, '', 1, 'HAIR PEG - I026'),
(1, '10216', 52.2, '', 1, 'SLIDE - I035'),
(1, '10217', 73.95, '', 1, 'SLIDE - I036'),
(1, '10218', 65.25, '', 1, 'SLIDE - I038'),
(1, '10219', 65.25, '', 1, 'SLIDE - I039'),
(1, '10220', 16.31, '', 1, 'KEY TAG - I040'),
(1, '10221', 68.88, '', 1, 'HAIR ORNAMENT - I055'),
(1, '10222', 97.88, '', 1, 'SLIDE - I056'),
(1, '10223', 50.75, '', 1, 'HAIR ORNAMENT - I058'),
(1, '10224', 58, '', 1, 'SARI BROOCH - I060'),
(1, '10225', 29, '', 1, 'HAIR ORNAMENT - I062'),
(1, '10226', 54.38, '', 1, 'HAIR ORNAMENT - I065'),
(1, '10227', 39.88, '', 1, 'HAIR ORNAMENT - I066'),
(1, '10228', 65.25, '', 1, 'SLIDE - I075'),
(1, '10229', 130.5, '', 1, 'SLIDE - I076'),
(1, '10230', 65.25, '', 1, 'SLIDE - I080'),
(1, '10231', 97.88, '', 1, 'SLIDE - I081'),
(1, '10232', 65.25, '', 1, 'SLIDE - I082'),
(1, '10233', 65.25, '', 1, 'SLIDE - I083'),
(1, '10234', 73.95, '', 1, 'SLIDE - I084'),
(1, '10235', 73.95, '', 1, 'SLIDE - I085'),
(1, '10236', 123.25, '', 1, 'WOOL BAND - I090'),
(1, '10237', 280, '', 1, 'BROOCH - I128'),
(1, '10238', 35.7, '', 1, 'SLIDE - I130'),
(1, '10239', 39.9, '', 1, 'SLIDE - I131'),
(1, '10240', 30, '', 1, 'HAIR CLIP - 184-2'),
(2, '10241', 176, '', 1, 'Gents Purse - S4-1'),
(2, '10242', 384, '', 1, 'Purse - S5-1'),
(2, '10243', 384, '', 1, 'Purse - S5-2'),
(2, '10244', 416, '', 1, 'Purse - S5-3'),
(2, '10245', 416, '', 1, 'Purse - S5-4'),
(2, '10246', 416, '', 1, 'Purse - S5-5'),
(2, '10247', 416, '', 1, 'Purse - S5-6'),
(2, '10248', 448, '', 1, 'Purse - S5-7'),
(2, '10249', 432, '', 1, 'Purse - S5-9'),
(2, '10250', 304, '', 1, 'Purse - S5-10'),
(2, '10251', 416, '', 1, 'Purse - S5-11'),
(2, '10252', 288, '', 1, 'Purse - S5-12'),
(2, '10253', 352, '', 1, 'Purse - S5-13'),
(2, '10254', 304, '', 1, 'Purse - S5-14'),
(2, '10255', 528, '', 1, 'Purse - S5-15'),
(2, '10256', 400, '', 1, 'Purse - S5-16'),
(2, '10257', 560, '', 1, 'Purse - S5-19'),
(2, '10258', 448, '', 1, 'Purse - S5-21'),
(2, '10259', 400, '', 1, 'Purse - S5-22'),
(2, '10260', 400, '', 1, 'Purse - S5-24'),
(2, '10261', 217.6, '', 1, 'Purse - S6-1'),
(2, '10262', 217.6, '', 1, 'Purse - S6-2'),
(2, '10263', 217.6, '', 1, 'Purse - S6-3'),
(2, '10264', 624, '', 1, 'Purse - S6-16'),
(2, '10265', 345.6, '', 1, 'Purse - S6-12'),
(2, '10266', 496, '', 1, 'Purse - S6-13'),
(2, '10267', 1440, '', 1, 'Ladies Bag - S7-1'),
(2, '10268', 1536, '', 1, 'Ladies Bag - S7-10'),
(2, '10269', 1760, '', 1, 'Ladies Bag - S7-16'),
(2, '10270', 1760, '', 1, 'Ladies Bag - S8-3'),
(2, '10271', 1760, '', 1, 'Ladies Bag - S8-4'),
(2, '10272', 1472, '', 1, 'Ladies Bag - S8-5'),
(2, '10273', 1760, '', 1, ''),
(2, '10274', 2016, '', 1, 'Ladies Bag - S9-4'),
(2, '10275', 1760, '', 1, 'Ladies Bag - S9-5'),
(2, '10276', 1760, '', 1, 'Ladies Bag - S9-6'),
(2, '10277', 1792, '', 1, 'Ladies Bag - S9-7'),
(2, '10278', 464, '', 1, 'Purse - S10-1'),
(2, '10279', 464, '', 1, 'Purse - S10-3'),
(2, '10280', 464, '', 1, 'Purse - S10-6'),
(2, '10281', 464, '', 1, 'Purse - S10-8'),
(2, '10282', 464, '', 1, 'Purse - S10-10'),
(2, '10283', 464, '', 1, 'Purse - S10-11'),
(2, '10284', 416, '', 1, 'Purse - S11-1'),
(2, '10285', 432, '', 1, 'Purse - S11-2'),
(2, '10286', 416, '', 1, 'Purse - S11-3'),
(2, '10287', 432, '', 1, 'Purse - S11-4'),
(2, '10288', 432, '', 1, 'Purse - S11-5'),
(2, '10289', 416, '', 1, 'Purse - S11-6'),
(2, '10290', 416, '', 1, 'Purse - S11-7'),
(2, '10291', 176, '', 1, 'Gents Purse - S12-1'),
(2, '10292', 224, '', 1, 'Gents Purse - S12-2'),
(2, '10293', 224, '', 1, 'Gents Purse - S12-3'),
(2, '10294', 224, '', 1, 'Gents Purse - S12-4'),
(2, '10295', 224, '', 1, 'Gents Purse - S12-5'),
(2, '10296', 224, '', 1, 'Gents Purse - S12-6'),
(2, '10297', 448, '', 1, 'Purse - S13-1'),
(2, '10298', 480, '', 1, 'Purse - S13-2'),
(2, '10299', 448, '', 1, 'Purse - S13-3'),
(2, '10300', 448, '', 1, 'Purse - S13-4'),
(2, '10301', 480, '', 1, 'Purse - S13-5'),
(2, '10302', 448, '', 1, 'Purse - S13-6'),
(2, '10303', 352, '', 1, 'Purse - S13-7'),
(2, '10304', 448, '', 1, 'Purse - S13-8'),
(2, '10305', 448, '', 1, 'Purse - S13-9'),
(2, '10306', 448, '', 1, 'Purse - S13-10'),
(2, '10307', 448, '', 1, 'Purse - S13-11'),
(2, '10308', 448, '', 1, 'Purse - S13-12'),
(2, '10309', 240, '', 1, 'Purse - S13-13'),
(2, '10310', 480, '', 1, 'Purse - S14-1'),
(2, '10311', 480, '', 1, 'Purse - S14-2'),
(2, '10312', 480, '', 1, 'Purse - S14-3'),
(2, '10313', 512, '', 1, 'Purse - S14-4'),
(2, '10314', 480, '', 1, 'Purse - S14-5'),
(2, '10315', 480, '', 1, 'Purse - S14-6'),
(2, '10316', 480, '', 1, 'Purse - S14-7'),
(2, '10317', 512, '', 1, 'Purse - S14-8'),
(2, '10318', 512, '', 1, 'Purse - S14-9'),
(2, '10319', 1120, '', 1, 'Gents Purse - S15-13'),
(2, '10320', 1120, '', 1, 'Gents Purse - S15-14'),
(2, '10321', 1152, '', 1, 'Gents Purse - S15-11'),
(2, '10322', 1440, '', 1, 'Gents Purse - S15-12'),
(2, '10323', 1056, '', 1, 'Gents Purse - S15-15'),
(2, '10324', 1120, '', 1, 'Gents Purse - S15-16'),
(2, '10325', 240, '', 1, 'Purse - S15-21'),
(2, '10326', 608, '', 1, 'Purse - S15-22'),
(2, '10327', 304, '', 1, 'Purse - S15-23'),
(2, '10328', 249.6, '', 1, 'Purse - S15-25'),
(2, '10329', 704, '', 1, 'Purse - S15-26'),
(2, '10330', 272, '', 1, 'Purse - S16-1'),
(2, '10331', 304, '', 1, 'Purse - S16-2'),
(2, '10332', 137.6, '', 1, 'Purse - S16-3'),
(2, '10333', 272, '', 1, 'Purse - S16-4'),
(2, '10334', 249.6, '', 1, 'Purse - S16-5'),
(2, '10335', 185.6, '', 1, 'Purse - S16-6'),
(2, '10336', 185.6, '', 1, 'Purse - S16-7'),
(2, '10337', 384, '', 1, 'Purse - S16-8'),
(2, '10338', 249.6, '', 1, 'Purse - S16-9'),
(2, '10339', 320, '', 1, 'Purse - S16-12'),
(2, '10340', 288, '', 1, 'Purse - S16-13'),
(2, '10341', 256, '', 1, 'Purse - S16-14'),
(2, '10342', 27.2, '', 1, 'Serviets - S17-18'),
(2, '10343', 89.6, '', 1, 'Serviets - S17-3'),
(2, '10344', 21.76, '', 1, 'Serviets - S17-5'),
(2, '10345', 32, '', 1, 'Serviets - S17-6'),
(2, '10346', 89.6, '', 1, 'Serviets - S17-7'),
(2, '10347', 13.44, '', 1, 'Serviets - S17-9'),
(2, '10348', 54.4, '', 1, 'Serviets - S17-11'),
(2, '10349', 24.96, '', 1, 'Serviets - S17-13'),
(2, '10350', 64, '', 1, 'Serviets - S17-15'),
(2, '10351', 24.96, '', 1, 'Serviets - S17-19'),
(2, '10352', 30.4, '', 1, 'Serviets - S18-1'),
(2, '10353', 21.44, '', 1, 'Serviets - S18-2'),
(2, '10354', 12.48, '', 1, 'Serviets - S18-3'),
(2, '10355', 14.4, '', 1, 'Serviets - S18-4'),
(2, '10356', 25.6, '', 1, 'Serviets - S18-5'),
(2, '10357', 19.2, '', 1, 'Serviets - S18-6'),
(2, '10358', 12.48, '', 1, 'Serviets - S18-7'),
(2, '10359', 12.48, '', 1, 'Serviets - S18-8'),
(2, '10360', 38.4, '', 1, 'Serviets - S18-9'),
(2, '10361', 44.8, '', 1, 'Serviets - S18-10'),
(2, '10362', 60.8, '', 1, 'Serviets - S18-11'),
(3, '10363', 342, '', 1, 'SIDE PURSE - H1-1'),
(3, '10364', 378, '', 1, 'SIDE PURSE - H1-3'),
(3, '10365', 378, '', 1, 'SIDE PURSE - H1-4'),
(3, '10366', 378, '', 1, 'SIDE PURSE - H1-6'),
(3, '10367', 450, '', 1, 'SIDE PURSE - H1-8'),
(3, '10368', 378, '', 1, 'SIDE PURSE - H1-9'),
(3, '10369', 288, '', 1, 'SIDE PURSE - H1-11'),
(3, '10370', 288, '', 1, 'SIDE PURSE - H1-12'),
(3, '10371', 378, '', 1, 'SIDE PURSE - H1-13'),
(3, '10372', 1728, '', 1, 'HAND BAG - H3-4'),
(3, '10373', 543.96, '', 1, 'PURSE - H5-2'),
(3, '10374', 543.96, '', 1, 'PURSE - H5-3'),
(3, '10375', 543.96, '', 1, 'PURSE - H5-4'),
(3, '10376', 702, '', 1, 'PURSE - H4-1'),
(3, '10377', 702, '', 1, 'PURSE - H4-3'),
(3, '10378', 702, '', 1, 'PURSE - H4-4'),
(3, '10379', 702, '', 1, 'PURSE - H4-5'),
(3, '10380', 702, '', 1, 'PURSE - H4-6'),
(3, '10381', 702, '', 1, 'PURSE - H4-7'),
(3, '10382', 702, '', 1, 'PURSE - H4-9'),
(3, '10383', 702, '', 1, 'PURSE - H4-10'),
(3, '10384', 702, '', 1, 'PURSE - H4-11'),
(3, '10385', 702, '', 1, 'PURSE - H4-12'),
(3, '10386', 990, '', 1, 'SIDE BAG - H4-19'),
(3, '10387', 1026, '', 1, 'SIDE BAG - H4-23'),
(3, '10388', 468, '', 1, 'PURSE - H6-1'),
(3, '10389', 396, '', 1, 'PURSE - H6-3'),
(3, '10390', 468, '', 1, 'PURSE - H6-5'),
(3, '10391', 468, '', 1, 'PURSE - H6-6'),
(3, '10392', 540, '', 1, 'SIDE BAG - H6-8'),
(3, '10393', 540, '', 1, 'SIDE BAG - H6-9'),
(3, '10394', 504, '', 1, 'SIDE BAG - H6-10'),
(3, '10395', 1512, '', 1, 'HAND BAG - H9-2'),
(3, '10396', 2088, '', 1, 'HAND BAG - H9-3'),
(3, '10397', 1872, '', 1, 'HAND BAG - H9-4'),
(3, '10398', 2232, '', 1, 'HAND BAG - H9-5'),
(3, '10399', 2232, '', 1, 'HAND BAG - H9-7'),
(3, '10400', 2088, '', 1, 'HAND BAG - H9-8'),
(3, '10401', 2232, '', 1, 'HAND BAG - H9-9'),
(3, '10402', 1512, '', 1, 'HAND BAG - H9-11'),
(3, '10403', 2232, '', 1, 'HAND BAG - H9-12'),
(3, '10404', 324, '', 1, 'PURSE - H11-1'),
(3, '10405', 324, '', 1, 'PURSE - H11-3'),
(3, '10406', 1080, '', 1, 'SIDE BAG - H11-11'),
(3, '10407', 1116, '', 1, 'SIDE BAG - H11-12'),
(3, '10408', 504, '', 1, 'PURSE - H12-1'),
(3, '10409', 486, '', 1, 'PURSE - H12-2'),
(3, '10410', 486, '', 1, 'PURSE - H12-3'),
(3, '10411', 720, '', 1, 'PURSE - H12-4'),
(3, '10412', 684, '', 1, 'PURSE - H12-5'),
(3, '10413', 684, '', 1, 'PURSE - H12-6'),
(3, '10414', 558, '', 1, 'PURSE - H12-7'),
(3, '10415', 684, '', 1, 'PURSE - H12-10'),
(3, '10416', 684, '', 1, 'PURSE - H12-12'),
(3, '10417', 684, '', 1, 'PURSE - H12-11'),
(3, '10418', 396, '', 1, 'PURSE - H12-13'),
(3, '10419', 432, '', 1, 'PURSE - H12-15'),
(3, '10420', 432, '', 1, 'PURSE - H12-16'),
(3, '10421', 432, '', 1, 'PURSE - H12-17'),
(3, '10422', 432, '', 1, 'PURSE - H12-18'),
(3, '10423', 432, '', 1, 'PURSE - H12-19'),
(3, '10424', 432, '', 1, 'PURSE - H12-22'),
(3, '10425', 396, '', 1, 'PURSE - H12-24'),
(3, '10426', 396, '', 1, 'PURSE - H12-25'),
(3, '10427', 396, '', 1, 'PURSE - H12-26'),
(3, '10428', 396, '', 1, 'PURSE - H12-27'),
(3, '10429', 396, '', 1, 'PURSE - H12-28'),
(3, '10430', 396, '', 1, 'PURSE - H12-29'),
(3, '10431', 396, '', 1, 'PURSE - H12-30'),
(3, '10432', 396, '', 1, 'PURSE - H12-32'),
(3, '10433', 396, '', 1, 'PURSE - H12-33'),
(3, '10434', 396, '', 1, 'PURSE - H12-35'),
(3, '10435', 396, '', 1, 'PURSE - H12-38'),
(3, '10436', 720, '', 1, 'PURSE - H12-41'),
(3, '10437', 324, '', 1, 'PURSE - H12-43'),
(3, '10438', 324, '', 1, 'PURSE - H12-47'),
(3, '10439', 468, '', 1, 'PURSE - H13-5'),
(3, '10440', 576, '', 1, 'PURSE - H13-6'),
(3, '10441', 576, '', 1, 'PURSE - H13-7'),
(3, '10442', 576, '', 1, 'PURSE - H13-8'),
(3, '10443', 576, '', 1, 'PURSE - H13-9'),
(3, '10444', 576, '', 1, 'PURSE - H13-10'),
(3, '10445', 540, '', 1, 'SIDE BAG - H13-13'),
(3, '10446', 360, '', 1, 'PURSE - H13-16'),
(3, '10447', 360, '', 1, 'PURSE - H13-17'),
(3, '10448', 360, '', 1, 'PURSE - H13-18'),
(3, '10449', 540, '', 1, 'PURSE - H14-1'),
(3, '10450', 540, '', 1, 'PURSE - H14-2'),
(3, '10451', 540, '', 1, 'PURSE - H14-3'),
(3, '10452', 540, '', 1, 'PURSE - H14-4'),
(3, '10453', 414, '', 1, 'PURSE - H14-5'),
(3, '10454', 396, '', 1, 'PURSE - H16-1'),
(3, '10455', 378, '', 1, 'PURSE - H16-2'),
(3, '10456', 432, '', 1, 'PURSE - H16-4'),
(3, '10457', 450, '', 1, 'PURSE - H16-5'),
(3, '10458', 468, '', 1, 'PURSE - H16-6'),
(3, '10459', 576, '', 1, 'PURSE - H17-1'),
(3, '10460', 468, '', 1, 'PURSE - H17-2'),
(3, '10461', 468, '', 1, 'PURSE - H17-3'),
(3, '10462', 450, '', 1, 'PURSE - H17-4'),
(3, '10463', 288, '', 1, 'PURSE - H18-1'),
(3, '10464', 360, '', 1, 'PURSE - H19-1'),
(3, '10465', 298.8, '', 1, 'PURSE - H19-2'),
(3, '10466', 342, '', 1, 'PURSE - H19-4'),
(3, '10467', 306, '', 1, 'PURSE - H19-5'),
(3, '10468', 306, '', 1, 'PURSE - H19-6'),
(3, '10469', 522, '', 1, 'PURSE - H19-7'),
(3, '10470', 46.8, '', 1, 'SERVIET - H20-1'),
(3, '10471', 54, '', 1, 'SERVIET - H20-2'),
(3, '10472', 64.8, '', 1, 'SERVIET - H20-3'),
(3, '10473', 64.8, '', 1, 'SERVIET - H20-4'),
(3, '10474', 46.8, '', 1, 'SERVIET - H20-5'),
(3, '10475', 25.2, '', 1, 'SERVIET - H20-6'),
(3, '10476', 18, '', 1, 'SERVIET - H20-7'),
(3, '10477', 21.6, '', 1, 'SERVIET - H20-8'),
(3, '10478', 54, '', 1, 'SERVIET - H20-9'),
(3, '10479', 46.8, '', 1, 'SERVIET - H20-10'),
(3, '10480', 54, '', 1, 'SERVIET - H20-11'),
(3, '10481', 57.6, '', 1, 'SERVIET - H20-12'),
(3, '10482', 28.8, '', 1, 'SERVIET - H20-13'),
(3, '10483', 18, '', 1, 'SERVIET - H20-14'),
(3, '10484', 54, '', 1, 'SERVIET - H20-15'),
(3, '10485', 46.8, '', 1, 'SERVIET - H20-16'),
(3, '10486', 46.8, '', 1, 'SERVIET - H20-18'),
(3, '10487', 46.8, '', 1, 'SERVIET - H20-19'),
(3, '10488', 21.6, '', 1, 'SERVIET - H20-20'),
(3, '10489', 18, '', 1, 'SERVIET - H20-21'),
(3, '10490', 72, '', 1, 'SERVIET - H20-23'),
(3, '10491', 50.4, '', 1, 'SERVIET - H22-1'),
(3, '10492', 46.8, '', 1, 'SERVIET - H22-2'),
(3, '10493', 34.2, '', 1, 'SERVIET - H22-3'),
(3, '10494', 34.2, '', 1, 'SERVIET - H22-6'),
(3, '10495', 18, '', 1, 'SERVIET - H22-8'),
(3, '10496', 16.2, '', 1, 'SERVIET - H22-9'),
(4, '10497', 30.4, '', 1, 'WOOL BAND - Y1-1'),
(4, '10498', 32.3, '', 1, 'WOOL BAND - Y1-3'),
(4, '10499', 20.9, '', 1, 'WOOL BAND - Y1-4'),
(4, '10500', 26.6, '', 1, 'WOOL BAND - Y1-5'),
(4, '10501', 32.3, '', 1, 'WOOL BAND - Y1-7'),
(4, '10502', 17.1, '', 1, 'WOOL BAND - Y1-8'),
(4, '10503', 32.3, '', 1, 'WOOL BAND - Y1-9'),
(4, '10504', 24.7, '', 1, 'WOOL BAND - Y1-10'),
(4, '10505', 20.9, '', 1, 'WOOL BAND - Y1-11'),
(4, '10506', 38, '', 1, 'WOOL BAND - Y1-12'),
(4, '10507', 20.9, '', 1, 'WOOL BAND - Y1-14'),
(4, '10508', 19, '', 1, 'WOOL BAND - Y1-15'),
(4, '10509', 24.7, '', 1, 'WOOL BAND - Y1-16'),
(4, '10510', 32.3, '', 1, 'WOOL BAND - Y1-17'),
(4, '10511', 34.2, '', 1, 'WOOL BAND - Y1-18'),
(4, '10512', 32.3, '', 1, 'WOOL BAND - Y1-19'),
(4, '10513', 38, '', 1, 'WOOL BAND - Y1-20'),
(4, '10514', 32.3, '', 1, 'WOOL BAND - Y1-21'),
(4, '10515', 30.4, '', 1, 'WOOL BAND - Y1-22'),
(4, '10516', 38, '', 1, 'WOOL BAND - Y1-23'),
(4, '10517', 19, '', 1, 'WOOL BAND - Y1-24'),
(4, '10518', 53.2, '', 1, 'WOOL BAND - Y1-25'),
(4, '10519', 9.5, '', 1, 'WOOL BAND - Y1-26'),
(4, '10520', 197.6, '', 1, 'WOOL BAND - Y1-27'),
(4, '10521', 197.6, '', 1, 'WOOL BAND - Y1-28'),
(4, '10522', 171, '', 1, 'WOOL BAND - Y1-30'),
(4, '10523', 114, '', 1, 'KEY TAG - Y3-1'),
(4, '10524', 171, '', 1, 'KEY TAG - Y3-2'),
(4, '10525', 171, '', 1, 'KEY TAG - Y3-3'),
(4, '10526', 247, '', 1, 'KEY TAG - Y3-4'),
(4, '10527', 209, '', 1, 'KEY TAG - Y3-5'),
(4, '10528', 68.4, '', 1, 'KEY TAG - Y3-9'),
(4, '10529', 171, '', 1, 'SAREE BROOCH - Y5-1'),
(4, '10530', 133, '', 1, 'SAREE BROOCH - Y5-2'),
(4, '10531', 22.8, '', 1, 'WOOL BAND - Y6-1'),
(4, '10532', 38, '', 1, 'WOOL BAND - Y6-2'),
(4, '10533', 38, '', 1, 'WOOL BAND - Y6-3'),
(4, '10534', 15.2, '', 1, 'WOOL BAND - Y6-6'),
(4, '10535', 38, '', 1, 'WOOL BAND - Y6-7'),
(4, '10536', 22.8, '', 1, 'WOOL BAND - Y6-8'),
(4, '10537', 38, '', 1, 'WOOL BAND - Y6-9'),
(4, '10538', 38, '', 1, 'WOOL BAND - Y6-10'),
(4, '10539', 22.8, '', 1, 'WOOL BAND - Y6-11'),
(4, '10540', 26.6, '', 1, 'WOOL BAND - Y6-13'),
(4, '10541', 26.6, '', 1, 'WOOL BAND - Y6-14'),
(4, '10542', 30.4, '', 1, 'WOOL BAND - Y6-16'),
(4, '10543', 32.3, '', 1, 'WOOL BAND - Y6-17'),
(4, '10544', 30.4, '', 1, 'WOOL BAND - Y6-19'),
(4, '10545', 22.8, '', 1, 'WOOL BAND - Y6-20'),
(4, '10546', 30.4, '', 1, 'WOOL BAND - Y6-21'),
(4, '10547', 32.3, '', 1, 'WOOL BAND - Y6-22'),
(4, '10548', 26.6, '', 1, 'WOOL BAND - Y6-24'),
(4, '10549', 41.8, '', 1, 'WOOL BAND - Y6-25'),
(4, '10550', 342, '', 1, 'BABY CLIP - Y8-3'),
(4, '10551', 380, '', 1, 'BABY CLIP - Y8-4'),
(4, '10552', 266, '', 1, 'BABY CLIP - Y8-5'),
(4, '10553', 29.64, '', 1, 'WOOL BAND - Y9-2'),
(4, '10554', 32.3, '', 1, 'WOOL BAND - Y9-3'),
(4, '10555', 30.4, '', 1, 'WOOL BAND - Y9-4'),
(4, '10556', 31.16, '', 1, 'WOOL BAND - Y9-5'),
(4, '10557', 33.44, '', 1, 'WOOL BAND - Y9-6'),
(4, '10558', 31.16, '', 1, 'WOOL BAND - Y9-8'),
(4, '10559', 33.44, '', 1, 'WOOL BAND - Y9-9'),
(4, '10560', 33.44, '', 1, 'WOOL BAND - Y9-10'),
(4, '10561', 34.2, '', 1, 'WOOL BAND - Y9-11'),
(4, '10562', 31.16, '', 1, 'WOOL BAND - Y9-12'),
(4, '10563', 31.16, '', 1, 'WOOL BAND - Y9-14'),
(4, '10564', 31.16, '', 1, 'WOOL BAND - Y9-15'),
(4, '10565', 34.2, '', 1, 'WOOL BAND - Y9-16'),
(4, '10566', 31.16, '', 1, 'WOOL BAND - Y9-17'),
(4, '10567', 31.16, '', 1, 'WOOL BAND - Y9-18'),
(4, '10568', 38, '', 1, 'WOOL BAND - Y9-20'),
(4, '10569', 247, '', 1, 'SAREE BROOCH - Y10-1'),
(4, '10570', 133, '', 1, 'SAREE BROOCH - Y10-8'),
(4, '10571', 133, '', 1, 'SAREE BROOCH - Y10-9'),
(4, '10572', 133, '', 1, 'SAREE BROOCH - Y10-10'),
(4, '10573', 133, '', 1, 'SAREE BROOCH - Y10-11'),
(4, '10574', 133, '', 1, 'SAREE BROOCH - Y10-12'),
(4, '10575', 133, '', 1, 'SAREE BROOCH - Y10-13'),
(4, '10576', 133, '', 1, 'SAREE BROOCH - Y10-14'),
(4, '10577', 133, '', 1, 'SAREE BROOCH - Y10-15'),
(4, '10578', 133, '', 1, 'SAREE BROOCH - Y10-16'),
(4, '10579', 133, '', 1, 'SAREE BROOCH - Y10-17'),
(4, '10580', 133, '', 1, 'SAREE BROOCH - Y10-18'),
(4, '10581', 114, '', 1, 'SAREE BROOCH - Y10-20'),
(4, '10582', 114, '', 1, 'SAREE BROOCH - Y10-22'),
(4, '10583', 114, '', 1, 'SAREE BROOCH - Y10-23'),
(4, '10584', 114, '', 1, 'SAREE BROOCH - Y10-24'),
(4, '10585', 114, '', 1, 'SAREE BROOCH - Y10-26'),
(4, '10586', 114, '', 1, 'SAREE BROOCH - Y10-27'),
(4, '10587', 76, '', 1, 'SAREE BROOCH - Y10-30'),
(4, '10588', 76, '', 1, 'SAREE BROOCH - Y10-31'),
(4, '10589', 76, '', 1, 'SAREE BROOCH - Y10-32'),
(4, '10590', 76, '', 1, 'SAREE BROOCH - Y10-33'),
(4, '10591', 36.1, '', 1, 'HAIR PIN - Y12-1'),
(4, '10592', 39.9, '', 1, 'HAIR PIN - Y12-2'),
(4, '10593', 34.2, '', 1, 'HAIR PIN - Y12-3'),
(4, '10594', 39.9, '', 1, 'HAIR PIN - Y12-4'),
(4, '10595', 39.9, '', 1, 'HAIR PIN - Y12-5'),
(4, '10596', 22.8, '', 1, 'HAIR PIN - Y12-7'),
(4, '10597', 24.7, '', 1, 'HAIR PIN - Y12-9'),
(4, '10598', 38, '', 1, 'HAIR PIN - Y12-10'),
(4, '10599', 39.9, '', 1, 'HAIR PIN - Y12-11'),
(4, '10600', 39.9, '', 1, 'HAIR PIN - Y12-12'),
(4, '10601', 38, '', 1, 'HAIR PIN - Y12-13'),
(4, '10602', 39.9, '', 1, 'HAIR PIN - Y13-1'),
(4, '10603', 39.9, '', 1, 'HAIR PIN - Y13-2'),
(4, '10604', 39.9, '', 1, 'HAIR PIN - Y13-3'),
(4, '10605', 39.9, '', 1, 'HAIR PIN - Y13-4'),
(4, '10606', 39.9, '', 1, 'HAIR PIN - Y13-5'),
(4, '10607', 39.9, '', 1, 'HAIR PIN - Y13-6'),
(4, '10608', 39.9, '', 1, 'HAIR PIN - Y13-7'),
(4, '10609', 39.9, '', 1, 'HAIR PIN - Y13-8'),
(4, '10610', 51.3, '', 1, 'HAIR PIN - Y13-9'),
(4, '10611', 51.3, '', 1, 'HAIR PIN - Y13-10'),
(4, '10612', 51.3, '', 1, 'HAIR PIN - Y13-11'),
(4, '10613', 51.3, '', 1, 'HAIR PIN - Y13-12'),
(4, '10614', 39.9, '', 1, 'HAIR PIN - Y13-13'),
(4, '10615', 39.9, '', 1, 'HAIR PIN - Y13-14'),
(4, '10616', 53.2, '', 1, 'HAIR PIN - Y13-15'),
(4, '10617', 53.2, '', 1, 'HAIR PIN - Y13-16'),
(4, '10618', 53.2, '', 1, 'HAIR PIN - Y13-17'),
(4, '10619', 47.5, '', 1, 'HAIR PIN - Y13-18'),
(4, '10620', 72.2, '', 1, 'HAIR PIN - Y13-19'),
(4, '10621', 57, '', 1, 'HAIR PIN - Y13-20'),
(4, '10622', 57, '', 1, 'HAIR PIN - Y13-22'),
(4, '10623', 95, '', 1, 'HAIR PIN - Y13-23'),
(4, '10624', 24.7, '', 1, 'HAIR PIN - Y13-24'),
(4, '10625', 13.3, '', 1, 'HAIR PIN - Y13-25'),
(4, '10626', 13.3, '', 1, 'HAIR PIN - Y13-26'),
(4, '10627', 13.3, '', 1, 'HAIR PIN - Y13-27'),
(4, '10628', 15.2, '', 1, 'HAIR PIN - Y13-28'),
(4, '10629', 15.2, '', 1, 'HAIR PIN - Y13-29'),
(4, '10630', 15.2, '', 1, 'HAIR PIN - Y13-30'),
(4, '10631', 15.2, '', 1, 'HAIR PIN - Y13-31'),
(4, '10632', 15.2, '', 1, 'HAIR PIN - Y13-32'),
(4, '10633', 15.2, '', 1, 'HAIR PIN - Y13-33'),
(4, '10634', 15.2, '', 1, 'HAIR PIN - Y13-34'),
(4, '10635', 15.2, '', 1, 'HAIR PIN - Y13-35'),
(4, '10636', 57, '', 1, 'HAIR PIN - Y13-36'),
(4, '10637', 57, '', 1, 'HAIR PIN - Y13-37'),
(4, '10638', 41.8, '', 1, 'HAIR PIN - Y13-38'),
(4, '10639', 41.8, '', 1, 'HAIR PIN - Y13-39'),
(4, '10640', 41.8, '', 1, 'HAIR PIN - Y13-40'),
(4, '10641', 41.8, '', 1, 'HAIR PIN - Y13-41'),
(4, '10642', 39.9, '', 1, 'HAIR PIN - Y13-42'),
(4, '10643', 34.2, '', 1, 'HAIR PIN - Y13-43'),
(4, '10644', 34.2, '', 1, 'HAIR PIN - Y13-44'),
(4, '10645', 39.9, '', 1, 'HAIR PIN - Y13-45'),
(4, '10646', 39.9, '', 1, 'HAIR PIN - Y13-46'),
(4, '10647', 26.6, '', 1, 'HAIR PIN - Y13-47'),
(4, '10648', 30.4, '', 1, 'HAIR PIN - Y13-48'),
(4, '10649', 30.4, '', 1, 'HAIR PIN - Y13-49'),
(4, '10650', 30.4, '', 1, 'HAIR PIN - Y13-50'),
(4, '10651', 49.4, '', 1, 'HAIR PIN - Y13-51'),
(4, '10652', 45.6, '', 1, 'HAIR PIN - Y13-52'),
(4, '10653', 45.6, '', 1, 'HAIR PIN - Y13-53'),
(4, '10654', 45.6, '', 1, 'HAIR PIN - Y13-54'),
(4, '10655', 45.6, '', 1, 'HAIR PIN - Y13-55'),
(4, '10656', 45.6, '', 1, 'HAIR PIN - Y13-56'),
(4, '10657', 57, '', 1, 'HAIR PIN - Y13-57'),
(4, '10658', 45.6, '', 1, 'HAIR PIN - Y13-58'),
(4, '10659', 45.6, '', 1, 'HAIR PIN - Y13-59'),
(4, '10660', 45.6, '', 1, 'HAIR PIN - Y13-60'),
(4, '10661', 53.2, '', 1, 'HAIR PIN - Y13-61'),
(4, '10662', 79.8, '', 1, 'HAIR PIN - Y13-62'),
(4, '10663', 323, '', 1, 'BEACH BAG - Y14-1'),
(4, '10664', 323, '', 1, 'BEACH BAG - Y14-2'),
(4, '10665', 323, '', 1, 'BEACH BAG - Y14-3'),
(4, '10666', 323, '', 1, 'BEACH BAG - Y14-5'),
(4, '10667', 323, '', 1, 'BEACH BAG - Y14-6'),
(4, '10668', 323, '', 1, 'BEACH BAG - Y14-7'),
(4, '10669', 323, '', 1, 'BEACH BAG - Y14-8'),
(4, '10670', 323, '', 1, 'BEACH BAG - Y14-9'),
(4, '10671', 323, '', 1, 'BEACH BAG - Y14-10'),
(4, '10672', 323, '', 1, 'BEACH BAG - Y14-11'),
(4, '10673', 323, '', 1, 'BEACH BAG - Y14-13'),
(4, '10674', 323, '', 1, 'BEACH BAG - Y14-14'),
(4, '10675', 323, '', 1, 'BEACH BAG - Y14-15'),
(4, '10676', 323, '', 1, 'BEACH BAG - Y14-16'),
(4, '10677', 323, '', 1, 'BEACH BAG - Y14-17'),
(4, '10678', 323, '', 1, 'BEACH BAG - Y14-18'),
(4, '10679', 323, '', 1, 'BEACH BAG - Y14-19'),
(4, '10680', 323, '', 1, 'BEACH BAG - Y14-20'),
(4, '10681', 323, '', 1, 'BEACH BAG - Y14-21'),
(4, '10682', 323, '', 1, 'BEACH BAG - Y14-23'),
(4, '10683', 323, '', 1, 'BEACH BAG - Y14-25'),
(4, '10684', 323, '', 1, 'BEACH BAG - Y14-27'),
(4, '10685', 323, '', 1, 'BEACH BAG - Y14-28'),
(4, '10686', 323, '', 1, 'BEACH BAG - Y14-29'),
(4, '10687', 323, '', 1, 'BEACH BAG - Y14-31'),
(4, '10688', 323, '', 1, 'BEACH BAG - Y14-32'),
(4, '10689', 323, '', 1, 'BEACH BAG - Y14-33'),
(4, '10690', 323, '', 1, 'BEACH BAG - Y14-34'),
(4, '10691', 323, '', 1, 'BEACH BAG - Y14-36'),
(4, '10692', 323, '', 1, 'BEACH BAG - Y14-37'),
(4, '10693', 323, '', 1, 'BEACH BAG - Y14-38'),
(4, '10694', 323, '', 1, 'BEACH BAG - Y14-40'),
(4, '10695', 323, '', 1, 'BEACH BAG - Y14-41'),
(4, '10696', 323, '', 1, 'BEACH BAG - Y14-45'),
(4, '10697', 323, '', 1, 'BEACH BAG - Y14-47'),
(4, '10698', 323, '', 1, 'BEACH BAG - Y14-53'),
(4, '10699', 323, '', 1, 'BEACH BAG - Y14-55'),
(4, '10700', 1330, '', 1, 'HAND BAG - Y15-2'),
(4, '10701', 2090, '', 1, 'HAND BAG - Y15-3'),
(4, '10702', 1824, '', 1, 'HAND BAG - Y15-8'),
(4, '10703', 1748, '', 1, 'HAND BAG - Y15-9'),
(4, '10704', 760, '', 1, 'BAGPACK - Y16-1'),
(4, '10705', 760, '', 1, 'BAGPACK - Y16-2'),
(4, '10706', 646, '', 1, 'BAGPACK - Y16-3'),
(4, '10707', 627, '', 1, 'BAGPACK - Y16-4'),
(4, '10708', 760, '', 1, 'BAGPACK - Y16-5'),
(4, '10709', 760, '', 1, 'BAGPACK - Y16-6'),
(4, '10710', 760, '', 1, 'BAGPACK - Y16-7'),
(4, '10711', 437, '', 1, 'SIDE PURSE - Y17-1'),
(4, '10712', 437, '', 1, 'SIDE PURSE - Y17-2'),
(4, '10713', 437, '', 1, 'SIDE PURSE - Y17-4'),
(4, '10714', 437, '', 1, 'SIDE PURSE - Y17-5'),
(4, '10715', 437, '', 1, 'SIDE PURSE - Y17-6'),
(4, '10716', 437, '', 1, 'SIDE PURSE - Y17-7'),
(4, '10717', 437, '', 1, 'SIDE PURSE - Y17-8'),
(4, '10718', 437, '', 1, 'SIDE PURSE - Y17-10'),
(4, '10719', 437, '', 1, 'SIDE PURSE - Y17-11'),
(4, '10720', 1064, '', 1, 'SIDE PURSE - Y17-14'),
(4, '10721', 1178, '', 1, 'SIDE PURSE - Y17-17'),
(4, '10722', 1026, '', 1, 'SIDE PURSE - Y17-19'),
(4, '10723', 608, '', 1, 'SIDE PURSE - Y17-20'),
(4, '10724', 342, '', 1, 'LADIES PURSE - Y19-3'),
(4, '10725', 475, '', 1, 'LADIES PURSE - Y19-7'),
(4, '10726', 475, '', 1, 'LADIES PURSE - Y19-8'),
(4, '10727', 494, '', 1, 'LADIES PURSE - Y19-9'),
(4, '10728', 418, '', 1, 'LADIES PURSE - Y19-10'),
(4, '10729', 475, '', 1, 'LADIES PURSE - Y19-11'),
(4, '10730', 342, '', 1, 'LADIES PURSE - Y19-12'),
(4, '10731', 334.4, '', 1, 'LADIES PURSE - Y19-14'),
(4, '10732', 475, '', 1, 'LADIES PURSE - Y19-16'),
(4, '10733', 494, '', 1, 'LADIES PURSE - Y19-17'),
(4, '10734', 475, '', 1, 'LADIES PURSE - Y19-18'),
(4, '10735', 456, '', 1, 'LADIES PURSE - Y19-19'),
(4, '10736', 494, '', 1, 'LADIES PURSE - Y19-20'),
(4, '10737', 513, '', 1, 'LADIES PURSE - Y19-21'),
(4, '10738', 437, '', 1, 'LADIES PURSE - Y19-22'),
(4, '10739', 418, '', 1, 'LADIES PURSE - Y19-23'),
(4, '10740', 494, '', 1, 'LADIES PURSE - Y19-24'),
(4, '10741', 513, '', 1, 'LADIES PURSE - Y19-25'),
(4, '10742', 570, '', 1, 'LADIES PURSE - Y19-26'),
(4, '10743', 1444, '', 1, 'GENTS PURSE - Y19-27'),
(4, '10744', 1444, '', 1, 'GENTS PURSE - Y19-28'),
(4, '10745', 988, '', 1, 'GENTS PURSE - Y19-29'),
(4, '10746', 684, '', 1, 'GENTS PURSE - Y19-30'),
(4, '10747', 1330, '', 1, 'GENTS PURSE - Y19-31'),
(4, '10748', 1482, '', 1, 'GENTS PURSE - Y19-32'),
(4, '10749', 608, '', 1, 'GENTS PURSE - Y19-33'),
(4, '10750', 418, '', 1, 'GENTS PURSE - Y19-34'),
(4, '10751', 418, '', 1, 'GENTS PURSE - Y19-36'),
(4, '10752', 418, '', 1, 'GENTS PURSE - Y19-37'),
(4, '10753', 418, '', 1, 'GENTS PURSE - Y19-38'),
(4, '10754', 418, '', 1, 'GENTS PURSE - Y19-40'),
(4, '10755', 456, '', 1, 'GENTS PURSE - Y19-46'),
(4, '10756', 456, '', 1, 'GENTS PURSE - Y19-49'),
(4, '10757', 456, '', 1, 'GENTS PURSE - Y19-50'),
(4, '10758', 361, '', 1, 'GENTS PURSE - Y19-51'),
(4, '10759', 627, '', 1, 'SIDE PURSE - Y19-66'),
(4, '10760', 950, '', 1, 'SIDE PURSE - Y19-67'),
(4, '10761', 570, '', 1, 'SIDE PURSE - Y19-68'),
(4, '10762', 912, '', 1, 'SIDE PURSE - Y19-69'),
(4, '10763', 570, '', 1, 'SIDE PURSE - Y19-70'),
(4, '10764', 570, '', 1, 'SIDE PURSE - Y19-71'),
(4, '10765', 171, '', 1, 'KEY TAG - Y22-2'),
(4, '10766', 114, '', 1, 'KEY TAG - Y22-3'),
(4, '10767', 133, '', 1, 'KEY TAG - Y22-4'),
(4, '10768', 190, '', 1, 'KEY TAG - Y22-5'),
(4, '10769', 133, '', 1, 'KEY TAG - Y22-7'),
(4, '10770', 34.2, '', 1, 'KEY TAG - Y22-8'),
(4, '10771', 133, '', 1, 'KEY TAG - Y22-10'),
(4, '10772', 530.1, '', 1, 'LADIES PURSE - H5-1'),
(4, '10773', 530.1, '', 1, 'LADIES PURSE - H5-2'),
(4, '10774', 530.1, '', 1, 'LADIES PURSE - H5-3'),
(4, '10775', 530.1, '', 1, 'LADIES PURSE - H5-4'),
(4, '10776', 530.1, '', 1, 'LADIES PURSE - H5-5'),
(4, '10777', 530.1, '', 1, 'LADIES PURSE - H5-6');

-- --------------------------------------------------------

--
-- Table structure for table `0_purch_orders`
--

CREATE TABLE IF NOT EXISTS `0_purch_orders` (
  `order_no` int(11) NOT NULL,
  `supplier_id` int(11) NOT NULL DEFAULT '0',
  `comments` tinytext COLLATE utf8_unicode_ci,
  `ord_date` date NOT NULL DEFAULT '0000-00-00',
  `reference` tinytext COLLATE utf8_unicode_ci NOT NULL,
  `requisition_no` tinytext COLLATE utf8_unicode_ci,
  `into_stock_location` varchar(5) COLLATE utf8_unicode_ci NOT NULL DEFAULT '',
  `delivery_address` tinytext COLLATE utf8_unicode_ci NOT NULL,
  `total` double NOT NULL DEFAULT '0',
  `prep_amount` double NOT NULL DEFAULT '0',
  `alloc` double NOT NULL DEFAULT '0',
  `tax_included` tinyint(1) NOT NULL DEFAULT '0'
) ENGINE=InnoDB AUTO_INCREMENT=5 DEFAULT CHARSET=utf8 COLLATE=utf8_unicode_ci;

--
-- Dumping data for table `0_purch_orders`
--

INSERT INTO `0_purch_orders` (`order_no`, `supplier_id`, `comments`, `ord_date`, `reference`, `requisition_no`, `into_stock_location`, `delivery_address`, `total`, `prep_amount`, `alloc`, `tax_included`) VALUES
(1, 1, 'Nveloop Stock Upload', '2018-04-25', 'ini_stock_ship1', '', 'BER', 'No 21, Arab Road, Beruwela, Sri Lanka.', 2689555.01, 0, 0, 0),
(2, 2, 'Nveloop Stock Upload', '2018-04-25', 'ini_stock_ship2', 'ini-2', 'BER', 'No 21, Arab Road, Beruwela, Sri Lanka.', 1863929.92, 0, 0, 0),
(3, 3, 'Nveloop Stock Upload', '2018-04-25', 'ini_stock_ship3', 'ini_stock_ship3', 'BER', 'No 21, Arab Road, Beruwela, Sri Lanka.', 2548624.68, 0, 0, 0),
(4, 4, 'Nveloop Stock Upload', '2018-04-25', 'ini_stock_ship4', 'ini_stock_ship', 'BER', 'No 21, Arab Road, Beruwela, Sri Lanka.', 3044719.6, 0, 0, 0);

-- --------------------------------------------------------

--
-- Table structure for table `0_purch_order_details`
--

CREATE TABLE IF NOT EXISTS `0_purch_order_details` (
  `po_detail_item` int(11) NOT NULL,
  `order_no` int(11) NOT NULL DEFAULT '0',
  `item_code` varchar(20) COLLATE utf8_unicode_ci NOT NULL DEFAULT '',
  `description` tinytext COLLATE utf8_unicode_ci,
  `delivery_date` date NOT NULL DEFAULT '0000-00-00',
  `qty_invoiced` double NOT NULL DEFAULT '0',
  `unit_price` double NOT NULL DEFAULT '0',
  `act_price` double NOT NULL DEFAULT '0',
  `std_cost_unit` double NOT NULL DEFAULT '0',
  `quantity_ordered` double NOT NULL DEFAULT '0',
  `quantity_received` double NOT NULL DEFAULT '0'
) ENGINE=InnoDB AUTO_INCREMENT=778 DEFAULT CHARSET=utf8 COLLATE=utf8_unicode_ci;

--
-- Dumping data for table `0_purch_order_details`
--

INSERT INTO `0_purch_order_details` (`po_detail_item`, `order_no`, `item_code`, `description`, `delivery_date`, `qty_invoiced`, `unit_price`, `act_price`, `std_cost_unit`, `quantity_ordered`, `quantity_received`) VALUES
(1, 1, '10001', 'EARRING', '2018-04-28', 15, 41.16, 41.16, 41.16, 15, 15),
(2, 1, '10002', 'EARRING', '2018-04-28', 40, 44.1, 44.1, 44.1, 40, 40),
(3, 1, '10003', 'EARRING', '2018-04-28', 70, 47.04, 47.04, 47.04, 70, 70),
(4, 1, '10004', 'BANGLE', '2018-04-28', 510, 88.2, 88.2, 88.2, 510, 510),
(5, 1, '10005', 'BANGLE', '2018-04-28', 8, 220.5, 220.5, 220.5, 8, 8),
(6, 1, '10006', 'BANGLE', '2018-04-28', 208, 35.28, 35.28, 35.28, 208, 208),
(7, 1, '10007', 'BANGLE', '2018-04-28', 66, 44.1, 44.1, 44.1, 66, 66),
(8, 1, '10008', 'NECKLACE SETS', '2018-04-28', 302, 426.3, 426.3, 426.3, 302, 302),
(9, 1, '10009', 'NECKLACE SETS', '2018-04-28', 641, 426.3, 426.3, 426.3, 641, 641),
(10, 1, '10010', 'WOOL BAND', '2018-04-28', 16, 352.8, 352.8, 352.8, 16, 16),
(11, 1, '10011', 'WOOL BAND', '2018-04-28', 21, 235.2, 235.2, 235.2, 21, 21),
(12, 1, '10012', 'WOOL BAND', '2018-04-28', 7, 382.2, 382.2, 382.2, 7, 7),
(13, 1, '10013', 'WOOL BAND', '2018-04-28', 21, 382.2, 382.2, 382.2, 21, 21),
(14, 1, '10014', 'WOOL BAND', '2018-04-28', 24, 411.6, 411.6, 411.6, 24, 24),
(15, 1, '10015', 'WOOL BAND', '2018-04-28', 18, 558.6, 558.6, 558.6, 18, 18),
(16, 1, '10016', 'WOOL BAND', '2018-04-28', 18, 588, 588, 588, 18, 18),
(17, 1, '10017', 'WOOL BAND', '2018-04-28', 40, 249.9, 249.9, 249.9, 40, 40),
(18, 1, '10018', 'HAIR CLIP', '2018-04-28', 45, 77.62, 77.62, 77.62, 45, 45),
(19, 1, '10019', 'HAIR CLIP', '2018-04-28', 12, 70.56, 70.56, 70.56, 12, 12),
(20, 1, '10020', 'HAIR CLIP', '2018-04-28', 121, 77.62, 77.62, 77.62, 121, 121),
(21, 1, '10021', 'HAIR CLIP', '2018-04-28', 37, 119.95, 119.95, 119.95, 37, 37),
(22, 1, '10022', 'HAIR CLIP', '2018-04-28', 82, 70.56, 70.56, 70.56, 82, 82),
(23, 1, '10023', 'HAIR CLIP', '2018-04-28', 6, 222.26, 222.26, 222.26, 6, 6),
(24, 1, '10024', 'HAIR CLIP', '2018-04-28', 102, 77.62, 77.62, 77.62, 102, 102),
(25, 1, '10025', 'HAIR CLIP', '2018-04-28', 27, 63.5, 63.5, 63.5, 27, 27),
(26, 1, '10026', 'HAIR CLIP', '2018-04-28', 27, 141.12, 141.12, 141.12, 27, 27),
(27, 1, '10027', 'HAIR CLIP', '2018-04-28', 1, 155.82, 155.82, 155.82, 1, 1),
(28, 1, '10028', 'HAIR CLIP', '2018-04-28', 1, 155.82, 155.82, 155.82, 1, 1),
(29, 1, '10029', 'HAIR CLIP', '2018-04-28', 1, 264.6, 264.6, 264.6, 1, 1),
(30, 1, '10030', 'HAIR CLIP', '2018-04-28', 40, 169.34, 169.34, 169.34, 40, 40),
(31, 1, '10031', 'SOLER POWER', '2018-04-28', 200, 82.32, 82.32, 82.32, 200, 200),
(32, 1, '10032', 'HAIR CLIP', '2018-04-28', 124, 176.4, 176.4, 176.4, 124, 124),
(33, 1, '10033', 'HAIR CLIP', '2018-04-28', 16, 705.6, 705.6, 705.6, 16, 16),
(34, 1, '10034', 'HAIR CLIP', '2018-04-28', 5, 382.2, 382.2, 382.2, 5, 5),
(35, 1, '10035', 'HAIR CLIP', '2018-04-28', 17, 147, 147, 147, 17, 17),
(36, 1, '10036', 'HAIR CLIP', '2018-04-28', 17, 235.2, 235.2, 235.2, 17, 17),
(37, 1, '10037', 'HAIR CLIP', '2018-04-28', 31, 470.4, 470.4, 470.4, 31, 31),
(38, 1, '10038', 'HAIR CLIP', '2018-04-28', 16, 441, 441, 441, 16, 16),
(39, 1, '10039', 'HAIR CLIP', '2018-04-28', 35, 141.12, 141.12, 141.12, 35, 35),
(40, 1, '10040', 'BROOCH', '2018-04-28', 11, 720, 720, 720, 11, 11),
(41, 1, '10041', 'Wedding Purse', '2018-04-28', 125, 936, 936, 936, 125, 125),
(42, 1, '10042', 'Purse', '2018-04-28', 63, 253.5, 253.5, 253.5, 63, 63),
(43, 1, '10043', 'Ladies Purse', '2018-04-28', 33, 304.2, 304.2, 304.2, 33, 33),
(44, 1, '10044', 'Hand Band', '2018-04-28', 2, 304.2, 304.2, 304.2, 2, 2),
(45, 1, '10045', 'Ladies Purse', '2018-04-28', 71, 124.8, 124.8, 124.8, 71, 71),
(46, 1, '10046', 'HAIR PEG', '2018-04-28', 2, 140.4, 140.4, 140.4, 2, 2),
(47, 1, '10047', 'HAIR PEG', '2018-04-28', 7, 140.4, 140.4, 140.4, 7, 7),
(48, 1, '10048', 'HAIR PEG', '2018-04-28', 6, 294.84, 294.84, 294.84, 6, 6),
(49, 1, '10049', 'HAIR PEG', '2018-04-28', 3, 84.24, 84.24, 84.24, 3, 3),
(50, 1, '10050', 'HAIR PEG', '2018-04-28', 1, 248.04, 248.04, 248.04, 1, 1),
(51, 1, '10051', 'HAIR PEG', '2018-04-28', 32, 271.44, 271.44, 271.44, 32, 32),
(52, 1, '10052', 'HAIR PEG', '2018-04-28', 47, 93.6, 93.6, 93.6, 47, 47),
(53, 1, '10053', 'HAIR PEG', '2018-04-28', 4, 102.96, 102.96, 102.96, 4, 4),
(54, 1, '10054', 'HAIR PEG', '2018-04-28', 14, 585, 585, 585, 14, 14),
(55, 1, '10055', 'HAIR PEG', '2018-04-28', 2, 514.8, 514.8, 514.8, 2, 2),
(56, 1, '10056', 'HAIR PEG', '2018-04-28', 27, 126.36, 126.36, 126.36, 27, 27),
(57, 1, '10057', 'HAIR PEG', '2018-04-28', 40, 56.16, 56.16, 56.16, 40, 40),
(58, 1, '10058', 'HAIR PEG', '2018-04-28', 5, 121.68, 121.68, 121.68, 5, 5),
(59, 1, '10059', 'HAIR PEG', '2018-04-28', 23, 173.16, 173.16, 173.16, 23, 23),
(60, 1, '10060', 'HAIR PEG', '2018-04-28', 31, 173.16, 173.16, 173.16, 31, 31),
(61, 1, '10061', 'HAIR PEG', '2018-04-28', 34, 196.56, 196.56, 196.56, 34, 34),
(62, 1, '10062', 'HAIR PEG', '2018-04-28', 1, 294.84, 294.84, 294.84, 1, 1),
(63, 1, '10063', 'HAIR PEG', '2018-04-28', 3, 102.96, 102.96, 102.96, 3, 3),
(64, 1, '10064', 'HAIR PEG', '2018-04-28', 1, 102.96, 102.96, 102.96, 1, 1),
(65, 1, '10065', 'HAIR PEG', '2018-04-28', 1, 187.2, 187.2, 187.2, 1, 1),
(66, 1, '10066', 'HAIR PEG', '2018-04-28', 2, 93.6, 93.6, 93.6, 2, 2),
(67, 1, '10067', 'HAIR PEG', '2018-04-28', 8, 280.8, 280.8, 280.8, 8, 8),
(68, 1, '10068', 'HAIR PEG', '2018-04-28', 4, 65.52, 65.52, 65.52, 4, 4),
(69, 1, '10069', 'HAIR PEG', '2018-04-28', 1, 205.92, 205.92, 205.92, 1, 1),
(70, 1, '10070', 'HAIR PEG', '2018-04-28', 1, 842.4, 842.4, 842.4, 1, 1),
(71, 1, '10071', 'HAIR PEG', '2018-04-28', 36, 468, 468, 468, 36, 36),
(72, 1, '10072', 'HAIR PEG', '2018-04-28', 100, 84.24, 84.24, 84.24, 100, 100),
(73, 1, '10073', 'HAIR PEG', '2018-04-28', 5, 248.04, 248.04, 248.04, 5, 5),
(74, 1, '10074', 'HAIR PEG', '2018-04-28', 4, 370.5, 370.5, 370.5, 4, 4),
(75, 1, '10075', 'HAIR PEG', '2018-04-28', 22, 444.6, 444.6, 444.6, 22, 22),
(76, 1, '10076', 'HAIR PEG', '2018-04-28', 20, 468, 468, 468, 20, 20),
(77, 1, '10077', 'HAIR PEG', '2018-04-28', 169, 421.2, 421.2, 421.2, 169, 169),
(78, 1, '10078', 'ELIS BAND', '2018-04-28', 60, 655.2, 655.2, 655.2, 60, 60),
(79, 1, '10079', 'ELIS BAND', '2018-04-28', 12, 468, 468, 468, 12, 12),
(80, 1, '10080', 'ELIS BAND', '2018-04-28', 3, 538.2, 538.2, 538.2, 3, 3),
(81, 1, '10081', 'ELIS BAND', '2018-04-28', 24, 538.2, 538.2, 538.2, 24, 24),
(82, 1, '10082', 'ELIS BAND', '2018-04-28', 5, 631.8, 631.8, 631.8, 5, 5),
(83, 1, '10083', 'HAIR PEG', '2018-04-28', 396, 351, 351, 351, 396, 396),
(84, 1, '10084', 'ELIS BAND', '2018-04-28', 60, 140.4, 140.4, 140.4, 60, 60),
(85, 1, '10085', 'RING', '2018-04-28', 36, 3120, 3120, 3120, 36, 36),
(86, 1, '10086', 'RING', '2018-04-28', 34, 31.2, 31.2, 31.2, 34, 34),
(87, 1, '10087', 'BRESLET', '2018-04-28', 38, 327.6, 327.6, 327.6, 38, 38),
(88, 1, '10088', 'BRESLET', '2018-04-28', 37, 374.4, 374.4, 374.4, 37, 37),
(89, 1, '10089', 'BRESLET', '2018-04-28', 14, 327.6, 327.6, 327.6, 14, 14),
(90, 1, '10090', 'BRESLET', '2018-04-28', 2, 374.4, 374.4, 374.4, 2, 2),
(91, 1, '10091', 'BRESLET', '2018-04-28', 1, 234, 234, 234, 1, 1),
(92, 1, '10092', 'BANGLE', '2018-04-28', 2, 304.2, 304.2, 304.2, 2, 2),
(93, 1, '10093', 'BRESLET', '2018-04-28', 24, 374.4, 374.4, 374.4, 24, 24),
(94, 1, '10094', 'BRESLET', '2018-04-28', 37, 304.2, 304.2, 304.2, 37, 37),
(95, 1, '10095', 'BRESLET', '2018-04-28', 5, 304.2, 304.2, 304.2, 5, 5),
(96, 1, '10096', 'BRESLET', '2018-04-28', 22, 561.6, 561.6, 561.6, 22, 22),
(97, 1, '10097', 'BRESLET', '2018-04-28', 4, 374.4, 374.4, 374.4, 4, 4),
(98, 1, '10098', 'BRESLET', '2018-04-28', 22, 608.4, 608.4, 608.4, 22, 22),
(99, 1, '10099', 'BRESLET', '2018-04-28', 8, 234, 234, 234, 8, 8),
(100, 1, '10100', 'BRESLET', '2018-04-28', 25, 304.2, 304.2, 304.2, 25, 25),
(101, 1, '10101', 'BRESLET', '2018-04-28', 5, 468, 468, 468, 5, 5),
(102, 1, '10102', 'BRESLET', '2018-04-28', 2, 351, 351, 351, 2, 2),
(103, 1, '10103', 'BRESLET', '2018-04-28', 3, 468, 468, 468, 3, 3),
(104, 1, '10104', 'BRESLET', '2018-04-28', 6, 304.2, 304.2, 304.2, 6, 6),
(105, 1, '10105', 'BRESLET', '2018-04-28', 1, 327.6, 327.6, 327.6, 1, 1),
(106, 1, '10106', 'EARING', '2018-04-28', 38, 507, 507, 507, 38, 38),
(107, 1, '10107', 'EARING', '2018-04-28', 1, 585, 585, 585, 1, 1),
(108, 1, '10108', 'BRESLET', '2018-04-28', 28, 421.2, 421.2, 421.2, 28, 28),
(109, 1, '10109', 'BRESLET', '2018-04-28', 2, 468, 468, 468, 2, 2),
(110, 1, '10110', 'BRESLET', '2018-04-28', 27, 514.8, 514.8, 514.8, 27, 27),
(111, 1, '10111', 'BRESLET', '2018-04-28', 17, 421.2, 421.2, 421.2, 17, 17),
(112, 1, '10112', 'BRESLET', '2018-04-28', 4, 842.4, 842.4, 842.4, 4, 4),
(113, 1, '10113', 'BRESLET', '2018-04-28', 9, 2574, 2574, 2574, 9, 9),
(114, 1, '10114', 'PABALU CHAIN', '2018-04-28', 7, 234, 234, 234, 7, 7),
(115, 1, '10115', 'PABALU CHAIN', '2018-04-28', 49, 234, 234, 234, 49, 49),
(116, 1, '10116', 'PABALU CHAIN', '2018-04-28', 36, 390, 390, 390, 36, 36),
(117, 1, '10117', 'PABALU CHAIN', '2018-04-28', 18, 390, 390, 390, 18, 18),
(118, 1, '10118', 'PABALU CHAIN', '2018-04-28', 46, 304.2, 304.2, 304.2, 46, 46),
(119, 1, '10119', 'PABALU CHAIN', '2018-04-28', 37, 292.5, 292.5, 292.5, 37, 37),
(120, 1, '10120', 'PABALU CHAIN', '2018-04-28', 27, 292.5, 292.5, 292.5, 27, 27),
(121, 1, '10121', 'PABALU CHAIN', '2018-04-28', 47, 214.5, 214.5, 214.5, 47, 47),
(122, 1, '10122', 'PABALU CHAIN', '2018-04-28', 41, 214.5, 214.5, 214.5, 41, 41),
(123, 1, '10123', 'PABALU CHAIN', '2018-04-28', 10, 234, 234, 234, 10, 10),
(124, 1, '10124', 'PABALU CHAIN', '2018-04-28', 39, 234, 234, 234, 39, 39),
(125, 1, '10125', 'PABALU CHAIN', '2018-04-28', 23, 234, 234, 234, 23, 23),
(126, 1, '10126', 'PABALU CHAIN', '2018-04-28', 123, 795.6, 795.6, 795.6, 123, 123),
(127, 1, '10127', 'PABALU CHAIN', '2018-04-28', 48, 655.2, 655.2, 655.2, 48, 48),
(128, 1, '10128', 'PABALU CHAIN', '2018-04-28', 68, 561.6, 561.6, 561.6, 68, 68),
(129, 1, '10129', 'PABALU CHAIN', '2018-04-28', 20, 655.2, 655.2, 655.2, 20, 20),
(130, 1, '10130', 'PABALU CHAIN', '2018-04-28', 47, 561.6, 561.6, 561.6, 47, 47),
(131, 1, '10131', 'PABALU CHAIN', '2018-04-28', 33, 561.6, 561.6, 561.6, 33, 33),
(132, 1, '10132', 'NECKLACE', '2018-04-28', 363, 234, 234, 234, 363, 363),
(133, 1, '10133', 'NECKLACE', '2018-04-28', 203, 273, 273, 273, 203, 203),
(134, 1, '10134', 'NECKLACE', '2018-04-28', 12, 292.5, 292.5, 292.5, 12, 12),
(135, 1, '10135', 'HEAD BAND', '2018-04-28', 10, 351, 351, 351, 10, 10),
(136, 1, '10136', 'HEAD BAND', '2018-04-28', 20, 468, 468, 468, 20, 20),
(137, 1, '10137', 'WOOL BAND', '2018-04-28', 3, 234, 234, 234, 3, 3),
(138, 1, '10138', 'WOOL BAND', '2018-04-28', 3, 245.7, 245.7, 245.7, 3, 3),
(139, 1, '10139', 'WOOL BAND', '2018-04-28', 3, 280.8, 280.8, 280.8, 3, 3),
(140, 1, '10140', 'WOOL BAND', '2018-04-28', 2, 101.4, 101.4, 101.4, 2, 2),
(141, 1, '10141', 'SAREE BROOCH', '2018-04-28', 2, 1170, 1170, 1170, 2, 2),
(142, 1, '10142', 'SAREE BROOCH', '2018-04-28', 2, 1170, 1170, 1170, 2, 2),
(143, 1, '10143', 'SAREE BROOCH', '2018-04-28', 1, 1170, 1170, 1170, 1, 1),
(144, 1, '10144', 'SAREE BROOCH', '2018-04-28', 1, 1170, 1170, 1170, 1, 1),
(145, 1, '10145', 'SAREE BROOCH', '2018-04-28', 1, 1170, 1170, 1170, 1, 1),
(146, 1, '10146', 'SAREE BROOCH', '2018-04-28', 2, 1170, 1170, 1170, 2, 2),
(147, 1, '10147', 'SAREE BROOCH', '2018-04-28', 1, 1170, 1170, 1170, 1, 1),
(148, 1, '10148', 'SAREE BROOCH', '2018-04-28', 8, 468, 468, 468, 8, 8),
(149, 1, '10149', 'SAREE BROOCH', '2018-04-28', 9, 468, 468, 468, 9, 9),
(150, 1, '10150', 'SAREE BROOCH', '2018-04-28', 59, 468, 468, 468, 59, 59),
(151, 1, '10151', 'SAREE BROOCH', '2018-04-28', 15, 468, 468, 468, 15, 15),
(152, 1, '10152', 'SAREE BROOCH', '2018-04-28', 43, 468, 468, 468, 43, 43),
(153, 1, '10153', 'SAREE BROOCH', '2018-04-28', 6, 468, 468, 468, 6, 6),
(154, 1, '10154', 'SAREE BROOCH', '2018-04-28', 11, 468, 468, 468, 11, 11),
(155, 1, '10155', 'SAREE BROOCH', '2018-04-28', 10, 468, 468, 468, 10, 10),
(156, 1, '10156', 'SAREE BROOCH', '2018-04-28', 13, 327.6, 327.6, 327.6, 13, 13),
(157, 1, '10157', 'SAREE BROOCH', '2018-04-28', 7, 327.6, 327.6, 327.6, 7, 7),
(158, 1, '10158', 'SAREE BROOCH', '2018-04-28', 33, 327.6, 327.6, 327.6, 33, 33),
(159, 1, '10159', 'SAREE BROOCH', '2018-04-28', 37, 327.6, 327.6, 327.6, 37, 37),
(160, 1, '10160', 'SAREE BROOCH', '2018-04-28', 29, 327.6, 327.6, 327.6, 29, 29),
(161, 1, '10161', 'HAIR PIN', '2018-04-28', 13, 1404, 1404, 1404, 13, 13),
(162, 1, '10162', 'SAREE BROOCH', '2018-04-28', 7, 702, 702, 702, 7, 7),
(163, 1, '10163', 'SAREE BROOCH', '2018-04-28', 3, 702, 702, 702, 3, 3),
(164, 1, '10164', 'HABAYA PIN', '2018-04-28', 1, 608.4, 608.4, 608.4, 1, 1),
(165, 1, '10165', 'HABAYA PIN', '2018-04-28', 3, 608.4, 608.4, 608.4, 3, 3),
(166, 1, '10166', 'SAREE BROOCH', '2018-04-28', 3, 327.6, 327.6, 327.6, 3, 3),
(167, 1, '10167', 'WOOL BAND', '2018-04-28', 10, 214.5, 214.5, 214.5, 10, 10),
(168, 1, '10168', 'HAIR PEG', '2018-04-28', 640, 50.7, 50.7, 50.7, 640, 640),
(169, 1, '10169', 'HAIR PEG', '2018-04-28', 1100, 50.7, 50.7, 50.7, 1100, 1100),
(170, 1, '10170', 'HAIR PEG', '2018-04-28', 640, 50.7, 50.7, 50.7, 640, 640),
(171, 1, '10171', 'HAIR PEG', '2018-04-28', 630, 50.7, 50.7, 50.7, 630, 630),
(172, 1, '10172', 'HAIR PEG', '2018-04-28', 1100, 50.7, 50.7, 50.7, 1100, 1100),
(173, 1, '10173', 'HAIR PEG', '2018-04-28', 89, 48.75, 48.75, 48.75, 89, 89),
(174, 1, '10174', 'HAIR CLIP', '2018-04-28', 340, 31.2, 31.2, 31.2, 340, 340),
(175, 1, '10175', 'HAIR CLIP', '2018-04-28', 14, 23.4, 23.4, 23.4, 14, 14),
(176, 1, '10176', 'HAIR CLIP', '2018-04-28', 131, 64.35, 64.35, 64.35, 131, 131),
(177, 1, '10177', 'HAIR CLIP', '2018-04-28', 19, 23.4, 23.4, 23.4, 19, 19),
(178, 1, '10178', 'HAIR CLIP', '2018-04-28', 15, 23.4, 23.4, 23.4, 15, 15),
(179, 1, '10179', 'HAIR CLIP', '2018-04-28', 2, 54.6, 54.6, 54.6, 2, 2),
(180, 1, '10180', 'HAIR CLIP', '2018-04-28', 4, 78, 78, 78, 4, 4),
(181, 1, '10181', 'HAIR CLIP', '2018-04-28', 3, 78, 78, 78, 3, 3),
(182, 1, '10182', 'HAIR CLIP', '2018-04-28', 12, 175.5, 175.5, 175.5, 12, 12),
(183, 1, '10183', 'HAIR CLIP', '2018-04-28', 22, 46.8, 46.8, 46.8, 22, 22),
(184, 1, '10184', 'HAIR CLIP', '2018-04-28', 1, 39, 39, 39, 1, 1),
(185, 1, '10185', 'HAIR CLIP', '2018-04-28', 8, 46.8, 46.8, 46.8, 8, 8),
(186, 1, '10186', 'HAIR CLIP', '2018-04-28', 1, 39, 39, 39, 1, 1),
(187, 1, '10187', 'HAIR CLIP', '2018-04-28', 61, 39, 39, 39, 61, 61),
(188, 1, '10188', 'HAIR CLIP', '2018-04-28', 16, 39, 39, 39, 16, 16),
(189, 1, '10189', 'HAIR CLIP', '2018-04-28', 9, 35.1, 35.1, 35.1, 9, 9),
(190, 1, '10190', 'HAIR CLIP', '2018-04-28', 31, 46.8, 46.8, 46.8, 31, 31),
(191, 1, '10191', 'HAIR CLIP', '2018-04-28', 24, 46.8, 46.8, 46.8, 24, 24),
(192, 1, '10192', 'BELTS', '2018-04-28', 703, 101.4, 101.4, 101.4, 703, 703),
(193, 1, '10193', 'SARI BROOCH', '2018-04-28', 96, 269.7, 269.7, 269.7, 96, 96),
(194, 1, '10194', 'SARI BROOCH', '2018-04-28', 1, 250.13, 250.13, 250.13, 1, 1),
(195, 1, '10195', 'SARI BROOCH', '2018-04-28', 36, 261, 261, 261, 36, 36),
(196, 1, '10196', 'SARI BROOCH', '2018-04-28', 30, 269.7, 269.7, 269.7, 30, 30),
(197, 1, '10197', 'SARI BROOCH', '2018-04-28', 131, 239.25, 239.25, 239.25, 131, 131),
(198, 1, '10198', 'SARI BROOCH', '2018-04-28', 5, 282.75, 282.75, 282.75, 5, 5),
(199, 1, '10199', 'SARI BROOCH', '2018-04-28', 1, 141.38, 141.38, 141.38, 1, 1),
(200, 1, '10200', 'SARI BROOCH', '2018-04-28', 12, 152.25, 152.25, 152.25, 12, 12),
(201, 1, '10201', 'SARI BROOCH', '2018-04-28', 14, 72.5, 72.5, 72.5, 14, 14),
(202, 1, '10202', 'SARI BROOCH', '2018-04-28', 4, 139.2, 139.2, 139.2, 4, 4),
(203, 1, '10203', 'SARI BROOCH', '2018-04-28', 2, 152.25, 152.25, 152.25, 2, 2),
(204, 1, '10204', 'SARI BROOCH', '2018-04-28', 2, 247.95, 247.95, 247.95, 2, 2),
(205, 1, '10205', 'SARI BROOCH', '2018-04-28', 1, 152.25, 152.25, 152.25, 1, 1),
(206, 1, '10206', 'SARI BROOCH', '2018-04-28', 1, 287.1, 287.1, 287.1, 1, 1),
(207, 1, '10207', 'SARI BROOCH', '2018-04-28', 1, 330.6, 330.6, 330.6, 1, 1),
(208, 1, '10208', 'EARING', '2018-04-28', 49, 182.7, 182.7, 182.7, 49, 49),
(209, 1, '10209', 'EARING', '2018-04-28', 12, 121.8, 121.8, 121.8, 12, 12),
(210, 1, '10210', 'EARING', '2018-04-28', 7, 261, 261, 261, 7, 7),
(211, 1, '10211', 'EARING', '2018-04-28', 27, 287.1, 287.1, 287.1, 27, 27),
(212, 1, '10212', 'EARING', '2018-04-28', 195, 87, 87, 87, 195, 195),
(213, 1, '10213', 'EARING', '2018-04-28', 148, 152.25, 152.25, 152.25, 148, 148),
(214, 1, '10214', 'EARING', '2018-04-28', 1, 152.25, 152.25, 152.25, 1, 1),
(215, 1, '10215', 'HAIR PEG', '2018-04-28', 4, 87, 87, 87, 4, 4),
(216, 1, '10216', 'SLIDE', '2018-04-28', 25, 52.2, 52.2, 52.2, 25, 25),
(217, 1, '10217', 'SLIDE', '2018-04-28', 16, 73.95, 73.95, 73.95, 16, 16),
(218, 1, '10218', 'SLIDE', '2018-04-28', 1, 65.25, 65.25, 65.25, 1, 1),
(219, 1, '10219', 'SLIDE', '2018-04-28', 1, 65.25, 65.25, 65.25, 1, 1),
(220, 1, '10220', 'KEY TAG', '2018-04-28', 1222, 16.31, 16.31, 16.31, 1222, 1222),
(221, 1, '10221', 'HAIR ORNAMENT', '2018-04-28', 7, 68.88, 68.88, 68.88, 7, 7),
(222, 1, '10222', 'SLIDE', '2018-04-28', 17, 97.88, 97.88, 97.88, 17, 17),
(223, 1, '10223', 'HAIR ORNAMENT', '2018-04-28', 3, 50.75, 50.75, 50.75, 3, 3),
(224, 1, '10224', 'SARI BROOCH', '2018-04-28', 89, 58, 58, 58, 89, 89),
(225, 1, '10225', 'HAIR ORNAMENT', '2018-04-28', 12, 29, 29, 29, 12, 12),
(226, 1, '10226', 'HAIR ORNAMENT', '2018-04-28', 244, 54.38, 54.38, 54.38, 244, 244),
(227, 1, '10227', 'HAIR ORNAMENT', '2018-04-28', 1, 39.88, 39.88, 39.88, 1, 1),
(228, 1, '10228', 'SLIDE', '2018-04-28', 5, 65.25, 65.25, 65.25, 5, 5),
(229, 1, '10229', 'SLIDE', '2018-04-28', 5, 130.5, 130.5, 130.5, 5, 5),
(230, 1, '10230', 'SLIDE', '2018-04-28', 23, 65.25, 65.25, 65.25, 23, 23),
(231, 1, '10231', 'SLIDE', '2018-04-28', 1, 97.88, 97.88, 97.88, 1, 1),
(232, 1, '10232', 'SLIDE', '2018-04-28', 1, 65.25, 65.25, 65.25, 1, 1),
(233, 1, '10233', 'SLIDE', '2018-04-28', 28, 65.25, 65.25, 65.25, 28, 28),
(234, 1, '10234', 'SLIDE', '2018-04-28', 3, 73.95, 73.95, 73.95, 3, 3),
(235, 1, '10235', 'SLIDE', '2018-04-28', 5, 73.95, 73.95, 73.95, 5, 5),
(236, 1, '10236', 'WOOL BAND', '2018-04-28', 7, 123.25, 123.25, 123.25, 7, 7),
(237, 1, '10237', 'BROOCH', '2018-04-28', 3, 280, 280, 280, 3, 3),
(238, 1, '10238', 'SLIDE', '2018-04-28', 652, 35.7, 35.7, 35.7, 652, 652),
(239, 1, '10239', 'SLIDE', '2018-04-28', 634, 39.9, 39.9, 39.9, 634, 634),
(240, 1, '10240', 'HAIR CLIP', '2018-04-28', 11, 30, 30, 30, 11, 11),
(241, 2, '10241', 'Gents Purse - S4-1', '2018-04-28', 62, 176, 176, 176, 62, 62),
(242, 2, '10242', 'Purse - S5-1', '2018-04-28', 12, 384, 384, 384, 12, 12),
(243, 2, '10243', 'Purse - S5-2', '2018-04-28', 4, 384, 384, 384, 4, 4),
(244, 2, '10244', 'Purse - S5-3', '2018-04-28', 3, 416, 416, 416, 3, 3),
(245, 2, '10245', 'Purse - S5-4', '2018-04-28', 39, 416, 416, 416, 39, 39),
(246, 2, '10246', 'Purse - S5-5', '2018-04-28', 7, 416, 416, 416, 7, 7),
(247, 2, '10247', 'Purse - S5-6', '2018-04-28', 6, 416, 416, 416, 6, 6),
(248, 2, '10248', 'Purse - S5-7', '2018-04-28', 2, 448, 448, 448, 2, 2),
(249, 2, '10249', 'Purse - S5-9', '2018-04-28', 7, 432, 432, 432, 7, 7),
(250, 2, '10250', 'Purse - S5-10', '2018-04-28', 17, 304, 304, 304, 17, 17),
(251, 2, '10251', 'Purse - S5-11', '2018-04-28', 35, 416, 416, 416, 35, 35),
(252, 2, '10252', 'Purse - S5-12', '2018-04-28', 2, 288, 288, 288, 2, 2),
(253, 2, '10253', 'Purse - S5-13', '2018-04-28', 1, 352, 352, 352, 1, 1),
(254, 2, '10254', 'Purse - S5-14', '2018-04-28', 26, 304, 304, 304, 26, 26),
(255, 2, '10255', 'Purse - S5-15', '2018-04-28', 23, 528, 528, 528, 23, 23),
(256, 2, '10256', 'Purse - S5-16', '2018-04-28', 1, 400, 400, 400, 1, 1),
(257, 2, '10257', 'Purse - S5-19', '2018-04-28', 13, 560, 560, 560, 13, 13),
(258, 2, '10258', 'Purse - S5-21', '2018-04-28', 1, 448, 448, 448, 1, 1),
(259, 2, '10259', 'Purse - S5-22', '2018-04-28', 6, 400, 400, 400, 6, 6),
(260, 2, '10260', 'Purse - S5-24', '2018-04-28', 4, 400, 400, 400, 4, 4),
(261, 2, '10261', 'Purse - S6-1', '2018-04-28', 23, 217.6, 217.6, 217.6, 23, 23),
(262, 2, '10262', 'Purse - S6-2', '2018-04-28', 137, 217.6, 217.6, 217.6, 137, 137),
(263, 2, '10263', 'Purse - S6-3', '2018-04-28', 84, 217.6, 217.6, 217.6, 84, 84),
(264, 2, '10264', 'Purse - S6-16', '2018-04-28', 10, 624, 624, 624, 10, 10),
(265, 2, '10265', 'Purse - S6-12', '2018-04-28', 4, 345.6, 345.6, 345.6, 4, 4),
(266, 2, '10266', 'Purse - S6-13', '2018-04-28', 18, 496, 496, 496, 18, 18),
(267, 2, '10267', 'Ladies Bag - S7-1', '2018-04-28', 17, 1440, 1440, 1440, 17, 17),
(268, 2, '10268', 'Ladies Bag - S7-10', '2018-04-28', 4, 1536, 1536, 1536, 4, 4),
(269, 2, '10269', 'Ladies Bag - S7-16', '2018-04-28', 6, 1760, 1760, 1760, 6, 6),
(270, 2, '10270', 'Ladies Bag - S8-3', '2018-04-28', 19, 1760, 1760, 1760, 19, 19),
(271, 2, '10271', 'Ladies Bag - S8-4', '2018-04-28', 12, 1760, 1760, 1760, 12, 12),
(272, 2, '10272', 'Ladies Bag - S8-5', '2018-04-28', 3, 1472, 1472, 1472, 3, 3),
(274, 2, '10274', 'Ladies Bag - S9-4', '2018-04-28', 2, 2016, 2016, 2016, 2, 2),
(275, 2, '10275', 'Ladies Bag - S9-5', '2018-04-28', 5, 1760, 1760, 1760, 5, 5),
(276, 2, '10276', 'Ladies Bag - S9-6', '2018-04-28', 7, 1760, 1760, 1760, 7, 7),
(277, 2, '10277', 'Ladies Bag - S9-7', '2018-04-28', 2, 1792, 1792, 1792, 2, 2),
(278, 2, '10278', 'Purse - S10-1', '2018-04-28', 9, 464, 464, 464, 9, 9),
(279, 2, '10279', 'Purse - S10-3', '2018-04-28', 29, 464, 464, 464, 29, 29),
(280, 2, '10280', 'Purse - S10-6', '2018-04-28', 53, 464, 464, 464, 53, 53),
(281, 2, '10281', 'Purse - S10-8', '2018-04-28', 103, 464, 464, 464, 103, 103),
(282, 2, '10282', 'Purse - S10-10', '2018-04-28', 110, 464, 464, 464, 110, 110),
(283, 2, '10283', 'Purse - S10-11', '2018-04-28', 69, 464, 464, 464, 69, 69),
(284, 2, '10284', 'Purse - S11-1', '2018-04-28', 2, 416, 416, 416, 2, 2),
(285, 2, '10285', 'Purse - S11-2', '2018-04-28', 2, 432, 432, 432, 2, 2),
(286, 2, '10286', 'Purse - S11-3', '2018-04-28', 1, 416, 416, 416, 1, 1),
(287, 2, '10287', 'Purse - S11-4', '2018-04-28', 2, 432, 432, 432, 2, 2),
(288, 2, '10288', 'Purse - S11-5', '2018-04-28', 7, 432, 432, 432, 7, 7),
(289, 2, '10289', 'Purse - S11-6', '2018-04-28', 42, 416, 416, 416, 42, 42),
(290, 2, '10290', 'Purse - S11-7', '2018-04-28', 6, 416, 416, 416, 6, 6),
(291, 2, '10291', 'Gents Purse - S12-1', '2018-04-28', 93, 176, 176, 176, 93, 93),
(292, 2, '10292', 'Gents Purse - S12-2', '2018-04-28', 99, 224, 224, 224, 99, 99),
(293, 2, '10293', 'Gents Purse - S12-3', '2018-04-28', 272, 224, 224, 224, 272, 272),
(294, 2, '10294', 'Gents Purse - S12-4', '2018-04-28', 279, 224, 224, 224, 279, 279),
(295, 2, '10295', 'Gents Purse - S12-5', '2018-04-28', 145, 224, 224, 224, 145, 145),
(296, 2, '10296', 'Gents Purse - S12-6', '2018-04-28', 97, 224, 224, 224, 97, 97),
(297, 2, '10297', 'Purse - S13-1', '2018-04-28', 65, 448, 448, 448, 65, 65),
(298, 2, '10298', 'Purse - S13-2', '2018-04-28', 89, 480, 480, 480, 89, 89),
(299, 2, '10299', 'Purse - S13-3', '2018-04-28', 24, 448, 448, 448, 24, 24),
(300, 2, '10300', 'Purse - S13-4', '2018-04-28', 201, 448, 448, 448, 201, 201),
(301, 2, '10301', 'Purse - S13-5', '2018-04-28', 138, 480, 480, 480, 138, 138),
(302, 2, '10302', 'Purse - S13-6', '2018-04-28', 157, 448, 448, 448, 157, 157),
(303, 2, '10303', 'Purse - S13-7', '2018-04-28', 99, 352, 352, 352, 99, 99),
(304, 2, '10304', 'Purse - S13-8', '2018-04-28', 129, 448, 448, 448, 129, 129),
(305, 2, '10305', 'Purse - S13-9', '2018-04-28', 95, 448, 448, 448, 95, 95),
(306, 2, '10306', 'Purse - S13-10', '2018-04-28', 100, 448, 448, 448, 100, 100),
(307, 2, '10307', 'Purse - S13-11', '2018-04-28', 61, 448, 448, 448, 61, 61),
(308, 2, '10308', 'Purse - S13-12', '2018-04-28', 148, 448, 448, 448, 148, 148),
(309, 2, '10309', 'Purse - S13-13', '2018-04-28', 64, 240, 240, 240, 64, 64),
(310, 2, '10310', 'Purse - S14-1', '2018-04-28', 7, 480, 480, 480, 7, 7),
(311, 2, '10311', 'Purse - S14-2', '2018-04-28', 2, 480, 480, 480, 2, 2),
(312, 2, '10312', 'Purse - S14-3', '2018-04-28', 2, 480, 480, 480, 2, 2),
(313, 2, '10313', 'Purse - S14-4', '2018-04-28', 8, 512, 512, 512, 8, 8),
(314, 2, '10314', 'Purse - S14-5', '2018-04-28', 5, 480, 480, 480, 5, 5),
(315, 2, '10315', 'Purse - S14-6', '2018-04-28', 54, 480, 480, 480, 54, 54),
(316, 2, '10316', 'Purse - S14-7', '2018-04-28', 91, 480, 480, 480, 91, 91),
(317, 2, '10317', 'Purse - S14-8', '2018-04-28', 102, 512, 512, 512, 102, 102),
(318, 2, '10318', 'Purse - S14-9', '2018-04-28', 94, 512, 512, 512, 94, 94),
(319, 2, '10319', 'Gents Purse - S15-13', '2018-04-28', 1, 1120, 1120, 1120, 1, 1),
(320, 2, '10320', 'Gents Purse - S15-14', '2018-04-28', 1, 1120, 1120, 1120, 1, 1),
(321, 2, '10321', 'Gents Purse - S15-11', '2018-04-28', 5, 1152, 1152, 1152, 5, 5),
(322, 2, '10322', 'Gents Purse - S15-12', '2018-04-28', 1, 1440, 1440, 1440, 1, 1),
(323, 2, '10323', 'Gents Purse - S15-15', '2018-04-28', 4, 1056, 1056, 1056, 4, 4),
(324, 2, '10324', 'Gents Purse - S15-16', '2018-04-28', 1, 1120, 1120, 1120, 1, 1),
(325, 2, '10325', 'Purse - S15-21', '2018-04-28', 112, 240, 240, 240, 112, 112),
(326, 2, '10326', 'Purse - S15-22', '2018-04-28', 8, 608, 608, 608, 8, 8),
(327, 2, '10327', 'Purse - S15-23', '2018-04-28', 145, 304, 304, 304, 145, 145),
(328, 2, '10328', 'Purse - S15-25', '2018-04-28', 69, 249.6, 249.6, 249.6, 69, 69),
(329, 2, '10329', 'Purse - S15-26', '2018-04-28', 2, 704, 704, 704, 2, 2),
(330, 2, '10330', 'Purse - S16-1', '2018-04-28', 1, 272, 272, 272, 1, 1),
(331, 2, '10331', 'Purse - S16-2', '2018-04-28', 1, 304, 304, 304, 1, 1),
(332, 2, '10332', 'Purse - S16-3', '2018-04-28', 102, 137.6, 137.6, 137.6, 102, 102),
(333, 2, '10333', 'Purse - S16-4', '2018-04-28', 1, 272, 272, 272, 1, 1),
(334, 2, '10334', 'Purse - S16-5', '2018-04-28', 23, 249.6, 249.6, 249.6, 23, 23),
(335, 2, '10335', 'Purse - S16-6', '2018-04-28', 76, 185.6, 185.6, 185.6, 76, 76),
(336, 2, '10336', 'Purse - S16-7', '2018-04-28', 35, 185.6, 185.6, 185.6, 35, 35),
(337, 2, '10337', 'Purse - S16-8', '2018-04-28', 4, 384, 384, 384, 4, 4),
(338, 2, '10338', 'Purse - S16-9', '2018-04-28', 1, 249.6, 249.6, 249.6, 1, 1),
(339, 2, '10339', 'Purse - S16-12', '2018-04-28', 26, 320, 320, 320, 26, 26),
(340, 2, '10340', 'Purse - S16-13', '2018-04-28', 74, 288, 288, 288, 74, 74),
(341, 2, '10341', 'Purse - S16-14', '2018-04-28', 2, 256, 256, 256, 2, 2),
(342, 2, '10342', 'Serviets - S17-18', '2018-04-28', 106, 27.2, 27.2, 27.2, 106, 106),
(343, 2, '10343', 'Serviets - S17-3', '2018-04-28', 44, 89.6, 89.6, 89.6, 44, 44),
(344, 2, '10344', 'Serviets - S17-5', '2018-04-28', 12, 21.76, 21.76, 21.76, 12, 12),
(345, 2, '10345', 'Serviets - S17-6', '2018-04-28', 96, 32, 32, 32, 96, 96),
(346, 2, '10346', 'Serviets - S17-7', '2018-04-28', 288, 89.6, 89.6, 89.6, 288, 288),
(347, 2, '10347', 'Serviets - S17-9', '2018-04-28', 132, 13.44, 13.44, 13.44, 132, 132),
(348, 2, '10348', 'Serviets - S17-11', '2018-04-28', 60, 54.4, 54.4, 54.4, 60, 60),
(349, 2, '10349', 'Serviets - S17-13', '2018-04-28', 1667, 24.96, 24.96, 24.96, 1667, 1667),
(350, 2, '10350', 'Serviets - S17-15', '2018-04-28', 203, 64, 64, 64, 203, 203),
(351, 2, '10351', 'Serviets - S17-19', '2018-04-28', 11, 24.96, 24.96, 24.96, 11, 11),
(352, 2, '10352', 'Serviets - S18-1', '2018-04-28', 84, 30.4, 30.4, 30.4, 84, 84),
(353, 2, '10353', 'Serviets - S18-2', '2018-04-28', 380, 21.44, 21.44, 21.44, 380, 380),
(354, 2, '10354', 'Serviets - S18-3', '2018-04-28', 12, 12.48, 12.48, 12.48, 12, 12),
(355, 2, '10355', 'Serviets - S18-4', '2018-04-28', 24, 14.4, 14.4, 14.4, 24, 24),
(356, 2, '10356', 'Serviets - S18-5', '2018-04-28', 360, 25.6, 25.6, 25.6, 360, 360),
(357, 2, '10357', 'Serviets - S18-6', '2018-04-28', 8, 19.2, 19.2, 19.2, 8, 8),
(358, 2, '10358', 'Serviets - S18-7', '2018-04-28', 192, 12.48, 12.48, 12.48, 192, 192),
(359, 2, '10359', 'Serviets - S18-8', '2018-04-28', 309, 12.48, 12.48, 12.48, 309, 309),
(360, 2, '10360', 'Serviets - S18-9', '2018-04-28', 48, 38.4, 38.4, 38.4, 48, 48),
(361, 2, '10361', 'Serviets - S18-10', '2018-04-28', 575, 44.8, 44.8, 44.8, 575, 575),
(362, 2, '10362', 'Serviets - S18-11', '2018-04-28', 672, 60.8, 60.8, 60.8, 672, 672),
(363, 3, '10363', 'SIDE PURSE - H1-1', '2018-04-28', 35, 342, 342, 342, 35, 35),
(364, 3, '10364', 'SIDE PURSE - H1-3', '2018-04-28', 42, 378, 378, 378, 42, 42),
(365, 3, '10365', 'SIDE PURSE - H1-4', '2018-04-28', 33, 378, 378, 378, 33, 33),
(366, 3, '10366', 'SIDE PURSE - H1-6', '2018-04-28', 8, 378, 378, 378, 8, 8),
(367, 3, '10367', 'SIDE PURSE - H1-8', '2018-04-28', 3, 450, 450, 450, 3, 3),
(368, 3, '10368', 'SIDE PURSE - H1-9', '2018-04-28', 7, 378, 378, 378, 7, 7),
(369, 3, '10369', 'SIDE PURSE - H1-11', '2018-04-28', 62, 288, 288, 288, 62, 62),
(370, 3, '10370', 'SIDE PURSE - H1-12', '2018-04-28', 9, 288, 288, 288, 9, 9),
(371, 3, '10371', 'SIDE PURSE - H1-13', '2018-04-28', 2, 378, 378, 378, 2, 2),
(372, 3, '10372', 'HAND BAG - H3-4', '2018-04-28', 2, 1728, 1728, 1728, 2, 2),
(373, 3, '10373', 'PURSE - H5-2', '2018-04-28', 47, 543.96, 543.96, 543.96, 47, 47),
(374, 3, '10374', 'PURSE - H5-3', '2018-04-28', 22, 543.96, 543.96, 543.96, 22, 22),
(375, 3, '10375', 'PURSE - H5-4', '2018-04-28', 9, 543.96, 543.96, 543.96, 9, 9),
(376, 3, '10376', 'PURSE - H4-1', '2018-04-28', 14, 702, 702, 702, 14, 14),
(377, 3, '10377', 'PURSE - H4-3', '2018-04-28', 32, 702, 702, 702, 32, 32),
(378, 3, '10378', 'PURSE - H4-4', '2018-04-28', 11, 702, 702, 702, 11, 11),
(379, 3, '10379', 'PURSE - H4-5', '2018-04-28', 41, 702, 702, 702, 41, 41),
(380, 3, '10380', 'PURSE - H4-6', '2018-04-28', 8, 702, 702, 702, 8, 8),
(381, 3, '10381', 'PURSE - H4-7', '2018-04-28', 12, 702, 702, 702, 12, 12),
(382, 3, '10382', 'PURSE - H4-9', '2018-04-28', 17, 702, 702, 702, 17, 17),
(383, 3, '10383', 'PURSE - H4-10', '2018-04-28', 1, 702, 702, 702, 1, 1),
(384, 3, '10384', 'PURSE - H4-11', '2018-04-28', 15, 702, 702, 702, 15, 15),
(385, 3, '10385', 'PURSE - H4-12', '2018-04-28', 12, 702, 702, 702, 12, 12),
(386, 3, '10386', 'SIDE BAG - H4-19', '2018-04-28', 1, 990, 990, 990, 1, 1),
(387, 3, '10387', 'SIDE BAG - H4-23', '2018-04-28', 1, 1026, 1026, 1026, 1, 1),
(388, 3, '10388', 'PURSE - H6-1', '2018-04-28', 16, 468, 468, 468, 16, 16),
(389, 3, '10389', 'PURSE - H6-3', '2018-04-28', 16, 396, 396, 396, 16, 16),
(390, 3, '10390', 'PURSE - H6-5', '2018-04-28', 51, 468, 468, 468, 51, 51),
(391, 3, '10391', 'PURSE - H6-6', '2018-04-28', 20, 468, 468, 468, 20, 20),
(392, 3, '10392', 'SIDE BAG - H6-8', '2018-04-28', 13, 540, 540, 540, 13, 13),
(393, 3, '10393', 'SIDE BAG - H6-9', '2018-04-28', 75, 540, 540, 540, 75, 75),
(394, 3, '10394', 'SIDE BAG - H6-10', '2018-04-28', 14, 504, 504, 504, 14, 14),
(395, 3, '10395', 'HAND BAG - H9-2', '2018-04-28', 12, 1512, 1512, 1512, 12, 12),
(396, 3, '10396', 'HAND BAG - H9-3', '2018-04-28', 1, 2088, 2088, 2088, 1, 1),
(397, 3, '10397', 'HAND BAG - H9-4', '2018-04-28', 5, 1872, 1872, 1872, 5, 5),
(398, 3, '10398', 'HAND BAG - H9-5', '2018-04-28', 5, 2232, 2232, 2232, 5, 5),
(399, 3, '10399', 'HAND BAG - H9-7', '2018-04-28', 5, 2232, 2232, 2232, 5, 5),
(400, 3, '10400', 'HAND BAG - H9-8', '2018-04-28', 4, 2088, 2088, 2088, 4, 4),
(401, 3, '10401', 'HAND BAG - H9-9', '2018-04-28', 10, 2232, 2232, 2232, 10, 10),
(402, 3, '10402', 'HAND BAG - H9-11', '2018-04-28', 17, 1512, 1512, 1512, 17, 17),
(403, 3, '10403', 'HAND BAG - H9-12', '2018-04-28', 7, 2232, 2232, 2232, 7, 7),
(404, 3, '10404', 'PURSE - H11-1', '2018-04-28', 3, 324, 324, 324, 3, 3),
(405, 3, '10405', 'PURSE - H11-3', '2018-04-28', 1, 324, 324, 324, 1, 1),
(406, 3, '10406', 'SIDE BAG - H11-11', '2018-04-28', 6, 1080, 1080, 1080, 6, 6),
(407, 3, '10407', 'SIDE BAG - H11-12', '2018-04-28', 4, 1116, 1116, 1116, 4, 4),
(408, 3, '10408', 'PURSE - H12-1', '2018-04-28', 22, 504, 504, 504, 22, 22),
(409, 3, '10409', 'PURSE - H12-2', '2018-04-28', 46, 486, 486, 486, 46, 46),
(410, 3, '10410', 'PURSE - H12-3', '2018-04-28', 49, 486, 486, 486, 49, 49),
(411, 3, '10411', 'PURSE - H12-4', '2018-04-28', 39, 720, 720, 720, 39, 39),
(412, 3, '10412', 'PURSE - H12-5', '2018-04-28', 27, 684, 684, 684, 27, 27),
(413, 3, '10413', 'PURSE - H12-6', '2018-04-28', 18, 684, 684, 684, 18, 18),
(414, 3, '10414', 'PURSE - H12-7', '2018-04-28', 24, 558, 558, 558, 24, 24),
(415, 3, '10415', 'PURSE - H12-10', '2018-04-28', 1, 684, 684, 684, 1, 1),
(416, 3, '10416', 'PURSE - H12-12', '2018-04-28', 3, 684, 684, 684, 3, 3),
(417, 3, '10417', 'PURSE - H12-11', '2018-04-28', 54, 684, 684, 684, 54, 54),
(418, 3, '10418', 'PURSE - H12-13', '2018-04-28', 2, 396, 396, 396, 2, 2),
(419, 3, '10419', 'PURSE - H12-15', '2018-04-28', 1, 432, 432, 432, 1, 1),
(420, 3, '10420', 'PURSE - H12-16', '2018-04-28', 3, 432, 432, 432, 3, 3),
(421, 3, '10421', 'PURSE - H12-17', '2018-04-28', 3, 432, 432, 432, 3, 3),
(422, 3, '10422', 'PURSE - H12-18', '2018-04-28', 3, 432, 432, 432, 3, 3),
(423, 3, '10423', 'PURSE - H12-19', '2018-04-28', 2, 432, 432, 432, 2, 2),
(424, 3, '10424', 'PURSE - H12-22', '2018-04-28', 1, 432, 432, 432, 1, 1),
(425, 3, '10425', 'PURSE - H12-24', '2018-04-28', 3, 396, 396, 396, 3, 3),
(426, 3, '10426', 'PURSE - H12-25', '2018-04-28', 3, 396, 396, 396, 3, 3),
(427, 3, '10427', 'PURSE - H12-26', '2018-04-28', 13, 396, 396, 396, 13, 13),
(428, 3, '10428', 'PURSE - H12-27', '2018-04-28', 7, 396, 396, 396, 7, 7),
(429, 3, '10429', 'PURSE - H12-28', '2018-04-28', 1, 396, 396, 396, 1, 1),
(430, 3, '10430', 'PURSE - H12-29', '2018-04-28', 9, 396, 396, 396, 9, 9),
(431, 3, '10431', 'PURSE - H12-30', '2018-04-28', 13, 396, 396, 396, 13, 13),
(432, 3, '10432', 'PURSE - H12-32', '2018-04-28', 9, 396, 396, 396, 9, 9),
(433, 3, '10433', 'PURSE - H12-33', '2018-04-28', 8, 396, 396, 396, 8, 8),
(434, 3, '10434', 'PURSE - H12-35', '2018-04-28', 1, 396, 396, 396, 1, 1),
(435, 3, '10435', 'PURSE - H12-38', '2018-04-28', 1, 396, 396, 396, 1, 1),
(436, 3, '10436', 'PURSE - H12-41', '2018-04-28', 1, 720, 720, 720, 1, 1),
(437, 3, '10437', 'PURSE - H12-43', '2018-04-28', 3, 324, 324, 324, 3, 3),
(438, 3, '10438', 'PURSE - H12-47', '2018-04-28', 3, 324, 324, 324, 3, 3),
(439, 3, '10439', 'PURSE - H13-5', '2018-04-28', 59, 468, 468, 468, 59, 59),
(440, 3, '10440', 'PURSE - H13-6', '2018-04-28', 3, 576, 576, 576, 3, 3),
(441, 3, '10441', 'PURSE - H13-7', '2018-04-28', 28, 576, 576, 576, 28, 28),
(442, 3, '10442', 'PURSE - H13-8', '2018-04-28', 44, 576, 576, 576, 44, 44),
(443, 3, '10443', 'PURSE - H13-9', '2018-04-28', 25, 576, 576, 576, 25, 25),
(444, 3, '10444', 'PURSE - H13-10', '2018-04-28', 60, 576, 576, 576, 60, 60),
(445, 3, '10445', 'SIDE BAG - H13-13', '2018-04-28', 43, 540, 540, 540, 43, 43),
(446, 3, '10446', 'PURSE - H13-16', '2018-04-28', 1, 360, 360, 360, 1, 1),
(447, 3, '10447', 'PURSE - H13-17', '2018-04-28', 1, 360, 360, 360, 1, 1),
(448, 3, '10448', 'PURSE - H13-18', '2018-04-28', 6, 360, 360, 360, 6, 6),
(449, 3, '10449', 'PURSE - H14-1', '2018-04-28', 137, 540, 540, 540, 137, 137),
(450, 3, '10450', 'PURSE - H14-2', '2018-04-28', 183, 540, 540, 540, 183, 183),
(451, 3, '10451', 'PURSE - H14-3', '2018-04-28', 217, 540, 540, 540, 217, 217),
(452, 3, '10452', 'PURSE - H14-4', '2018-04-28', 218, 540, 540, 540, 218, 218),
(453, 3, '10453', 'PURSE - H14-5', '2018-04-28', 142, 414, 414, 414, 142, 142),
(454, 3, '10454', 'PURSE - H16-1', '2018-04-28', 1, 396, 396, 396, 1, 1),
(455, 3, '10455', 'PURSE - H16-2', '2018-04-28', 50, 378, 378, 378, 50, 50),
(456, 3, '10456', 'PURSE - H16-4', '2018-04-28', 42, 432, 432, 432, 42, 42),
(457, 3, '10457', 'PURSE - H16-5', '2018-04-28', 14, 450, 450, 450, 14, 14),
(458, 3, '10458', 'PURSE - H16-6', '2018-04-28', 8, 468, 468, 468, 8, 8),
(459, 3, '10459', 'PURSE - H17-1', '2018-04-28', 225, 576, 576, 576, 225, 225),
(460, 3, '10460', 'PURSE - H17-2', '2018-04-28', 109, 468, 468, 468, 109, 109),
(461, 3, '10461', 'PURSE - H17-3', '2018-04-28', 63, 468, 468, 468, 63, 63),
(462, 3, '10462', 'PURSE - H17-4', '2018-04-28', 149, 450, 450, 450, 149, 149),
(463, 3, '10463', 'PURSE - H18-1', '2018-04-28', 4, 288, 288, 288, 4, 4),
(464, 3, '10464', 'PURSE - H19-1', '2018-04-28', 78, 360, 360, 360, 78, 78),
(465, 3, '10465', 'PURSE - H19-2', '2018-04-28', 4, 298.8, 298.8, 298.8, 4, 4),
(466, 3, '10466', 'PURSE - H19-4', '2018-04-28', 1, 342, 342, 342, 1, 1),
(467, 3, '10467', 'PURSE - H19-5', '2018-04-28', 1, 306, 306, 306, 1, 1),
(468, 3, '10468', 'PURSE - H19-6', '2018-04-28', 3, 306, 306, 306, 3, 3),
(469, 3, '10469', 'PURSE - H19-7', '2018-04-28', 48, 522, 522, 522, 48, 48),
(470, 3, '10470', 'SERVIET - H20-1', '2018-04-28', 799, 46.8, 46.8, 46.8, 799, 799),
(471, 3, '10471', 'SERVIET - H20-2', '2018-04-28', 801, 54, 54, 54, 801, 801),
(472, 3, '10472', 'SERVIET - H20-3', '2018-04-28', 921, 64.8, 64.8, 64.8, 921, 921),
(473, 3, '10473', 'SERVIET - H20-4', '2018-04-28', 967, 64.8, 64.8, 64.8, 967, 967),
(474, 3, '10474', 'SERVIET - H20-5', '2018-04-28', 564, 46.8, 46.8, 46.8, 564, 564),
(475, 3, '10475', 'SERVIET - H20-6', '2018-04-28', 899, 25.2, 25.2, 25.2, 899, 899),
(476, 3, '10476', 'SERVIET - H20-7', '2018-04-28', 660, 18, 18, 18, 660, 660),
(477, 3, '10477', 'SERVIET - H20-8', '2018-04-28', 660, 21.6, 21.6, 21.6, 660, 660),
(478, 3, '10478', 'SERVIET - H20-9', '2018-04-28', 1028, 54, 54, 54, 1028, 1028),
(479, 3, '10479', 'SERVIET - H20-10', '2018-04-28', 684, 46.8, 46.8, 46.8, 684, 684),
(480, 3, '10480', 'SERVIET - H20-11', '2018-04-28', 936, 54, 54, 54, 936, 936),
(481, 3, '10481', 'SERVIET - H20-12', '2018-04-28', 979, 57.6, 57.6, 57.6, 979, 979),
(482, 3, '10482', 'SERVIET - H20-13', '2018-04-28', 706, 28.8, 28.8, 28.8, 706, 706),
(483, 3, '10483', 'SERVIET - H20-14', '2018-04-28', 71, 18, 18, 18, 71, 71),
(484, 3, '10484', 'SERVIET - H20-15', '2018-04-28', 779, 54, 54, 54, 779, 779),
(485, 3, '10485', 'SERVIET - H20-16', '2018-04-28', 700, 46.8, 46.8, 46.8, 700, 700),
(486, 3, '10486', 'SERVIET - H20-18', '2018-04-28', 899, 46.8, 46.8, 46.8, 899, 899),
(487, 3, '10487', 'SERVIET - H20-19', '2018-04-28', 1060, 46.8, 46.8, 46.8, 1060, 1060),
(488, 3, '10488', 'SERVIET - H20-20', '2018-04-28', 445, 21.6, 21.6, 21.6, 445, 445),
(489, 3, '10489', 'SERVIET - H20-21', '2018-04-28', 515, 18, 18, 18, 515, 515),
(490, 3, '10490', 'SERVIET - H20-23', '2018-04-28', 815, 72, 72, 72, 815, 815),
(491, 3, '10491', 'SERVIET - H22-1', '2018-04-28', 636, 50.4, 50.4, 50.4, 636, 636),
(492, 3, '10492', 'SERVIET - H22-2', '2018-04-28', 815, 46.8, 46.8, 46.8, 815, 815),
(493, 3, '10493', 'SERVIET - H22-3', '2018-04-28', 758, 34.2, 34.2, 34.2, 758, 758),
(494, 3, '10494', 'SERVIET - H22-6', '2018-04-28', 468, 34.2, 34.2, 34.2, 468, 468),
(495, 3, '10495', 'SERVIET - H22-8', '2018-04-28', 1091, 18, 18, 18, 1091, 1091),
(496, 3, '10496', 'SERVIET - H22-9', '2018-04-28', 659, 16.2, 16.2, 16.2, 659, 659),
(497, 4, '10497', 'WOOL BAND - Y1-1', '2018-04-28', 300, 30.4, 30.4, 30.4, 300, 300),
(498, 4, '10498', 'WOOL BAND - Y1-3', '2018-04-28', 75, 32.3, 32.3, 32.3, 75, 75),
(499, 4, '10499', 'WOOL BAND - Y1-4', '2018-04-28', 85, 20.9, 20.9, 20.9, 85, 85),
(500, 4, '10500', 'WOOL BAND - Y1-5', '2018-04-28', 200, 26.6, 26.6, 26.6, 200, 200),
(501, 4, '10501', 'WOOL BAND - Y1-7', '2018-04-28', 100, 32.3, 32.3, 32.3, 100, 100),
(502, 4, '10502', 'WOOL BAND - Y1-8', '2018-04-28', 100, 17.1, 17.1, 17.1, 100, 100),
(503, 4, '10503', 'WOOL BAND - Y1-9', '2018-04-28', 82, 32.3, 32.3, 32.3, 82, 82),
(504, 4, '10504', 'WOOL BAND - Y1-10', '2018-04-28', 100, 24.7, 24.7, 24.7, 100, 100),
(505, 4, '10505', 'WOOL BAND - Y1-11', '2018-04-28', 137, 20.9, 20.9, 20.9, 137, 137),
(506, 4, '10506', 'WOOL BAND - Y1-12', '2018-04-28', 78, 38, 38, 38, 78, 78),
(507, 4, '10507', 'WOOL BAND - Y1-14', '2018-04-28', 100, 20.9, 20.9, 20.9, 100, 100),
(508, 4, '10508', 'WOOL BAND - Y1-15', '2018-04-28', 163, 19, 19, 19, 163, 163),
(509, 4, '10509', 'WOOL BAND - Y1-16', '2018-04-28', 288, 24.7, 24.7, 24.7, 288, 288),
(510, 4, '10510', 'WOOL BAND - Y1-17', '2018-04-28', 300, 32.3, 32.3, 32.3, 300, 300),
(511, 4, '10511', 'WOOL BAND - Y1-18', '2018-04-28', 100, 34.2, 34.2, 34.2, 100, 100),
(512, 4, '10512', 'WOOL BAND - Y1-19', '2018-04-28', 100, 32.3, 32.3, 32.3, 100, 100),
(513, 4, '10513', 'WOOL BAND - Y1-20', '2018-04-28', 61, 38, 38, 38, 61, 61),
(514, 4, '10514', 'WOOL BAND - Y1-21', '2018-04-28', 200, 32.3, 32.3, 32.3, 200, 200),
(515, 4, '10515', 'WOOL BAND - Y1-22', '2018-04-28', 400, 30.4, 30.4, 30.4, 400, 400),
(516, 4, '10516', 'WOOL BAND - Y1-23', '2018-04-28', 100, 38, 38, 38, 100, 100),
(517, 4, '10517', 'WOOL BAND - Y1-24', '2018-04-28', 100, 19, 19, 19, 100, 100),
(518, 4, '10518', 'WOOL BAND - Y1-25', '2018-04-28', 346, 53.2, 53.2, 53.2, 346, 346),
(519, 4, '10519', 'WOOL BAND - Y1-26', '2018-04-28', 100, 9.5, 9.5, 9.5, 100, 100),
(520, 4, '10520', 'WOOL BAND - Y1-27', '2018-04-28', 145, 197.6, 197.6, 197.6, 145, 145),
(521, 4, '10521', 'WOOL BAND - Y1-28', '2018-04-28', 138, 197.6, 197.6, 197.6, 138, 138),
(522, 4, '10522', 'WOOL BAND - Y1-30', '2018-04-28', 124, 171, 171, 171, 124, 124),
(523, 4, '10523', 'KEY TAG - Y3-1', '2018-04-28', 27, 114, 114, 114, 27, 27),
(524, 4, '10524', 'KEY TAG - Y3-2', '2018-04-28', 492, 171, 171, 171, 492, 492),
(525, 4, '10525', 'KEY TAG - Y3-3', '2018-04-28', 114, 171, 171, 171, 114, 114),
(526, 4, '10526', 'KEY TAG - Y3-4', '2018-04-28', 126, 247, 247, 247, 126, 126),
(527, 4, '10527', 'KEY TAG - Y3-5', '2018-04-28', 17, 209, 209, 209, 17, 17),
(528, 4, '10528', 'KEY TAG - Y3-9', '2018-04-28', 252, 68.4, 68.4, 68.4, 252, 252),
(529, 4, '10529', 'SAREE BROOCH - Y5-1', '2018-04-28', 354, 171, 171, 171, 354, 354),
(530, 4, '10530', 'SAREE BROOCH - Y5-2', '2018-04-28', 3630, 133, 133, 133, 3630, 3630),
(531, 4, '10531', 'WOOL BAND - Y6-1', '2018-04-28', 57, 22.8, 22.8, 22.8, 57, 57),
(532, 4, '10532', 'WOOL BAND - Y6-2', '2018-04-28', 264, 38, 38, 38, 264, 264),
(533, 4, '10533', 'WOOL BAND - Y6-3', '2018-04-28', 168, 38, 38, 38, 168, 168),
(534, 4, '10534', 'WOOL BAND - Y6-6', '2018-04-28', 988, 15.2, 15.2, 15.2, 988, 988),
(535, 4, '10535', 'WOOL BAND - Y6-7', '2018-04-28', 30, 38, 38, 38, 30, 30),
(536, 4, '10536', 'WOOL BAND - Y6-8', '2018-04-28', 288, 22.8, 22.8, 22.8, 288, 288),
(537, 4, '10537', 'WOOL BAND - Y6-9', '2018-04-28', 172, 38, 38, 38, 172, 172),
(538, 4, '10538', 'WOOL BAND - Y6-10', '2018-04-28', 229, 38, 38, 38, 229, 229),
(539, 4, '10539', 'WOOL BAND - Y6-11', '2018-04-28', 98, 22.8, 22.8, 22.8, 98, 98),
(540, 4, '10540', 'WOOL BAND - Y6-13', '2018-04-28', 46, 26.6, 26.6, 26.6, 46, 46),
(541, 4, '10541', 'WOOL BAND - Y6-14', '2018-04-28', 100, 26.6, 26.6, 26.6, 100, 100),
(542, 4, '10542', 'WOOL BAND - Y6-16', '2018-04-28', 500, 30.4, 30.4, 30.4, 500, 500),
(543, 4, '10543', 'WOOL BAND - Y6-17', '2018-04-28', 187, 32.3, 32.3, 32.3, 187, 187),
(544, 4, '10544', 'WOOL BAND - Y6-19', '2018-04-28', 100, 30.4, 30.4, 30.4, 100, 100),
(545, 4, '10545', 'WOOL BAND - Y6-20', '2018-04-28', 100, 22.8, 22.8, 22.8, 100, 100),
(546, 4, '10546', 'WOOL BAND - Y6-21', '2018-04-28', 322, 30.4, 30.4, 30.4, 322, 322),
(547, 4, '10547', 'WOOL BAND - Y6-22', '2018-04-28', 87, 32.3, 32.3, 32.3, 87, 87),
(548, 4, '10548', 'WOOL BAND - Y6-24', '2018-04-28', 200, 26.6, 26.6, 26.6, 200, 200),
(549, 4, '10549', 'WOOL BAND - Y6-25', '2018-04-28', 100, 41.8, 41.8, 41.8, 100, 100),
(550, 4, '10550', 'BABY CLIP - Y8-3', '2018-04-28', 89, 342, 342, 342, 89, 89),
(551, 4, '10551', 'BABY CLIP - Y8-4', '2018-04-28', 4, 380, 380, 380, 4, 4),
(552, 4, '10552', 'BABY CLIP - Y8-5', '2018-04-28', 96, 266, 266, 266, 96, 96),
(553, 4, '10553', 'WOOL BAND - Y9-2', '2018-04-28', 20, 29.64, 29.64, 29.64, 20, 20),
(554, 4, '10554', 'WOOL BAND - Y9-3', '2018-04-28', 20, 32.3, 32.3, 32.3, 20, 20),
(555, 4, '10555', 'WOOL BAND - Y9-4', '2018-04-28', 20, 30.4, 30.4, 30.4, 20, 20),
(556, 4, '10556', 'WOOL BAND - Y9-5', '2018-04-28', 20, 31.16, 31.16, 31.16, 20, 20),
(557, 4, '10557', 'WOOL BAND - Y9-6', '2018-04-28', 20, 33.44, 33.44, 33.44, 20, 20),
(558, 4, '10558', 'WOOL BAND - Y9-8', '2018-04-28', 20, 31.16, 31.16, 31.16, 20, 20),
(559, 4, '10559', 'WOOL BAND - Y9-9', '2018-04-28', 40, 33.44, 33.44, 33.44, 40, 40),
(560, 4, '10560', 'WOOL BAND - Y9-10', '2018-04-28', 20, 33.44, 33.44, 33.44, 20, 20),
(561, 4, '10561', 'WOOL BAND - Y9-11', '2018-04-28', 20, 34.2, 34.2, 34.2, 20, 20),
(562, 4, '10562', 'WOOL BAND - Y9-12', '2018-04-28', 20, 31.16, 31.16, 31.16, 20, 20),
(563, 4, '10563', 'WOOL BAND - Y9-14', '2018-04-28', 40, 31.16, 31.16, 31.16, 40, 40),
(564, 4, '10564', 'WOOL BAND - Y9-15', '2018-04-28', 40, 31.16, 31.16, 31.16, 40, 40),
(565, 4, '10565', 'WOOL BAND - Y9-16', '2018-04-28', 20, 34.2, 34.2, 34.2, 20, 20),
(566, 4, '10566', 'WOOL BAND - Y9-17', '2018-04-28', 20, 31.16, 31.16, 31.16, 20, 20),
(567, 4, '10567', 'WOOL BAND - Y9-18', '2018-04-28', 40, 31.16, 31.16, 31.16, 40, 40),
(568, 4, '10568', 'WOOL BAND - Y9-20', '2018-04-28', 40, 38, 38, 38, 40, 40),
(569, 4, '10569', 'SAREE BROOCH - Y10-1', '2018-04-28', 36, 247, 247, 247, 36, 36),
(570, 4, '10570', 'SAREE BROOCH - Y10-8', '2018-04-28', 48, 133, 133, 133, 48, 48),
(571, 4, '10571', 'SAREE BROOCH - Y10-9', '2018-04-28', 48, 133, 133, 133, 48, 48),
(572, 4, '10572', 'SAREE BROOCH - Y10-10', '2018-04-28', 42, 133, 133, 133, 42, 42),
(573, 4, '10573', 'SAREE BROOCH - Y10-11', '2018-04-28', 48, 133, 133, 133, 48, 48),
(574, 4, '10574', 'SAREE BROOCH - Y10-12', '2018-04-28', 64, 133, 133, 133, 64, 64),
(575, 4, '10575', 'SAREE BROOCH - Y10-13', '2018-04-28', 64, 133, 133, 133, 64, 64),
(576, 4, '10576', 'SAREE BROOCH - Y10-14', '2018-04-28', 64, 133, 133, 133, 64, 64),
(577, 4, '10577', 'SAREE BROOCH - Y10-15', '2018-04-28', 64, 133, 133, 133, 64, 64),
(578, 4, '10578', 'SAREE BROOCH - Y10-16', '2018-04-28', 32, 133, 133, 133, 32, 32),
(579, 4, '10579', 'SAREE BROOCH - Y10-17', '2018-04-28', 10, 133, 133, 133, 10, 10),
(580, 4, '10580', 'SAREE BROOCH - Y10-18', '2018-04-28', 64, 133, 133, 133, 64, 64),
(581, 4, '10581', 'SAREE BROOCH - Y10-20', '2018-04-28', 18, 114, 114, 114, 18, 18),
(582, 4, '10582', 'SAREE BROOCH - Y10-22', '2018-04-28', 18, 114, 114, 114, 18, 18),
(583, 4, '10583', 'SAREE BROOCH - Y10-23', '2018-04-28', 18, 114, 114, 114, 18, 18),
(584, 4, '10584', 'SAREE BROOCH - Y10-24', '2018-04-28', 36, 114, 114, 114, 36, 36),
(585, 4, '10585', 'SAREE BROOCH - Y10-26', '2018-04-28', 24, 114, 114, 114, 24, 24),
(586, 4, '10586', 'SAREE BROOCH - Y10-27', '2018-04-28', 24, 114, 114, 114, 24, 24),
(587, 4, '10587', 'SAREE BROOCH - Y10-30', '2018-04-28', 24, 76, 76, 76, 24, 24),
(588, 4, '10588', 'SAREE BROOCH - Y10-31', '2018-04-28', 48, 76, 76, 76, 48, 48),
(589, 4, '10589', 'SAREE BROOCH - Y10-32', '2018-04-28', 36, 76, 76, 76, 36, 36),
(590, 4, '10590', 'SAREE BROOCH - Y10-33', '2018-04-28', 48, 76, 76, 76, 48, 48),
(591, 4, '10591', 'HAIR PIN - Y12-1', '2018-04-28', 470, 36.1, 36.1, 36.1, 470, 470),
(592, 4, '10592', 'HAIR PIN - Y12-2', '2018-04-28', 1118, 39.9, 39.9, 39.9, 1118, 1118),
(593, 4, '10593', 'HAIR PIN - Y12-3', '2018-04-28', 407, 34.2, 34.2, 34.2, 407, 407),
(594, 4, '10594', 'HAIR PIN - Y12-4', '2018-04-28', 127, 39.9, 39.9, 39.9, 127, 127),
(595, 4, '10595', 'HAIR PIN - Y12-5', '2018-04-28', 369, 39.9, 39.9, 39.9, 369, 369),
(596, 4, '10596', 'HAIR PIN - Y12-7', '2018-04-28', 1, 22.8, 22.8, 22.8, 1, 1),
(597, 4, '10597', 'HAIR PIN - Y12-9', '2018-04-28', 19, 24.7, 24.7, 24.7, 19, 19),
(598, 4, '10598', 'HAIR PIN - Y12-10', '2018-04-28', 1, 38, 38, 38, 1, 1),
(599, 4, '10599', 'HAIR PIN - Y12-11', '2018-04-28', 428, 39.9, 39.9, 39.9, 428, 428),
(600, 4, '10600', 'HAIR PIN - Y12-12', '2018-04-28', 164, 39.9, 39.9, 39.9, 164, 164),
(601, 4, '10601', 'HAIR PIN - Y12-13', '2018-04-28', 281, 38, 38, 38, 281, 281),
(602, 4, '10602', 'HAIR PIN - Y13-1', '2018-04-28', 264, 39.9, 39.9, 39.9, 264, 264),
(603, 4, '10603', 'HAIR PIN - Y13-2', '2018-04-28', 298, 39.9, 39.9, 39.9, 298, 298),
(604, 4, '10604', 'HAIR PIN - Y13-3', '2018-04-28', 360, 39.9, 39.9, 39.9, 360, 360),
(605, 4, '10605', 'HAIR PIN - Y13-4', '2018-04-28', 348, 39.9, 39.9, 39.9, 348, 348),
(606, 4, '10606', 'HAIR PIN - Y13-5', '2018-04-28', 348, 39.9, 39.9, 39.9, 348, 348),
(607, 4, '10607', 'HAIR PIN - Y13-6', '2018-04-28', 336, 39.9, 39.9, 39.9, 336, 336),
(608, 4, '10608', 'HAIR PIN - Y13-7', '2018-04-28', 372, 39.9, 39.9, 39.9, 372, 372),
(609, 4, '10609', 'HAIR PIN - Y13-8', '2018-04-28', 348, 39.9, 39.9, 39.9, 348, 348),
(610, 4, '10610', 'HAIR PIN - Y13-9', '2018-04-28', 372, 51.3, 51.3, 51.3, 372, 372),
(611, 4, '10611', 'HAIR PIN - Y13-10', '2018-04-28', 408, 51.3, 51.3, 51.3, 408, 408),
(612, 4, '10612', 'HAIR PIN - Y13-11', '2018-04-28', 348, 51.3, 51.3, 51.3, 348, 348),
(613, 4, '10613', 'HAIR PIN - Y13-12', '2018-04-28', 444, 51.3, 51.3, 51.3, 444, 444),
(614, 4, '10614', 'HAIR PIN - Y13-13', '2018-04-28', 348, 39.9, 39.9, 39.9, 348, 348),
(615, 4, '10615', 'HAIR PIN - Y13-14', '2018-04-28', 372, 39.9, 39.9, 39.9, 372, 372),
(616, 4, '10616', 'HAIR PIN - Y13-15', '2018-04-28', 375, 53.2, 53.2, 53.2, 375, 375),
(617, 4, '10617', 'HAIR PIN - Y13-16', '2018-04-28', 360, 53.2, 53.2, 53.2, 360, 360),
(618, 4, '10618', 'HAIR PIN - Y13-17', '2018-04-28', 396, 53.2, 53.2, 53.2, 396, 396),
(619, 4, '10619', 'HAIR PIN - Y13-18', '2018-04-28', 468, 47.5, 47.5, 47.5, 468, 468),
(620, 4, '10620', 'HAIR PIN - Y13-19', '2018-04-28', 438, 72.2, 72.2, 72.2, 438, 438),
(621, 4, '10621', 'HAIR PIN - Y13-20', '2018-04-28', 336, 57, 57, 57, 336, 336),
(622, 4, '10622', 'HAIR PIN - Y13-22', '2018-04-28', 396, 57, 57, 57, 396, 396),
(623, 4, '10623', 'HAIR PIN - Y13-23', '2018-04-28', 70, 95, 95, 95, 70, 70),
(624, 4, '10624', 'HAIR PIN - Y13-24', '2018-04-28', 264, 24.7, 24.7, 24.7, 264, 264),
(625, 4, '10625', 'HAIR PIN - Y13-25', '2018-04-28', 36, 13.3, 13.3, 13.3, 36, 36),
(626, 4, '10626', 'HAIR PIN - Y13-26', '2018-04-28', 96, 13.3, 13.3, 13.3, 96, 96),
(627, 4, '10627', 'HAIR PIN - Y13-27', '2018-04-28', 108, 13.3, 13.3, 13.3, 108, 108),
(628, 4, '10628', 'HAIR PIN - Y13-28', '2018-04-28', 84, 15.2, 15.2, 15.2, 84, 84),
(629, 4, '10629', 'HAIR PIN - Y13-29', '2018-04-28', 264, 15.2, 15.2, 15.2, 264, 264),
(630, 4, '10630', 'HAIR PIN - Y13-30', '2018-04-28', 240, 15.2, 15.2, 15.2, 240, 240),
(631, 4, '10631', 'HAIR PIN - Y13-31', '2018-04-28', 240, 15.2, 15.2, 15.2, 240, 240),
(632, 4, '10632', 'HAIR PIN - Y13-32', '2018-04-28', 84, 15.2, 15.2, 15.2, 84, 84),
(633, 4, '10633', 'HAIR PIN - Y13-33', '2018-04-28', 48, 15.2, 15.2, 15.2, 48, 48),
(634, 4, '10634', 'HAIR PIN - Y13-34', '2018-04-28', 204, 15.2, 15.2, 15.2, 204, 204),
(635, 4, '10635', 'HAIR PIN - Y13-35', '2018-04-28', 216, 15.2, 15.2, 15.2, 216, 216),
(636, 4, '10636', 'HAIR PIN - Y13-36', '2018-04-28', 355, 57, 57, 57, 355, 355),
(637, 4, '10637', 'HAIR PIN - Y13-37', '2018-04-28', 372, 57, 57, 57, 372, 372),
(638, 4, '10638', 'HAIR PIN - Y13-38', '2018-04-28', 300, 41.8, 41.8, 41.8, 300, 300),
(639, 4, '10639', 'HAIR PIN - Y13-39', '2018-04-28', 229, 41.8, 41.8, 41.8, 229, 229),
(640, 4, '10640', 'HAIR PIN - Y13-40', '2018-04-28', 288, 41.8, 41.8, 41.8, 288, 288),
(641, 4, '10641', 'HAIR PIN - Y13-41', '2018-04-28', 348, 41.8, 41.8, 41.8, 348, 348),
(642, 4, '10642', 'HAIR PIN - Y13-42', '2018-04-28', 330, 39.9, 39.9, 39.9, 330, 330),
(643, 4, '10643', 'HAIR PIN - Y13-43', '2018-04-28', 360, 34.2, 34.2, 34.2, 360, 360),
(644, 4, '10644', 'HAIR PIN - Y13-44', '2018-04-28', 296, 34.2, 34.2, 34.2, 296, 296),
(645, 4, '10645', 'HAIR PIN - Y13-45', '2018-04-28', 360, 39.9, 39.9, 39.9, 360, 360);
INSERT INTO `0_purch_order_details` (`po_detail_item`, `order_no`, `item_code`, `description`, `delivery_date`, `qty_invoiced`, `unit_price`, `act_price`, `std_cost_unit`, `quantity_ordered`, `quantity_received`) VALUES
(646, 4, '10646', 'HAIR PIN - Y13-46', '2018-04-28', 360, 39.9, 39.9, 39.9, 360, 360),
(647, 4, '10647', 'HAIR PIN - Y13-47', '2018-04-28', 180, 26.6, 26.6, 26.6, 180, 180),
(648, 4, '10648', 'HAIR PIN - Y13-48', '2018-04-28', 360, 30.4, 30.4, 30.4, 360, 360),
(649, 4, '10649', 'HAIR PIN - Y13-49', '2018-04-28', 360, 30.4, 30.4, 30.4, 360, 360),
(650, 4, '10650', 'HAIR PIN - Y13-50', '2018-04-28', 372, 30.4, 30.4, 30.4, 372, 372),
(651, 4, '10651', 'HAIR PIN - Y13-51', '2018-04-28', 345, 49.4, 49.4, 49.4, 345, 345),
(652, 4, '10652', 'HAIR PIN - Y13-52', '2018-04-28', 372, 45.6, 45.6, 45.6, 372, 372),
(653, 4, '10653', 'HAIR PIN - Y13-53', '2018-04-28', 408, 45.6, 45.6, 45.6, 408, 408),
(654, 4, '10654', 'HAIR PIN - Y13-54', '2018-04-28', 396, 45.6, 45.6, 45.6, 396, 396),
(655, 4, '10655', 'HAIR PIN - Y13-55', '2018-04-28', 360, 45.6, 45.6, 45.6, 360, 360),
(656, 4, '10656', 'HAIR PIN - Y13-56', '2018-04-28', 408, 45.6, 45.6, 45.6, 408, 408),
(657, 4, '10657', 'HAIR PIN - Y13-57', '2018-04-28', 396, 57, 57, 57, 396, 396),
(658, 4, '10658', 'HAIR PIN - Y13-58', '2018-04-28', 384, 45.6, 45.6, 45.6, 384, 384),
(659, 4, '10659', 'HAIR PIN - Y13-59', '2018-04-28', 396, 45.6, 45.6, 45.6, 396, 396),
(660, 4, '10660', 'HAIR PIN - Y13-60', '2018-04-28', 348, 45.6, 45.6, 45.6, 348, 348),
(661, 4, '10661', 'HAIR PIN - Y13-61', '2018-04-28', 480, 53.2, 53.2, 53.2, 480, 480),
(662, 4, '10662', 'HAIR PIN - Y13-62', '2018-04-28', 444, 79.8, 79.8, 79.8, 444, 444),
(663, 4, '10663', 'BEACH BAG - Y14-1', '2018-04-28', 13, 323, 323, 323, 13, 13),
(664, 4, '10664', 'BEACH BAG - Y14-2', '2018-04-28', 2, 323, 323, 323, 2, 2),
(665, 4, '10665', 'BEACH BAG - Y14-3', '2018-04-28', 19, 323, 323, 323, 19, 19),
(666, 4, '10666', 'BEACH BAG - Y14-5', '2018-04-28', 33, 323, 323, 323, 33, 33),
(667, 4, '10667', 'BEACH BAG - Y14-6', '2018-04-28', 17, 323, 323, 323, 17, 17),
(668, 4, '10668', 'BEACH BAG - Y14-7', '2018-04-28', 39, 323, 323, 323, 39, 39),
(669, 4, '10669', 'BEACH BAG - Y14-8', '2018-04-28', 15, 323, 323, 323, 15, 15),
(670, 4, '10670', 'BEACH BAG - Y14-9', '2018-04-28', 13, 323, 323, 323, 13, 13),
(671, 4, '10671', 'BEACH BAG - Y14-10', '2018-04-28', 7, 323, 323, 323, 7, 7),
(672, 4, '10672', 'BEACH BAG - Y14-11', '2018-04-28', 19, 323, 323, 323, 19, 19),
(673, 4, '10673', 'BEACH BAG - Y14-13', '2018-04-28', 46, 323, 323, 323, 46, 46),
(674, 4, '10674', 'BEACH BAG - Y14-14', '2018-04-28', 66, 323, 323, 323, 66, 66),
(675, 4, '10675', 'BEACH BAG - Y14-15', '2018-04-28', 17, 323, 323, 323, 17, 17),
(676, 4, '10676', 'BEACH BAG - Y14-16', '2018-04-28', 65, 323, 323, 323, 65, 65),
(677, 4, '10677', 'BEACH BAG - Y14-17', '2018-04-28', 20, 323, 323, 323, 20, 20),
(678, 4, '10678', 'BEACH BAG - Y14-18', '2018-04-28', 55, 323, 323, 323, 55, 55),
(679, 4, '10679', 'BEACH BAG - Y14-19', '2018-04-28', 19, 323, 323, 323, 19, 19),
(680, 4, '10680', 'BEACH BAG - Y14-20', '2018-04-28', 3, 323, 323, 323, 3, 3),
(681, 4, '10681', 'BEACH BAG - Y14-21', '2018-04-28', 49, 323, 323, 323, 49, 49),
(682, 4, '10682', 'BEACH BAG - Y14-23', '2018-04-28', 18, 323, 323, 323, 18, 18),
(683, 4, '10683', 'BEACH BAG - Y14-25', '2018-04-28', 3, 323, 323, 323, 3, 3),
(684, 4, '10684', 'BEACH BAG - Y14-27', '2018-04-28', 23, 323, 323, 323, 23, 23),
(685, 4, '10685', 'BEACH BAG - Y14-28', '2018-04-28', 11, 323, 323, 323, 11, 11),
(686, 4, '10686', 'BEACH BAG - Y14-29', '2018-04-28', 12, 323, 323, 323, 12, 12),
(687, 4, '10687', 'BEACH BAG - Y14-31', '2018-04-28', 1, 323, 323, 323, 1, 1),
(688, 4, '10688', 'BEACH BAG - Y14-32', '2018-04-28', 34, 323, 323, 323, 34, 34),
(689, 4, '10689', 'BEACH BAG - Y14-33', '2018-04-28', 27, 323, 323, 323, 27, 27),
(690, 4, '10690', 'BEACH BAG - Y14-34', '2018-04-28', 38, 323, 323, 323, 38, 38),
(691, 4, '10691', 'BEACH BAG - Y14-36', '2018-04-28', 1, 323, 323, 323, 1, 1),
(692, 4, '10692', 'BEACH BAG - Y14-37', '2018-04-28', 22, 323, 323, 323, 22, 22),
(693, 4, '10693', 'BEACH BAG - Y14-38', '2018-04-28', 39, 323, 323, 323, 39, 39),
(694, 4, '10694', 'BEACH BAG - Y14-40', '2018-04-28', 14, 323, 323, 323, 14, 14),
(695, 4, '10695', 'BEACH BAG - Y14-41', '2018-04-28', 44, 323, 323, 323, 44, 44),
(696, 4, '10696', 'BEACH BAG - Y14-45', '2018-04-28', 40, 323, 323, 323, 40, 40),
(697, 4, '10697', 'BEACH BAG - Y14-47', '2018-04-28', 71, 323, 323, 323, 71, 71),
(698, 4, '10698', 'BEACH BAG - Y14-53', '2018-04-28', 6, 323, 323, 323, 6, 6),
(699, 4, '10699', 'BEACH BAG - Y14-55', '2018-04-28', 1, 323, 323, 323, 1, 1),
(700, 4, '10700', 'HAND BAG - Y15-2', '2018-04-28', 2, 1330, 1330, 1330, 2, 2),
(701, 4, '10701', 'HAND BAG - Y15-3', '2018-04-28', 4, 2090, 2090, 2090, 4, 4),
(702, 4, '10702', 'HAND BAG - Y15-8', '2018-04-28', 3, 1824, 1824, 1824, 3, 3),
(703, 4, '10703', 'HAND BAG - Y15-9', '2018-04-28', 2, 1748, 1748, 1748, 2, 2),
(704, 4, '10704', 'BAGPACK - Y16-1', '2018-04-28', 20, 760, 760, 760, 20, 20),
(705, 4, '10705', 'BAGPACK - Y16-2', '2018-04-28', 41, 760, 760, 760, 41, 41),
(706, 4, '10706', 'BAGPACK - Y16-3', '2018-04-28', 18, 646, 646, 646, 18, 18),
(707, 4, '10707', 'BAGPACK - Y16-4', '2018-04-28', 36, 627, 627, 627, 36, 36),
(708, 4, '10708', 'BAGPACK - Y16-5', '2018-04-28', 42, 760, 760, 760, 42, 42),
(709, 4, '10709', 'BAGPACK - Y16-6', '2018-04-28', 41, 760, 760, 760, 41, 41),
(710, 4, '10710', 'BAGPACK - Y16-7', '2018-04-28', 15, 760, 760, 760, 15, 15),
(711, 4, '10711', 'SIDE PURSE - Y17-1', '2018-04-28', 5, 437, 437, 437, 5, 5),
(712, 4, '10712', 'SIDE PURSE - Y17-2', '2018-04-28', 26, 437, 437, 437, 26, 26),
(713, 4, '10713', 'SIDE PURSE - Y17-4', '2018-04-28', 2, 437, 437, 437, 2, 2),
(714, 4, '10714', 'SIDE PURSE - Y17-5', '2018-04-28', 1, 437, 437, 437, 1, 1),
(715, 4, '10715', 'SIDE PURSE - Y17-6', '2018-04-28', 1, 437, 437, 437, 1, 1),
(716, 4, '10716', 'SIDE PURSE - Y17-7', '2018-04-28', 13, 437, 437, 437, 13, 13),
(717, 4, '10717', 'SIDE PURSE - Y17-8', '2018-04-28', 24, 437, 437, 437, 24, 24),
(718, 4, '10718', 'SIDE PURSE - Y17-10', '2018-04-28', 11, 437, 437, 437, 11, 11),
(719, 4, '10719', 'SIDE PURSE - Y17-11', '2018-04-28', 1, 437, 437, 437, 1, 1),
(720, 4, '10720', 'SIDE PURSE - Y17-14', '2018-04-28', 1, 1064, 1064, 1064, 1, 1),
(721, 4, '10721', 'SIDE PURSE - Y17-17', '2018-04-28', 1, 1178, 1178, 1178, 1, 1),
(722, 4, '10722', 'SIDE PURSE - Y17-19', '2018-04-28', 1, 1026, 1026, 1026, 1, 1),
(723, 4, '10723', 'SIDE PURSE - Y17-20', '2018-04-28', 1, 608, 608, 608, 1, 1),
(724, 4, '10724', 'LADIES PURSE - Y19-3', '2018-04-28', 4, 342, 342, 342, 4, 4),
(725, 4, '10725', 'LADIES PURSE - Y19-7', '2018-04-28', 4, 475, 475, 475, 4, 4),
(726, 4, '10726', 'LADIES PURSE - Y19-8', '2018-04-28', 22, 475, 475, 475, 22, 22),
(727, 4, '10727', 'LADIES PURSE - Y19-9', '2018-04-28', 1, 494, 494, 494, 1, 1),
(728, 4, '10728', 'LADIES PURSE - Y19-10', '2018-04-28', 1, 418, 418, 418, 1, 1),
(729, 4, '10729', 'LADIES PURSE - Y19-11', '2018-04-28', 2, 475, 475, 475, 2, 2),
(730, 4, '10730', 'LADIES PURSE - Y19-12', '2018-04-28', 8, 342, 342, 342, 8, 8),
(731, 4, '10731', 'LADIES PURSE - Y19-14', '2018-04-28', 1, 334.4, 334.4, 334.4, 1, 1),
(732, 4, '10732', 'LADIES PURSE - Y19-16', '2018-04-28', 2, 475, 475, 475, 2, 2),
(733, 4, '10733', 'LADIES PURSE - Y19-17', '2018-04-28', 2, 494, 494, 494, 2, 2),
(734, 4, '10734', 'LADIES PURSE - Y19-18', '2018-04-28', 1, 475, 475, 475, 1, 1),
(735, 4, '10735', 'LADIES PURSE - Y19-19', '2018-04-28', 14, 456, 456, 456, 14, 14),
(736, 4, '10736', 'LADIES PURSE - Y19-20', '2018-04-28', 2, 494, 494, 494, 2, 2),
(737, 4, '10737', 'LADIES PURSE - Y19-21', '2018-04-28', 5, 513, 513, 513, 5, 5),
(738, 4, '10738', 'LADIES PURSE - Y19-22', '2018-04-28', 6, 437, 437, 437, 6, 6),
(739, 4, '10739', 'LADIES PURSE - Y19-23', '2018-04-28', 1, 418, 418, 418, 1, 1),
(740, 4, '10740', 'LADIES PURSE - Y19-24', '2018-04-28', 1, 494, 494, 494, 1, 1),
(741, 4, '10741', 'LADIES PURSE - Y19-25', '2018-04-28', 2, 513, 513, 513, 2, 2),
(742, 4, '10742', 'LADIES PURSE - Y19-26', '2018-04-28', 1, 570, 570, 570, 1, 1),
(743, 4, '10743', 'GENTS PURSE - Y19-27', '2018-04-28', 19, 1444, 1444, 1444, 19, 19),
(744, 4, '10744', 'GENTS PURSE - Y19-28', '2018-04-28', 17, 1444, 1444, 1444, 17, 17),
(745, 4, '10745', 'GENTS PURSE - Y19-29', '2018-04-28', 21, 988, 988, 988, 21, 21),
(746, 4, '10746', 'GENTS PURSE - Y19-30', '2018-04-28', 6, 684, 684, 684, 6, 6),
(747, 4, '10747', 'GENTS PURSE - Y19-31', '2018-04-28', 20, 1330, 1330, 1330, 20, 20),
(748, 4, '10748', 'GENTS PURSE - Y19-32', '2018-04-28', 22, 1482, 1482, 1482, 22, 22),
(749, 4, '10749', 'GENTS PURSE - Y19-33', '2018-04-28', 8, 608, 608, 608, 8, 8),
(750, 4, '10750', 'GENTS PURSE - Y19-34', '2018-04-28', 6, 418, 418, 418, 6, 6),
(751, 4, '10751', 'GENTS PURSE - Y19-36', '2018-04-28', 8, 418, 418, 418, 8, 8),
(752, 4, '10752', 'GENTS PURSE - Y19-37', '2018-04-28', 5, 418, 418, 418, 5, 5),
(753, 4, '10753', 'GENTS PURSE - Y19-38', '2018-04-28', 7, 418, 418, 418, 7, 7),
(754, 4, '10754', 'GENTS PURSE - Y19-40', '2018-04-28', 1, 418, 418, 418, 1, 1),
(755, 4, '10755', 'GENTS PURSE - Y19-46', '2018-04-28', 1, 456, 456, 456, 1, 1),
(756, 4, '10756', 'GENTS PURSE - Y19-49', '2018-04-28', 12, 456, 456, 456, 12, 12),
(757, 4, '10757', 'GENTS PURSE - Y19-50', '2018-04-28', 14, 456, 456, 456, 14, 14),
(758, 4, '10758', 'GENTS PURSE - Y19-51', '2018-04-28', 8, 361, 361, 361, 8, 8),
(759, 4, '10759', 'SIDE PURSE - Y19-66', '2018-04-28', 1, 627, 627, 627, 1, 1),
(760, 4, '10760', 'SIDE PURSE - Y19-67', '2018-04-28', 3, 950, 950, 950, 3, 3),
(761, 4, '10761', 'SIDE PURSE - Y19-68', '2018-04-28', 1, 570, 570, 570, 1, 1),
(762, 4, '10762', 'SIDE PURSE - Y19-69', '2018-04-28', 2, 912, 912, 912, 2, 2),
(763, 4, '10763', 'SIDE PURSE - Y19-70', '2018-04-28', 4, 570, 570, 570, 4, 4),
(764, 4, '10764', 'SIDE PURSE - Y19-71', '2018-04-28', 2, 570, 570, 570, 2, 2),
(765, 4, '10765', 'KEY TAG - Y22-2', '2018-04-28', 71, 171, 171, 171, 71, 71),
(766, 4, '10766', 'KEY TAG - Y22-3', '2018-04-28', 102, 114, 114, 114, 102, 102),
(767, 4, '10767', 'KEY TAG - Y22-4', '2018-04-28', 81, 133, 133, 133, 81, 81),
(768, 4, '10768', 'KEY TAG - Y22-5', '2018-04-28', 63, 190, 190, 190, 63, 63),
(769, 4, '10769', 'KEY TAG - Y22-7', '2018-04-28', 98, 133, 133, 133, 98, 98),
(770, 4, '10770', 'KEY TAG - Y22-8', '2018-04-28', 93, 34.2, 34.2, 34.2, 93, 93),
(771, 4, '10771', 'KEY TAG - Y22-10', '2018-04-28', 82, 133, 133, 133, 82, 82),
(772, 4, '10772', 'LADIES PURSE - H5-1', '2018-04-28', 1, 530.1, 530.1, 530.1, 1, 1),
(773, 4, '10773', 'LADIES PURSE - H5-2', '2018-04-28', 3, 530.1, 530.1, 530.1, 3, 3),
(774, 4, '10774', 'LADIES PURSE - H5-3', '2018-04-28', 13, 530.1, 530.1, 530.1, 13, 13),
(775, 4, '10775', 'LADIES PURSE - H5-4', '2018-04-28', 63, 530.1, 530.1, 530.1, 63, 63),
(776, 4, '10776', 'LADIES PURSE - H5-5', '2018-04-28', 39, 530.1, 530.1, 530.1, 39, 39),
(777, 4, '10777', 'LADIES PURSE - H5-6', '2018-04-28', 57, 530.1, 530.1, 530.1, 57, 57);

-- --------------------------------------------------------

--
-- Table structure for table `0_quick_entries`
--

CREATE TABLE IF NOT EXISTS `0_quick_entries` (
  `id` smallint(6) unsigned NOT NULL,
  `type` tinyint(1) NOT NULL DEFAULT '0',
  `description` varchar(60) COLLATE utf8_unicode_ci NOT NULL,
  `usage` varchar(120) COLLATE utf8_unicode_ci DEFAULT NULL,
  `base_amount` double NOT NULL DEFAULT '0',
  `base_desc` varchar(60) COLLATE utf8_unicode_ci DEFAULT NULL,
  `bal_type` tinyint(1) NOT NULL DEFAULT '0'
) ENGINE=InnoDB AUTO_INCREMENT=5 DEFAULT CHARSET=utf8 COLLATE=utf8_unicode_ci;

--
-- Dumping data for table `0_quick_entries`
--

INSERT INTO `0_quick_entries` (`id`, `type`, `description`, `usage`, `base_amount`, `base_desc`, `bal_type`) VALUES
(1, 1, 'Maintenance', NULL, 0, 'Amount', 0),
(2, 4, 'Phone', NULL, 0, 'Amount', 0),
(3, 2, 'Cash Sales', 'Retail sales without invoice', 0, 'Amount', 0),
(4, 1, 'Refreshments', 'Foods and beverages', 15000, 'Foods and beverages - Special occasions', 0);

-- --------------------------------------------------------

--
-- Table structure for table `0_quick_entry_lines`
--

CREATE TABLE IF NOT EXISTS `0_quick_entry_lines` (
  `id` smallint(6) unsigned NOT NULL,
  `qid` smallint(6) unsigned NOT NULL,
  `amount` double DEFAULT '0',
  `memo` tinytext COLLATE utf8_unicode_ci NOT NULL,
  `action` varchar(2) COLLATE utf8_unicode_ci NOT NULL,
  `dest_id` varchar(15) COLLATE utf8_unicode_ci NOT NULL DEFAULT '',
  `dimension_id` smallint(6) unsigned DEFAULT NULL,
  `dimension2_id` smallint(6) unsigned DEFAULT NULL
) ENGINE=InnoDB AUTO_INCREMENT=7 DEFAULT CHARSET=utf8 COLLATE=utf8_unicode_ci;

--
-- Dumping data for table `0_quick_entry_lines`
--

INSERT INTO `0_quick_entry_lines` (`id`, `qid`, `amount`, `memo`, `action`, `dest_id`, `dimension_id`, `dimension2_id`) VALUES
(1, 1, 0, '', 't-', '1', 0, 0),
(2, 2, 0, '', 't-', '1', 0, 0),
(3, 3, 0, '', 't-', '1', 0, 0),
(4, 3, 0, '', '=', '4010', 0, 0),
(5, 1, 0, '', '=', '5765', 0, 0),
(6, 2, 0, '', '=', '5780', 0, 0);

-- --------------------------------------------------------

--
-- Table structure for table `0_recurrent_invoices`
--

CREATE TABLE IF NOT EXISTS `0_recurrent_invoices` (
  `id` smallint(6) unsigned NOT NULL,
  `description` varchar(60) COLLATE utf8_unicode_ci NOT NULL DEFAULT '',
  `order_no` int(11) unsigned NOT NULL,
  `debtor_no` int(11) unsigned DEFAULT NULL,
  `group_no` smallint(6) unsigned DEFAULT NULL,
  `days` int(11) NOT NULL DEFAULT '0',
  `monthly` int(11) NOT NULL DEFAULT '0',
  `begin` date NOT NULL DEFAULT '0000-00-00',
  `end` date NOT NULL DEFAULT '0000-00-00',
  `last_sent` date NOT NULL DEFAULT '0000-00-00'
) ENGINE=InnoDB DEFAULT CHARSET=utf8 COLLATE=utf8_unicode_ci;

-- --------------------------------------------------------

--
-- Table structure for table `0_reflines`
--

CREATE TABLE IF NOT EXISTS `0_reflines` (
  `id` int(11) NOT NULL,
  `trans_type` int(11) NOT NULL,
  `prefix` char(5) COLLATE utf8_unicode_ci NOT NULL DEFAULT '',
  `pattern` varchar(35) COLLATE utf8_unicode_ci NOT NULL DEFAULT '1',
  `description` varchar(60) COLLATE utf8_unicode_ci NOT NULL DEFAULT '',
  `default` tinyint(1) NOT NULL DEFAULT '0',
  `inactive` tinyint(1) NOT NULL DEFAULT '0'
) ENGINE=InnoDB AUTO_INCREMENT=23 DEFAULT CHARSET=utf8 COLLATE=utf8_unicode_ci;

--
-- Dumping data for table `0_reflines`
--

INSERT INTO `0_reflines` (`id`, `trans_type`, `prefix`, `pattern`, `description`, `default`, `inactive`) VALUES
(1, 0, '', '{001}/{YYYY}', '', 1, 0),
(2, 1, '', '{001}/{YYYY}', '', 1, 0),
(3, 2, '', '{001}/{YYYY}', '', 1, 0),
(4, 4, '', '{001}/{YYYY}', '', 1, 0),
(5, 10, '', '{001}/{YYYY}', '', 1, 0),
(6, 11, '', '{001}/{YYYY}', '', 1, 0),
(7, 12, '', '{001}/{YYYY}', '', 1, 0),
(8, 13, '', '{001}/{YYYY}', '', 1, 0),
(9, 16, '', '{001}/{YYYY}', '', 1, 0),
(10, 17, '', '{001}/{YYYY}', '', 1, 0),
(11, 18, '', '{001}/{YYYY}', '', 1, 0),
(12, 20, '', '{001}/{YYYY}', '', 1, 0),
(13, 21, '', '{001}/{YYYY}', '', 1, 0),
(14, 22, '', '{001}/{YYYY}', '', 1, 0),
(15, 25, '', '{001}/{YYYY}', '', 1, 0),
(16, 26, '', '{001}/{YYYY}', '', 1, 0),
(17, 28, '', '{001}/{YYYY}', '', 1, 0),
(18, 29, '', '{001}/{YYYY}', '', 1, 0),
(19, 30, '', '{001}/{YYYY}', '', 1, 0),
(20, 32, '', '{001}/{YYYY}', '', 1, 0),
(21, 35, '', '{001}/{YYYY}', '', 1, 0),
(22, 40, '', '{001}/{YYYY}', '', 1, 0);

-- --------------------------------------------------------

--
-- Table structure for table `0_refs`
--

CREATE TABLE IF NOT EXISTS `0_refs` (
  `id` int(11) NOT NULL DEFAULT '0',
  `type` int(11) NOT NULL DEFAULT '0',
  `reference` varchar(100) COLLATE utf8_unicode_ci NOT NULL DEFAULT ''
) ENGINE=InnoDB DEFAULT CHARSET=utf8 COLLATE=utf8_unicode_ci;

--
-- Dumping data for table `0_refs`
--

INSERT INTO `0_refs` (`id`, `type`, `reference`) VALUES
(1, 20, '001/2018'),
(2, 20, '002/2018'),
(3, 20, '003/2018'),
(4, 20, '004/2018'),
(5, 20, '005/2018'),
(1, 25, '001/2018'),
(2, 25, '002/2018'),
(3, 25, '003/2018'),
(4, 25, '004/2018');

-- --------------------------------------------------------

--
-- Table structure for table `0_salesman`
--

CREATE TABLE IF NOT EXISTS `0_salesman` (
  `salesman_code` int(11) NOT NULL,
  `salesman_name` char(60) COLLATE utf8_unicode_ci NOT NULL DEFAULT '',
  `salesman_phone` char(30) COLLATE utf8_unicode_ci NOT NULL DEFAULT '',
  `salesman_fax` char(30) COLLATE utf8_unicode_ci NOT NULL DEFAULT '',
  `salesman_email` varchar(100) COLLATE utf8_unicode_ci NOT NULL DEFAULT '',
  `provision` double NOT NULL DEFAULT '0',
  `break_pt` double NOT NULL DEFAULT '0',
  `provision2` double NOT NULL DEFAULT '0',
  `inactive` tinyint(1) NOT NULL DEFAULT '0'
) ENGINE=InnoDB AUTO_INCREMENT=3 DEFAULT CHARSET=utf8 COLLATE=utf8_unicode_ci;

--
-- Dumping data for table `0_salesman`
--

INSERT INTO `0_salesman` (`salesman_code`, `salesman_name`, `salesman_phone`, `salesman_fax`, `salesman_email`, `provision`, `break_pt`, `provision2`, `inactive`) VALUES
(1, 'Inhouse', '', '', '', 0, 0, 0, 0),
(2, 'Tour', '', '', '', 0, 0, 0, 0);

-- --------------------------------------------------------

--
-- Table structure for table `0_sales_orders`
--

CREATE TABLE IF NOT EXISTS `0_sales_orders` (
  `order_no` int(11) NOT NULL,
  `trans_type` smallint(6) NOT NULL DEFAULT '30',
  `version` tinyint(1) unsigned NOT NULL DEFAULT '0',
  `type` tinyint(1) NOT NULL DEFAULT '0',
  `debtor_no` int(11) NOT NULL DEFAULT '0',
  `branch_code` int(11) NOT NULL DEFAULT '0',
  `reference` varchar(100) COLLATE utf8_unicode_ci NOT NULL DEFAULT '',
  `customer_ref` tinytext COLLATE utf8_unicode_ci NOT NULL,
  `comments` tinytext COLLATE utf8_unicode_ci,
  `ord_date` date NOT NULL DEFAULT '0000-00-00',
  `order_type` int(11) NOT NULL DEFAULT '0',
  `ship_via` int(11) NOT NULL DEFAULT '0',
  `delivery_address` tinytext COLLATE utf8_unicode_ci NOT NULL,
  `contact_phone` varchar(30) COLLATE utf8_unicode_ci DEFAULT NULL,
  `contact_email` varchar(100) COLLATE utf8_unicode_ci DEFAULT NULL,
  `deliver_to` tinytext COLLATE utf8_unicode_ci NOT NULL,
  `freight_cost` double NOT NULL DEFAULT '0',
  `from_stk_loc` varchar(5) COLLATE utf8_unicode_ci NOT NULL DEFAULT '',
  `delivery_date` date NOT NULL DEFAULT '0000-00-00',
  `payment_terms` int(11) DEFAULT NULL,
  `total` double NOT NULL DEFAULT '0',
  `prep_amount` double NOT NULL DEFAULT '0',
  `alloc` double NOT NULL DEFAULT '0'
) ENGINE=InnoDB DEFAULT CHARSET=utf8 COLLATE=utf8_unicode_ci;

-- --------------------------------------------------------

--
-- Table structure for table `0_sales_order_details`
--

CREATE TABLE IF NOT EXISTS `0_sales_order_details` (
  `id` int(11) NOT NULL,
  `order_no` int(11) NOT NULL DEFAULT '0',
  `trans_type` smallint(6) NOT NULL DEFAULT '30',
  `stk_code` varchar(20) COLLATE utf8_unicode_ci NOT NULL DEFAULT '',
  `description` tinytext COLLATE utf8_unicode_ci,
  `qty_sent` double NOT NULL DEFAULT '0',
  `unit_price` double NOT NULL DEFAULT '0',
  `quantity` double NOT NULL DEFAULT '0',
  `invoiced` double NOT NULL DEFAULT '0',
  `discount_percent` double NOT NULL DEFAULT '0'
) ENGINE=InnoDB DEFAULT CHARSET=utf8 COLLATE=utf8_unicode_ci;

-- --------------------------------------------------------

--
-- Table structure for table `0_sales_pos`
--

CREATE TABLE IF NOT EXISTS `0_sales_pos` (
  `id` smallint(6) unsigned NOT NULL,
  `pos_name` varchar(30) COLLATE utf8_unicode_ci NOT NULL,
  `cash_sale` tinyint(1) NOT NULL,
  `credit_sale` tinyint(1) NOT NULL,
  `pos_location` varchar(5) COLLATE utf8_unicode_ci NOT NULL,
  `pos_account` smallint(6) unsigned NOT NULL,
  `inactive` tinyint(1) NOT NULL DEFAULT '0'
) ENGINE=InnoDB AUTO_INCREMENT=2 DEFAULT CHARSET=utf8 COLLATE=utf8_unicode_ci;

--
-- Dumping data for table `0_sales_pos`
--

INSERT INTO `0_sales_pos` (`id`, `pos_name`, `cash_sale`, `credit_sale`, `pos_location`, `pos_account`, `inactive`) VALUES
(1, 'Default', 1, 1, 'DEF', 2, 0);

-- --------------------------------------------------------

--
-- Table structure for table `0_sales_types`
--

CREATE TABLE IF NOT EXISTS `0_sales_types` (
  `id` int(11) NOT NULL,
  `sales_type` char(50) COLLATE utf8_unicode_ci NOT NULL DEFAULT '',
  `tax_included` int(1) NOT NULL DEFAULT '0',
  `factor` double NOT NULL DEFAULT '1',
  `inactive` tinyint(1) NOT NULL DEFAULT '0'
) ENGINE=InnoDB AUTO_INCREMENT=3 DEFAULT CHARSET=utf8 COLLATE=utf8_unicode_ci;

--
-- Dumping data for table `0_sales_types`
--

INSERT INTO `0_sales_types` (`id`, `sales_type`, `tax_included`, `factor`, `inactive`) VALUES
(1, 'Retail', 1, 1, 0),
(2, 'Wholesale', 0, 0.7, 0);

-- --------------------------------------------------------

--
-- Table structure for table `0_security_roles`
--

CREATE TABLE IF NOT EXISTS `0_security_roles` (
  `id` int(11) NOT NULL,
  `role` varchar(30) COLLATE utf8_unicode_ci NOT NULL,
  `description` varchar(50) COLLATE utf8_unicode_ci DEFAULT NULL,
  `sections` text COLLATE utf8_unicode_ci,
  `areas` text COLLATE utf8_unicode_ci,
  `inactive` tinyint(1) NOT NULL DEFAULT '0'
) ENGINE=InnoDB AUTO_INCREMENT=13 DEFAULT CHARSET=utf8 COLLATE=utf8_unicode_ci;

--
-- Dumping data for table `0_security_roles`
--

INSERT INTO `0_security_roles` (`id`, `role`, `description`, `sections`, `areas`, `inactive`) VALUES
(1, 'Inquiries', 'Inquiries', '768;2816;3072;3328;5632;5888;8192;8448;10752;11008;13312;15872;16128', '257;258;259;260;513;514;515;516;517;518;519;520;521;522;523;524;525;773;774;2822;3073;3075;3076;3077;3329;3330;3331;3332;3333;3334;3335;5377;5633;5640;5889;5890;5891;7937;7938;7939;7940;8193;8194;8450;8451;10497;10753;11009;11010;11012;13313;13315;15617;15618;15619;15620;15621;15622;15623;15624;15625;15626;15873;15882;16129;16130;16131;16132;775', 0),
(2, 'System Administrator', 'System Administrator', '256;512;768;2816;3072;3328;5376;5632;5888;7936;8192;8448;9472;9728;10496;10752;11008;13056;13312;15616;15872;16128', '257;258;259;260;513;514;515;516;517;518;519;520;521;522;523;524;525;526;769;770;771;772;773;774;2817;2818;2819;2820;2821;2822;2823;3073;3074;3082;3075;3076;3077;3078;3079;3080;3081;3329;3330;3331;3332;3333;3334;3335;5377;5633;5634;5635;5636;5637;5641;5638;5639;5640;5889;5890;5891;7937;7938;7939;7940;8193;8194;8195;8196;8197;8449;8450;8451;9217;9218;9220;9473;9474;9475;9476;9729;10497;10753;10754;10755;10756;10757;11009;11010;11011;11012;13057;13313;13314;13315;15617;15618;15619;15620;15621;15622;15623;15624;15628;15625;15626;15627;15873;15874;15875;15876;15877;15878;15879;15880;15883;15881;15882;16129;16130;16131;16132;775', 0),
(3, 'Salesman', 'Salesman', '768;3072;5632;8192;15872', '773;774;3073;3075;3081;5633;8194;15873;775', 0),
(4, 'Stock Manager', 'Stock Manager', '768;2816;3072;3328;5632;5888;8192;8448;10752;11008;13312;15872;16128', '2818;2822;3073;3076;3077;3329;3330;3330;3330;3331;3331;3332;3333;3334;3335;5633;5640;5889;5890;5891;8193;8194;8450;8451;10753;11009;11010;11012;13313;13315;15882;16129;16130;16131;16132;775', 0),
(5, 'Production Manager', 'Production Manager', '512;768;2816;3072;3328;5632;5888;8192;8448;10752;11008;13312;15616;15872;16128', '521;523;524;2818;2819;2820;2821;2822;2823;3073;3074;3076;3077;3078;3079;3080;3081;3329;3330;3330;3330;3331;3331;3332;3333;3334;3335;5633;5640;5640;5889;5890;5891;8193;8194;8196;8197;8450;8451;10753;10755;11009;11010;11012;13313;13315;15617;15619;15620;15621;15624;15624;15876;15877;15880;15882;16129;16130;16131;16132;775', 0),
(6, 'Purchase Officer', 'Purchase Officer', '512;768;2816;3072;3328;5376;5632;5888;8192;8448;10752;11008;13312;15616;15872;16128', '521;523;524;2818;2819;2820;2821;2822;2823;3073;3074;3076;3077;3078;3079;3080;3081;3329;3330;3330;3330;3331;3331;3332;3333;3334;3335;5377;5633;5635;5640;5640;5889;5890;5891;8193;8194;8196;8197;8449;8450;8451;10753;10755;11009;11010;11012;13313;13315;15617;15619;15620;15621;15624;15624;15876;15877;15880;15882;16129;16130;16131;16132;775', 0),
(7, 'AR Officer', 'AR Officer', '512;768;2816;3072;3328;5632;5888;8192;8448;10752;11008;13312;15616;15872;16128', '521;523;524;771;773;774;2818;2819;2820;2821;2822;2823;3073;3073;3074;3075;3076;3077;3078;3079;3080;3081;3081;3329;3330;3330;3330;3331;3331;3332;3333;3334;3335;5633;5633;5634;5637;5638;5639;5640;5640;5889;5890;5891;8193;8194;8194;8196;8197;8450;8451;10753;10755;11009;11010;11012;13313;13315;15617;15619;15620;15621;15624;15624;15873;15876;15877;15878;15880;15882;16129;16130;16131;16132;775', 0),
(8, 'AP Officer', 'AP Officer', '512;768;2816;3072;3328;5376;5632;5888;8192;8448;10752;11008;13312;15616;15872;16128', '257;258;259;260;521;523;524;769;770;771;772;773;774;2818;2819;2820;2821;2822;2823;3073;3074;3082;3076;3077;3078;3079;3080;3081;3329;3330;3331;3332;3333;3334;3335;5377;5633;5635;5640;5889;5890;5891;7937;7938;7939;7940;8193;8194;8196;8197;8449;8450;8451;10497;10753;10755;11009;11010;11012;13057;13313;13315;15617;15619;15620;15621;15624;15876;15877;15880;15882;16129;16130;16131;16132;775', 0),
(9, 'Accountant', 'New Accountant', '512;768;2816;3072;3328;5376;5632;5888;8192;8448;10752;11008;13312;15616;15872;16128', '257;258;259;260;521;523;524;771;772;773;774;2818;2819;2820;2821;2822;2823;3073;3074;3075;3076;3077;3078;3079;3080;3081;3329;3330;3331;3332;3333;3334;3335;5377;5633;5634;5635;5637;5638;5639;5640;5889;5890;5891;7937;7938;7939;7940;8193;8194;8196;8197;8449;8450;8451;10497;10753;10755;11009;11010;11012;13313;13315;15617;15618;15619;15620;15621;15624;15873;15876;15877;15878;15880;15882;16129;16130;16131;16132;775', 0),
(10, 'Sub Admin', 'Sub Admin', '512;768;2816;3072;3328;5376;5632;5888;8192;8448;15616;15872;16128', '521;523;524;769;770;771;772;773;774;775;2817;2818;2819;2820;2821;2822;2823;3073;3074;3077;3078;3079;3080;3081;3329;3330;3331;3332;3333;3334;3335;5377;5633;5634;5635;5637;5638;5639;5640;5889;5890;5891;8193;8194;8196;8197;8449;8450;8451;15617;15619;15620;15621;15624;15873;15874;15876;15877;15878;15879;15880;15882;16129;16130;16131;16132;257;258;259;260;7937;7938;7939;7940;10497;10753;10755;11009;11010;11012;13057;13313;13315', 0),
(11, 'General Admin', 'for small org', '512;768;2816;3072;3328;5376;5632;5888;7936;8192;8448;15616;15872;16128', '519;522;523;526;769;770;774;775;2817;2818;2819;2820;2821;3073;3074;3082;3075;3076;3077;3078;3079;3080;3081;3329;3330;3331;3332;3333;3334;3335;5377;5633;5634;5635;5636;5637;5641;5639;5889;5890;7937;7938;7939;7940;8193;8194;8195;8196;8197;8449;8450;8451;15617;15621;15622;15623;15624;15628;15625;15629;15873;15875;15876;15877;15878;15879;15882;16130;16131', 0),
(12, 'General Admin2', 'for small org', '512;768;2816;3072;3328;5376;5632;5888;7936;8192;8448;15616;15872;16128', '519;522;523;526;769;770;774;775;2817;2818;2819;2820;2821;3073;3074;3082;3075;3076;3077;3078;3079;3080;3081;3329;3330;3331;3332;3333;3334;3335;5377;5633;5634;5635;5636;5637;5641;5638;5639;5640;5889;5890;5891;7937;7938;7939;7940;8193;8194;8196;8197;8449;8450;8451;15621;15622;15623;15624;15628;15625;15629;15873;15875;15876;15877;15878;15879;16131', 0);

-- --------------------------------------------------------

--
-- Table structure for table `0_shippers`
--

CREATE TABLE IF NOT EXISTS `0_shippers` (
  `shipper_id` int(11) NOT NULL,
  `shipper_name` varchar(60) COLLATE utf8_unicode_ci NOT NULL DEFAULT '',
  `phone` varchar(30) COLLATE utf8_unicode_ci NOT NULL DEFAULT '',
  `phone2` varchar(30) COLLATE utf8_unicode_ci NOT NULL DEFAULT '',
  `contact` tinytext COLLATE utf8_unicode_ci NOT NULL,
  `address` tinytext COLLATE utf8_unicode_ci NOT NULL,
  `inactive` tinyint(1) NOT NULL DEFAULT '0'
) ENGINE=InnoDB AUTO_INCREMENT=2 DEFAULT CHARSET=utf8 COLLATE=utf8_unicode_ci;

--
-- Dumping data for table `0_shippers`
--

INSERT INTO `0_shippers` (`shipper_id`, `shipper_name`, `phone`, `phone2`, `contact`, `address`, `inactive`) VALUES
(1, 'Default', '', '', '', '', 0);

-- --------------------------------------------------------

--
-- Table structure for table `0_sql_trail`
--

CREATE TABLE IF NOT EXISTS `0_sql_trail` (
  `id` int(11) unsigned NOT NULL,
  `sql` text COLLATE utf8_unicode_ci NOT NULL,
  `result` tinyint(1) NOT NULL,
  `msg` varchar(255) COLLATE utf8_unicode_ci NOT NULL
) ENGINE=InnoDB DEFAULT CHARSET=utf8 COLLATE=utf8_unicode_ci;

-- --------------------------------------------------------

--
-- Table structure for table `0_stock_category`
--

CREATE TABLE IF NOT EXISTS `0_stock_category` (
  `category_id` int(11) NOT NULL,
  `parent_id` varchar(10) COLLATE utf8_unicode_ci NOT NULL,
  `category_code` varchar(20) COLLATE utf8_unicode_ci NOT NULL,
  `description` varchar(60) COLLATE utf8_unicode_ci NOT NULL DEFAULT '',
  `dflt_tax_type` int(11) NOT NULL DEFAULT '1',
  `dflt_units` varchar(20) COLLATE utf8_unicode_ci NOT NULL DEFAULT 'each',
  `dflt_mb_flag` char(1) COLLATE utf8_unicode_ci NOT NULL DEFAULT 'B',
  `dflt_sales_act` varchar(15) COLLATE utf8_unicode_ci NOT NULL DEFAULT '',
  `dflt_cogs_act` varchar(15) COLLATE utf8_unicode_ci NOT NULL DEFAULT '',
  `dflt_inventory_act` varchar(15) COLLATE utf8_unicode_ci NOT NULL DEFAULT '',
  `dflt_adjustment_act` varchar(15) COLLATE utf8_unicode_ci NOT NULL DEFAULT '',
  `dflt_wip_act` varchar(15) COLLATE utf8_unicode_ci NOT NULL DEFAULT '',
  `dflt_dim1` int(11) DEFAULT NULL,
  `dflt_dim2` int(11) DEFAULT NULL,
  `inactive` tinyint(1) NOT NULL DEFAULT '0',
  `dflt_no_sale` tinyint(1) NOT NULL DEFAULT '0',
  `dflt_no_purchase` tinyint(1) NOT NULL DEFAULT '0'
) ENGINE=InnoDB AUTO_INCREMENT=40 DEFAULT CHARSET=utf8 COLLATE=utf8_unicode_ci;

--
-- Dumping data for table `0_stock_category`
--

INSERT INTO `0_stock_category` (`category_id`, `parent_id`, `category_code`, `description`, `dflt_tax_type`, `dflt_units`, `dflt_mb_flag`, `dflt_sales_act`, `dflt_cogs_act`, `dflt_inventory_act`, `dflt_adjustment_act`, `dflt_wip_act`, `dflt_dim1`, `dflt_dim2`, `inactive`, `dflt_no_sale`, `dflt_no_purchase`) VALUES
(1, '01', '001', 'Hand Bag', 1, 'Pieces', 'B', '4010', '5010', '1510', '5040', '1530', 0, 0, 0, 0, 0),
(2, '02', '001', 'Purse', 1, 'Pieces', 'B', '4010', '5010', '1510', '5040', '1530', 0, 0, 0, 0, 0),
(3, '03', '001', 'Side Bag', 1, 'Pieces', 'B', '4010', '5010', '1510', '5040', '1530', 0, 0, 0, 0, 0),
(4, '04', '001', 'Beach Bag', 1, 'Pieces', 'B', '4010', '5010', '1510', '5040', '1530', 0, 0, 0, 0, 0),
(5, '05', '001', 'Back Pack', 1, 'Pieces', 'B', '4010', '5010', '1510', '5040', '1530', 0, 0, 0, 0, 0),
(6, '06', '001', 'Wedding Purse', 1, 'Pieces', 'B', '4010', '5010', '1510', '5040', '1530', 0, 0, 0, 0, 0),
(7, '07', '002', 'Slide', 1, 'Pieces', 'B', '4010', '5010', '1510', '5040', '1530', 0, 0, 0, 0, 0),
(8, '07', '003', 'Hair Band', 1, 'Pieces', 'B', '4010', '5010', '1510', '5040', '1530', 0, 0, 0, 0, 0),
(9, '07', '004', 'Elis Band', 1, 'Pieces', 'B', '4010', '5010', '1510', '5040', '1530', 0, 0, 0, 0, 0),
(10, '07', '005', 'Wool Band', 1, 'Pieces', 'B', '4010', '5010', '1510', '5040', '1530', 0, 0, 0, 0, 0),
(11, '07', '006', 'Hair Ornerment', 1, 'Pieces', 'B', '4010', '5010', '1510', '5040', '1530', 0, 0, 0, 0, 0),
(12, '07', '001', 'Hair Clip', 1, 'Pieces', 'B', '4010', '5010', '1510', '5040', '1530', 0, 0, 0, 0, 0),
(13, '08', '001', 'Earing', 1, 'Pieces', 'B', '4010', '5010', '1510', '5040', '1530', 0, 0, 0, 0, 0),
(14, '08', '002', 'Gold Chain', 1, 'Pieces', 'B', '4010', '5010', '1510', '5040', '1530', 0, 0, 0, 0, 0),
(15, '08', '003', 'Brooch', 1, 'Pieces', 'B', '4010', '5010', '1510', '5040', '1530', 0, 0, 0, 0, 0),
(16, '08', '004', 'Saree Pin', 1, 'Pieces', 'B', '4010', '5010', '1510', '5040', '1530', 0, 0, 0, 0, 0),
(17, '08', '005', 'Pabulu Chain', 1, 'Pieces', 'B', '4010', '5010', '1510', '5040', '1530', 0, 0, 0, 0, 0),
(18, '08', '006', 'Bengle', 1, 'Pieces', 'B', '4010', '5010', '1510', '5040', '1530', 0, 0, 0, 0, 0),
(19, '08', '007', 'Ring', 1, 'Pieces', 'B', '4010', '5010', '1510', '5040', '1530', 0, 0, 0, 0, 0),
(20, '09', '001', 'Serviet', 1, 'Pieces', 'B', '4010', '5010', '1510', '5040', '1530', 0, 0, 0, 0, 0),
(21, '10', '001', 'Wet Tissue', 1, 'Pieces', 'B', '4010', '5010', '1510', '5040', '1530', 0, 0, 0, 0, 0),
(22, '10', '002', 'Normal Tissue', 1, 'Pieces', 'B', '4010', '5010', '1510', '5040', '1530', 0, 0, 0, 0, 0),
(23, '11', '001', 'Gents Purse', 1, 'Pieces', 'B', '4010', '5010', '1510', '5040', '1530', 0, 0, 0, 0, 0),
(24, '11', '002', 'Gents Side Bag', 1, 'Pieces', 'B', '4010', '5010', '1510', '5040', '1530', 0, 0, 0, 0, 0),
(25, '12', '001', 'Water Bottle', 1, 'Pieces', 'B', '4010', '5010', '1510', '5040', '1530', 0, 0, 0, 0, 0),
(26, '13', '001', 'Baby Clip', 1, 'Pieces', 'B', '4010', '5010', '1510', '5040', '1530', 0, 0, 0, 0, 0),
(27, '13', '002', 'baby Woo Band', 1, 'Pieces', 'B', '4010', '5010', '1510', '5040', '1530', 0, 0, 0, 0, 0),
(28, '13', '003', 'Baby Pin', 1, 'Pieces', 'B', '4010', '5010', '1510', '5040', '1530', 0, 0, 0, 0, 0),
(29, '14', '001', 'Belt', 1, 'Pieces', 'B', '4010', '5010', '1510', '5040', '1530', 0, 0, 0, 0, 0),
(30, '15', '001', 'Sun glass', 1, 'Pieces', 'B', '4010', '5010', '1510', '5040', '1530', 0, 0, 0, 0, 0),
(31, '16', '001', 'Watch', 1, 'Pieces', 'B', '4010', '5010', '1510', '5040', '1530', 0, 0, 0, 0, 0),
(32, '17', '001', 'Key Tag', 1, 'Pieces', 'B', '4010', '5010', '1510', '5040', '1530', 0, 0, 0, 0, 0),
(33, '18', '001', 'Ornement', 1, 'Pieces', 'B', '4010', '5010', '1510', '5040', '1530', 0, 0, 0, 0, 0),
(34, '19', '001', 'Wall Clock', 1, 'Pieces', 'B', '4010', '5010', '1510', '5040', '1530', 0, 0, 0, 0, 0),
(35, '20', '001', 'Photo Frame', 1, 'Pieces', 'B', '4010', '5010', '1510', '5040', '1530', 0, 0, 0, 0, 0),
(36, '99', '001', 'Other', 1, 'Pieces', 'B', '4010', '5010', '1510', '5040', '1530', 0, 0, 0, 0, 0),
(37, '08', '008', 'Nacklace', 1, 'Pieces', 'B', '4010', '5010', '1510', '5040', '1530', 0, 0, 0, 0, 0),
(38, '08', '009', 'Bracelet', 1, 'Pieces', 'B', '4010', '5010', '1510', '5040', '1530', 0, 0, 0, 0, 0),
(39, '02', '002', 'Side Purse', 1, 'Pieces', 'B', '4010', '5010', '1510', '5040', '1530', 0, 0, 0, 0, 0);

-- --------------------------------------------------------

--
-- Table structure for table `0_stock_category_parent`
--

CREATE TABLE IF NOT EXISTS `0_stock_category_parent` (
  `id` int(11) NOT NULL,
  `parent_cat_code` varchar(10) COLLATE utf8_unicode_ci NOT NULL,
  `parent_cat_name` varchar(200) COLLATE utf8_unicode_ci NOT NULL,
  `inactive` int(5) NOT NULL DEFAULT '0'
) ENGINE=InnoDB AUTO_INCREMENT=22 DEFAULT CHARSET=utf8 COLLATE=utf8_unicode_ci;

--
-- Dumping data for table `0_stock_category_parent`
--

INSERT INTO `0_stock_category_parent` (`id`, `parent_cat_code`, `parent_cat_name`, `inactive`) VALUES
(1, '01', 'Hand Bag', 0),
(2, '02', 'Purse\r\n', 0),
(3, '03', 'Side Bag', 0),
(4, '04', 'Beach Bag', 0),
(5, '05', 'Back Pack', 0),
(6, '06', 'Wedding Purse', 0),
(7, '07', 'Hair Accessories', 0),
(8, '08', 'Fashion Jewellery', 0),
(9, '09', 'Serviet', 0),
(10, '10', 'Tissue', 0),
(11, '11', 'Gents Item', 0),
(12, '12', 'Water Bottle', 0),
(13, '13', 'Baby', 0),
(14, '14', 'Belt', 0),
(15, '15', 'Sun Glass', 0),
(16, '16', 'Watch', 0),
(17, '17', 'Key Tag', 0),
(18, '18', 'Ornement', 0),
(19, '19', 'Wall Clock', 0),
(20, '20', 'Photeo Frame', 0),
(21, '99', 'Other', 0);

-- --------------------------------------------------------

--
-- Table structure for table `0_stock_fa_class`
--

CREATE TABLE IF NOT EXISTS `0_stock_fa_class` (
  `fa_class_id` varchar(20) COLLATE utf8_unicode_ci NOT NULL DEFAULT '',
  `parent_id` varchar(20) COLLATE utf8_unicode_ci NOT NULL DEFAULT '',
  `description` varchar(200) COLLATE utf8_unicode_ci NOT NULL DEFAULT '',
  `long_description` tinytext COLLATE utf8_unicode_ci NOT NULL,
  `depreciation_rate` double NOT NULL DEFAULT '0',
  `inactive` tinyint(1) NOT NULL DEFAULT '0'
) ENGINE=InnoDB DEFAULT CHARSET=utf8 COLLATE=utf8_unicode_ci;

-- --------------------------------------------------------

--
-- Table structure for table `0_stock_master`
--

CREATE TABLE IF NOT EXISTS `0_stock_master` (
  `id` int(11) NOT NULL,
  `stock_id` varchar(20) COLLATE utf8_unicode_ci NOT NULL DEFAULT '',
  `category_id` int(11) NOT NULL DEFAULT '0',
  `tax_type_id` int(11) NOT NULL DEFAULT '0',
  `description` varchar(200) COLLATE utf8_unicode_ci NOT NULL DEFAULT '',
  `long_description` tinytext COLLATE utf8_unicode_ci NOT NULL,
  `units` varchar(20) COLLATE utf8_unicode_ci NOT NULL DEFAULT 'each',
  `mb_flag` char(1) COLLATE utf8_unicode_ci NOT NULL DEFAULT 'B',
  `sales_account` varchar(15) COLLATE utf8_unicode_ci NOT NULL DEFAULT '',
  `cogs_account` varchar(15) COLLATE utf8_unicode_ci NOT NULL DEFAULT '',
  `inventory_account` varchar(15) COLLATE utf8_unicode_ci NOT NULL DEFAULT '',
  `adjustment_account` varchar(15) COLLATE utf8_unicode_ci NOT NULL DEFAULT '',
  `wip_account` varchar(15) COLLATE utf8_unicode_ci NOT NULL DEFAULT '',
  `dimension_id` int(11) DEFAULT NULL,
  `dimension2_id` int(11) DEFAULT NULL,
  `purchase_cost` double NOT NULL DEFAULT '0',
  `material_cost` double NOT NULL DEFAULT '0',
  `labour_cost` double NOT NULL DEFAULT '0',
  `overhead_cost` double NOT NULL DEFAULT '0',
  `inactive` tinyint(1) NOT NULL DEFAULT '0',
  `no_sale` tinyint(1) NOT NULL DEFAULT '0',
  `no_purchase` tinyint(1) NOT NULL DEFAULT '0',
  `editable` tinyint(1) NOT NULL DEFAULT '0',
  `depreciation_method` char(1) COLLATE utf8_unicode_ci NOT NULL DEFAULT 'S',
  `depreciation_rate` double NOT NULL DEFAULT '0',
  `depreciation_factor` double NOT NULL DEFAULT '1',
  `depreciation_start` date NOT NULL DEFAULT '0000-00-00',
  `depreciation_date` date NOT NULL DEFAULT '0000-00-00',
  `fa_class_id` varchar(20) COLLATE utf8_unicode_ci NOT NULL DEFAULT ''
) ENGINE=InnoDB AUTO_INCREMENT=778 DEFAULT CHARSET=utf8 COLLATE=utf8_unicode_ci;

--
-- Dumping data for table `0_stock_master`
--

INSERT INTO `0_stock_master` (`id`, `stock_id`, `category_id`, `tax_type_id`, `description`, `long_description`, `units`, `mb_flag`, `sales_account`, `cogs_account`, `inventory_account`, `adjustment_account`, `wip_account`, `dimension_id`, `dimension2_id`, `purchase_cost`, `material_cost`, `labour_cost`, `overhead_cost`, `inactive`, `no_sale`, `no_purchase`, `editable`, `depreciation_method`, `depreciation_rate`, `depreciation_factor`, `depreciation_start`, `depreciation_date`, `fa_class_id`) VALUES
(1, '10001', 13, 1, 'EARRING - 3-1', '3-1', 'PCS', 'B', '4010', '5010', '1510', '5040', '1530', 0, 0, 41.16, 41.16, 0, 0, 0, 0, 0, 0, '', 0, 0, '0000-00-00', '0000-00-00', ''),
(2, '10002', 13, 1, 'EARRING - 3-2', '3-2', 'PCS', 'B', '4010', '5010', '1510', '5040', '1530', 0, 0, 44.1, 44.1, 0, 0, 0, 0, 0, 0, '', 0, 0, '0000-00-00', '0000-00-00', ''),
(3, '10003', 13, 1, 'EARRING - 3-3', '3-3', 'PCS', 'B', '4010', '5010', '1510', '5040', '1530', 0, 0, 47.04, 47.04, 0, 0, 0, 0, 0, 0, '', 0, 0, '0000-00-00', '0000-00-00', ''),
(4, '10004', 18, 1, 'BANGLE - 5-1', '5-1', 'PCS', 'B', '4010', '5010', '1510', '5040', '1530', 0, 0, 88.2, 88.2, 0, 0, 0, 0, 0, 0, '', 0, 0, '0000-00-00', '0000-00-00', ''),
(5, '10005', 18, 1, 'BANGLE - 5-4', '5-4', 'PCS', 'B', '4010', '5010', '1510', '5040', '1530', 0, 0, 220.5, 220.5, 0, 0, 0, 0, 0, 0, '', 0, 0, '0000-00-00', '0000-00-00', ''),
(6, '10006', 18, 1, 'BANGLE - 5-5', '5-5', 'PCS', 'B', '4010', '5010', '1510', '5040', '1530', 0, 0, 35.28, 35.28, 0, 0, 0, 0, 0, 0, '', 0, 0, '0000-00-00', '0000-00-00', ''),
(7, '10007', 18, 1, 'BANGLE - 5-7', '5-7', 'PCS', 'B', '4010', '5010', '1510', '5040', '1530', 0, 0, 44.1, 44.1, 0, 0, 0, 0, 0, 0, '', 0, 0, '0000-00-00', '0000-00-00', ''),
(8, '10008', 37, 1, 'NECKLACE SETS - 7-1', '7-1', 'PCS', 'B', '4010', '5010', '1510', '5040', '1530', 0, 0, 426.3, 426.3, 0, 0, 0, 0, 0, 0, '', 0, 0, '0000-00-00', '0000-00-00', ''),
(9, '10009', 37, 1, 'NECKLACE SETS - 7-2', '7-2', 'PCS', 'B', '4010', '5010', '1510', '5040', '1530', 0, 0, 426.3, 426.3, 0, 0, 0, 0, 0, 0, '', 0, 0, '0000-00-00', '0000-00-00', ''),
(10, '10010', 10, 1, 'WOOL BAND - 8-1', '8-1', 'PCS', 'B', '4010', '5010', '1510', '5040', '1530', 0, 0, 352.8, 352.8, 0, 0, 0, 0, 0, 0, '', 0, 0, '0000-00-00', '0000-00-00', ''),
(11, '10011', 10, 1, 'WOOL BAND - 8-2', '8-2', 'PCS', 'B', '4010', '5010', '1510', '5040', '1530', 0, 0, 235.2, 235.2, 0, 0, 0, 0, 0, 0, '', 0, 0, '0000-00-00', '0000-00-00', ''),
(12, '10012', 10, 1, 'WOOL BAND - 8-3', '8-3', 'PCS', 'B', '4010', '5010', '1510', '5040', '1530', 0, 0, 382.2, 382.2, 0, 0, 0, 0, 0, 0, '', 0, 0, '0000-00-00', '0000-00-00', ''),
(13, '10013', 10, 1, 'WOOL BAND - 8-4', '8-4', 'PCS', 'B', '4010', '5010', '1510', '5040', '1530', 0, 0, 382.2, 382.2, 0, 0, 0, 0, 0, 0, '', 0, 0, '0000-00-00', '0000-00-00', ''),
(14, '10014', 10, 1, 'WOOL BAND - 8-5', '8-5', 'PCS', 'B', '4010', '5010', '1510', '5040', '1530', 0, 0, 411.6, 411.6, 0, 0, 0, 0, 0, 0, '', 0, 0, '0000-00-00', '0000-00-00', ''),
(15, '10015', 10, 1, 'WOOL BAND - 8-8', '8-8', 'PCS', 'B', '4010', '5010', '1510', '5040', '1530', 0, 0, 558.6, 558.6, 0, 0, 0, 0, 0, 0, '', 0, 0, '0000-00-00', '0000-00-00', ''),
(16, '10016', 10, 1, 'WOOL BAND - 8-9', '8-9', 'PCS', 'B', '4010', '5010', '1510', '5040', '1530', 0, 0, 588, 588, 0, 0, 0, 0, 0, 0, '', 0, 0, '0000-00-00', '0000-00-00', ''),
(17, '10017', 10, 1, 'WOOL BAND - 8-10', '8-10', 'PCS', 'B', '4010', '5010', '1510', '5040', '1530', 0, 0, 249.9, 249.9, 0, 0, 0, 0, 0, 0, '', 0, 0, '0000-00-00', '0000-00-00', ''),
(18, '10018', 12, 1, 'HAIR CLIP - 10-4', '10-4', 'DZ', 'B', '4010', '5010', '1510', '5040', '1530', 0, 0, 77.62, 77.62, 0, 0, 0, 0, 0, 0, '', 0, 0, '0000-00-00', '0000-00-00', ''),
(19, '10019', 12, 1, 'HAIR CLIP - 10-5', '10-5', 'DZ', 'B', '4010', '5010', '1510', '5040', '1530', 0, 0, 70.56, 70.56, 0, 0, 0, 0, 0, 0, '', 0, 0, '0000-00-00', '0000-00-00', ''),
(20, '10020', 12, 1, 'HAIR CLIP - 10-11', '10-11', 'DZ', 'B', '4010', '5010', '1510', '5040', '1530', 0, 0, 77.62, 77.62, 0, 0, 0, 0, 0, 0, '', 0, 0, '0000-00-00', '0000-00-00', ''),
(21, '10021', 12, 1, 'HAIR CLIP - 10-19', '10-19', 'DZ', 'B', '4010', '5010', '1510', '5040', '1530', 0, 0, 119.95, 119.95, 0, 0, 0, 0, 0, 0, '', 0, 0, '0000-00-00', '0000-00-00', ''),
(22, '10022', 12, 1, 'HAIR CLIP - 10-20', '10-20', 'DZ', 'B', '4010', '5010', '1510', '5040', '1530', 0, 0, 70.56, 70.56, 0, 0, 0, 0, 0, 0, '', 0, 0, '0000-00-00', '0000-00-00', ''),
(23, '10023', 12, 1, 'HAIR CLIP - 10-21', '10-21', 'DZ', 'B', '4010', '5010', '1510', '5040', '1530', 0, 0, 222.26, 222.26, 0, 0, 0, 0, 0, 0, '', 0, 0, '0000-00-00', '0000-00-00', ''),
(24, '10024', 12, 1, 'HAIR CLIP - 10-22', '10-22', 'DZ', 'B', '4010', '5010', '1510', '5040', '1530', 0, 0, 77.62, 77.62, 0, 0, 0, 0, 0, 0, '', 0, 0, '0000-00-00', '0000-00-00', ''),
(25, '10025', 12, 1, 'HAIR CLIP - 10-24', '10-24', 'DZ', 'B', '4010', '5010', '1510', '5040', '1530', 0, 0, 63.5, 63.5, 0, 0, 0, 0, 0, 0, '', 0, 0, '0000-00-00', '0000-00-00', ''),
(26, '10026', 12, 1, 'HAIR CLIP - 10-25', '10-25', 'DZ', 'B', '4010', '5010', '1510', '5040', '1530', 0, 0, 141.12, 141.12, 0, 0, 0, 0, 0, 0, '', 0, 0, '0000-00-00', '0000-00-00', ''),
(27, '10027', 12, 1, 'HAIR CLIP - 10-31', '10-31', 'CARD', 'B', '4010', '5010', '1510', '5040', '1530', 0, 0, 155.82, 155.82, 0, 0, 0, 0, 0, 0, '', 0, 0, '0000-00-00', '0000-00-00', ''),
(28, '10028', 12, 1, 'HAIR CLIP - 10-32', '10-32', 'CARD', 'B', '4010', '5010', '1510', '5040', '1530', 0, 0, 155.82, 155.82, 0, 0, 0, 0, 0, 0, '', 0, 0, '0000-00-00', '0000-00-00', ''),
(29, '10029', 12, 1, 'HAIR CLIP - 10-33', '10-33', 'CARD', 'B', '4010', '5010', '1510', '5040', '1530', 0, 0, 264.6, 264.6, 0, 0, 0, 0, 0, 0, '', 0, 0, '0000-00-00', '0000-00-00', ''),
(30, '10030', 12, 1, 'HAIR CLIP - 10-34', '10-34', 'BOX', 'B', '4010', '5010', '1510', '5040', '1530', 0, 0, 169.34, 169.34, 0, 0, 0, 0, 0, 0, '', 0, 0, '0000-00-00', '0000-00-00', ''),
(31, '10031', 33, 1, 'SOLER POWER - 30-1', '30-1', 'PCS', 'B', '4010', '5010', '1510', '5040', '1530', 0, 0, 82.32, 82.32, 0, 0, 0, 0, 0, 0, '', 0, 0, '0000-00-00', '0000-00-00', ''),
(32, '10032', 12, 1, 'HAIR CLIP - 31-2', '31-2', 'CARD', 'B', '4010', '5010', '1510', '5040', '1530', 0, 0, 176.4, 176.4, 0, 0, 0, 0, 0, 0, '', 0, 0, '0000-00-00', '0000-00-00', ''),
(33, '10033', 12, 1, 'HAIR CLIP - 32-6', '32-6', 'CARD', 'B', '4010', '5010', '1510', '5040', '1530', 0, 0, 705.6, 705.6, 0, 0, 0, 0, 0, 0, '', 0, 0, '0000-00-00', '0000-00-00', ''),
(34, '10034', 12, 1, 'HAIR CLIP - 35-1', '35-1', 'BOX', 'B', '4010', '5010', '1510', '5040', '1530', 0, 0, 382.2, 382.2, 0, 0, 0, 0, 0, 0, '', 0, 0, '0000-00-00', '0000-00-00', ''),
(35, '10035', 12, 1, 'HAIR CLIP - 35-4', '35-4', 'BOX', 'B', '4010', '5010', '1510', '5040', '1530', 0, 0, 147, 147, 0, 0, 0, 0, 0, 0, '', 0, 0, '0000-00-00', '0000-00-00', ''),
(36, '10036', 12, 1, 'HAIR CLIP - 35-5', '35-5', 'BOX', 'B', '4010', '5010', '1510', '5040', '1530', 0, 0, 235.2, 235.2, 0, 0, 0, 0, 0, 0, '', 0, 0, '0000-00-00', '0000-00-00', ''),
(37, '10037', 12, 1, 'HAIR CLIP - 35-10', '35-10', 'BOX', 'B', '4010', '5010', '1510', '5040', '1530', 0, 0, 470.4, 470.4, 0, 0, 0, 0, 0, 0, '', 0, 0, '0000-00-00', '0000-00-00', ''),
(38, '10038', 12, 1, 'HAIR CLIP - 35-11', '35-11', 'BOX', 'B', '4010', '5010', '1510', '5040', '1530', 0, 0, 441, 441, 0, 0, 0, 0, 0, 0, '', 0, 0, '0000-00-00', '0000-00-00', ''),
(39, '10039', 12, 1, 'HAIR CLIP - 36-1', '36-1', 'DZ', 'B', '4010', '5010', '1510', '5040', '1530', 0, 0, 141.12, 141.12, 0, 0, 0, 0, 0, 0, '', 0, 0, '0000-00-00', '0000-00-00', ''),
(40, '10040', 15, 1, 'BROOCH - 32--2', '32--2', 'DZ', 'B', '4010', '5010', '1510', '5040', '1530', 0, 0, 720, 720, 0, 0, 0, 0, 0, 0, '', 0, 0, '0000-00-00', '0000-00-00', ''),
(41, '10041', 6, 1, 'Wedding Purse - 2-1', '2-1', 'PCS', 'B', '4010', '5010', '1510', '5040', '1530', 0, 0, 936, 936, 0, 0, 0, 0, 0, 0, '', 0, 0, '0000-00-00', '0000-00-00', ''),
(42, '10042', 2, 1, 'Purse - 5-2', '5-2', 'PCS', 'B', '4010', '5010', '1510', '5040', '1530', 0, 0, 253.5, 253.5, 0, 0, 0, 0, 0, 0, '', 0, 0, '0000-00-00', '0000-00-00', ''),
(43, '10043', 2, 1, 'Ladies Purse - 6-1', '6-1', 'PCS', 'B', '4010', '5010', '1510', '5040', '1530', 0, 0, 304.2, 304.2, 0, 0, 0, 0, 0, 0, '', 0, 0, '0000-00-00', '0000-00-00', ''),
(44, '10044', 1, 1, 'Hand Band - 6-2', '6-2', 'PCS', 'B', '4010', '5010', '1510', '5040', '1530', 0, 0, 304.2, 304.2, 0, 0, 0, 0, 0, 0, '', 0, 0, '0000-00-00', '0000-00-00', ''),
(45, '10045', 2, 1, 'Ladies Purse - 7-9', '7-9', 'PCS', 'B', '4010', '5010', '1510', '5040', '1530', 0, 0, 124.8, 124.8, 0, 0, 0, 0, 0, 0, '', 0, 0, '0000-00-00', '0000-00-00', ''),
(46, '10046', 12, 1, 'HAIR PEG - 11-2', '11-2', 'DZ', 'B', '4010', '5010', '1510', '5040', '1530', 0, 0, 140.4, 140.4, 0, 0, 0, 0, 0, 0, '', 0, 0, '0000-00-00', '0000-00-00', ''),
(47, '10047', 12, 1, 'HAIR PEG - 11-3', '11-3', 'DZ', 'B', '4010', '5010', '1510', '5040', '1530', 0, 0, 140.4, 140.4, 0, 0, 0, 0, 0, 0, '', 0, 0, '0000-00-00', '0000-00-00', ''),
(48, '10048', 12, 1, 'HAIR PEG - 11-7', '11-7', 'DZ', 'B', '4010', '5010', '1510', '5040', '1530', 0, 0, 294.84, 294.84, 0, 0, 0, 0, 0, 0, '', 0, 0, '0000-00-00', '0000-00-00', ''),
(49, '10049', 12, 1, 'HAIR PEG - 11-8', '11-8', 'DZ', 'B', '4010', '5010', '1510', '5040', '1530', 0, 0, 84.24, 84.24, 0, 0, 0, 0, 0, 0, '', 0, 0, '0000-00-00', '0000-00-00', ''),
(50, '10050', 12, 1, 'HAIR PEG - 11-12', '11-12', 'DZ', 'B', '4010', '5010', '1510', '5040', '1530', 0, 0, 248.04, 248.04, 0, 0, 0, 0, 0, 0, '', 0, 0, '0000-00-00', '0000-00-00', ''),
(51, '10051', 12, 1, 'HAIR PEG - 11-14', '11-14', 'DZ', 'B', '4010', '5010', '1510', '5040', '1530', 0, 0, 271.44, 271.44, 0, 0, 0, 0, 0, 0, '', 0, 0, '0000-00-00', '0000-00-00', ''),
(52, '10052', 12, 1, 'HAIR PEG - 11-18', '11-18', 'DZ', 'B', '4010', '5010', '1510', '5040', '1530', 0, 0, 93.6, 93.6, 0, 0, 0, 0, 0, 0, '', 0, 0, '0000-00-00', '0000-00-00', ''),
(53, '10053', 12, 1, 'HAIR PEG - 11-20', '11-20', 'DZ', 'B', '4010', '5010', '1510', '5040', '1530', 0, 0, 102.96, 102.96, 0, 0, 0, 0, 0, 0, '', 0, 0, '0000-00-00', '0000-00-00', ''),
(54, '10054', 12, 1, 'HAIR PEG - 11-22', '11-22', 'DZ', 'B', '4010', '5010', '1510', '5040', '1530', 0, 0, 585, 585, 0, 0, 0, 0, 0, 0, '', 0, 0, '0000-00-00', '0000-00-00', ''),
(55, '10055', 12, 1, 'HAIR PEG - 11-23', '11-23', 'DZ', 'B', '4010', '5010', '1510', '5040', '1530', 0, 0, 514.8, 514.8, 0, 0, 0, 0, 0, 0, '', 0, 0, '0000-00-00', '0000-00-00', ''),
(56, '10056', 12, 1, 'HAIR PEG - 11-24', '11-24', 'DZ', 'B', '4010', '5010', '1510', '5040', '1530', 0, 0, 126.36, 126.36, 0, 0, 0, 0, 0, 0, '', 0, 0, '0000-00-00', '0000-00-00', ''),
(57, '10057', 12, 1, 'HAIR PEG - 11-27', '11-27', 'DZ', 'B', '4010', '5010', '1510', '5040', '1530', 0, 0, 56.16, 56.16, 0, 0, 0, 0, 0, 0, '', 0, 0, '0000-00-00', '0000-00-00', ''),
(58, '10058', 12, 1, 'HAIR PEG - 11-33', '11-33', 'DZ', 'B', '4010', '5010', '1510', '5040', '1530', 0, 0, 121.68, 121.68, 0, 0, 0, 0, 0, 0, '', 0, 0, '0000-00-00', '0000-00-00', ''),
(59, '10059', 12, 1, 'HAIR PEG - 11-37', '11-37', 'DZ', 'B', '4010', '5010', '1510', '5040', '1530', 0, 0, 173.16, 173.16, 0, 0, 0, 0, 0, 0, '', 0, 0, '0000-00-00', '0000-00-00', ''),
(60, '10060', 12, 1, 'HAIR PEG - 11-38', '11-38', 'DZ', 'B', '4010', '5010', '1510', '5040', '1530', 0, 0, 173.16, 173.16, 0, 0, 0, 0, 0, 0, '', 0, 0, '0000-00-00', '0000-00-00', ''),
(61, '10061', 12, 1, 'HAIR PEG - 11-41', '11-41', 'DZ', 'B', '4010', '5010', '1510', '5040', '1530', 0, 0, 196.56, 196.56, 0, 0, 0, 0, 0, 0, '', 0, 0, '0000-00-00', '0000-00-00', ''),
(62, '10062', 12, 1, 'HAIR PEG - 11-47', '11-47', 'DZ', 'B', '4010', '5010', '1510', '5040', '1530', 0, 0, 294.84, 294.84, 0, 0, 0, 0, 0, 0, '', 0, 0, '0000-00-00', '0000-00-00', ''),
(63, '10063', 12, 1, 'HAIR PEG - 11-50', '11-50', 'DZ', 'B', '4010', '5010', '1510', '5040', '1530', 0, 0, 102.96, 102.96, 0, 0, 0, 0, 0, 0, '', 0, 0, '0000-00-00', '0000-00-00', ''),
(64, '10064', 12, 1, 'HAIR PEG - 11-51', '11-51', 'DZ', 'B', '4010', '5010', '1510', '5040', '1530', 0, 0, 102.96, 102.96, 0, 0, 0, 0, 0, 0, '', 0, 0, '0000-00-00', '0000-00-00', ''),
(65, '10065', 12, 1, 'HAIR PEG - 11-54', '11-54', 'DZ', 'B', '4010', '5010', '1510', '5040', '1530', 0, 0, 187.2, 187.2, 0, 0, 0, 0, 0, 0, '', 0, 0, '0000-00-00', '0000-00-00', ''),
(66, '10066', 12, 1, 'HAIR PEG - 11-55', '11-55', 'DZ', 'B', '4010', '5010', '1510', '5040', '1530', 0, 0, 93.6, 93.6, 0, 0, 0, 0, 0, 0, '', 0, 0, '0000-00-00', '0000-00-00', ''),
(67, '10067', 12, 1, 'HAIR PEG - 11-56', '11-56', 'DZ', 'B', '4010', '5010', '1510', '5040', '1530', 0, 0, 280.8, 280.8, 0, 0, 0, 0, 0, 0, '', 0, 0, '0000-00-00', '0000-00-00', ''),
(68, '10068', 12, 1, 'HAIR PEG - 11-57', '11-57', 'CARD', 'B', '4010', '5010', '1510', '5040', '1530', 0, 0, 65.52, 65.52, 0, 0, 0, 0, 0, 0, '', 0, 0, '0000-00-00', '0000-00-00', ''),
(69, '10069', 12, 1, 'HAIR PEG - 11-58', '11-58', 'DZ', 'B', '4010', '5010', '1510', '5040', '1530', 0, 0, 205.92, 205.92, 0, 0, 0, 0, 0, 0, '', 0, 0, '0000-00-00', '0000-00-00', ''),
(70, '10070', 12, 1, 'HAIR PEG - 11-61', '11-61', 'BOX', 'B', '4010', '5010', '1510', '5040', '1530', 0, 0, 842.4, 842.4, 0, 0, 0, 0, 0, 0, '', 0, 0, '0000-00-00', '0000-00-00', ''),
(71, '10071', 12, 1, 'HAIR PEG - 11-62', '11-62', 'PACK', 'B', '4010', '5010', '1510', '5040', '1530', 0, 0, 468, 468, 0, 0, 0, 0, 0, 0, '', 0, 0, '0000-00-00', '0000-00-00', ''),
(72, '10072', 12, 1, 'HAIR PEG - 11-65', '11-65', 'DZ', 'B', '4010', '5010', '1510', '5040', '1530', 0, 0, 84.24, 84.24, 0, 0, 0, 0, 0, 0, '', 0, 0, '0000-00-00', '0000-00-00', ''),
(73, '10073', 12, 1, 'HAIR PEG - 11-66', '11-66', 'DZ', 'B', '4010', '5010', '1510', '5040', '1530', 0, 0, 248.04, 248.04, 0, 0, 0, 0, 0, 0, '', 0, 0, '0000-00-00', '0000-00-00', ''),
(74, '10074', 12, 1, 'HAIR PEG - 11-70', '11-70', 'CARD', 'B', '4010', '5010', '1510', '5040', '1530', 0, 0, 370.5, 370.5, 0, 0, 0, 0, 0, 0, '', 0, 0, '0000-00-00', '0000-00-00', ''),
(75, '10075', 12, 1, 'HAIR PEG - 11-72', '11-72', 'DZ', 'B', '4010', '5010', '1510', '5040', '1530', 0, 0, 444.6, 444.6, 0, 0, 0, 0, 0, 0, '', 0, 0, '0000-00-00', '0000-00-00', ''),
(76, '10076', 12, 1, 'HAIR PEG - 11-73', '11-73', 'DZ', 'B', '4010', '5010', '1510', '5040', '1530', 0, 0, 468, 468, 0, 0, 0, 0, 0, 0, '', 0, 0, '0000-00-00', '0000-00-00', ''),
(77, '10077', 12, 1, 'HAIR PEG - 11-74', '11-74', 'DZ', 'B', '4010', '5010', '1510', '5040', '1530', 0, 0, 421.2, 421.2, 0, 0, 0, 0, 0, 0, '', 0, 0, '0000-00-00', '0000-00-00', ''),
(78, '10078', 9, 1, 'ELIS BAND - 11-76', '11-76', 'DZ', 'B', '4010', '5010', '1510', '5040', '1530', 0, 0, 655.2, 655.2, 0, 0, 0, 0, 0, 0, '', 0, 0, '0000-00-00', '0000-00-00', ''),
(79, '10079', 9, 1, 'ELIS BAND - 11-79', '11-79', 'DZ', 'B', '4010', '5010', '1510', '5040', '1530', 0, 0, 468, 468, 0, 0, 0, 0, 0, 0, '', 0, 0, '0000-00-00', '0000-00-00', ''),
(80, '10080', 9, 1, 'ELIS BAND - 11-80', '11-80', 'DZ', 'B', '4010', '5010', '1510', '5040', '1530', 0, 0, 538.2, 538.2, 0, 0, 0, 0, 0, 0, '', 0, 0, '0000-00-00', '0000-00-00', ''),
(81, '10081', 9, 1, 'ELIS BAND - 11-81', '11-81', 'DZ', 'B', '4010', '5010', '1510', '5040', '1530', 0, 0, 538.2, 538.2, 0, 0, 0, 0, 0, 0, '', 0, 0, '0000-00-00', '0000-00-00', ''),
(82, '10082', 9, 1, 'ELIS BAND - 11-82', '11-82', 'DZ', 'B', '4010', '5010', '1510', '5040', '1530', 0, 0, 631.8, 631.8, 0, 0, 0, 0, 0, 0, '', 0, 0, '0000-00-00', '0000-00-00', ''),
(83, '10083', 12, 1, 'HAIR PEG - 11-83', '11-83', 'DZ', 'B', '4010', '5010', '1510', '5040', '1530', 0, 0, 351, 351, 0, 0, 0, 0, 0, 0, '', 0, 0, '0000-00-00', '0000-00-00', ''),
(84, '10084', 9, 1, 'ELIS BAND - 11-88', '11-88', 'DZ', 'B', '4010', '5010', '1510', '5040', '1530', 0, 0, 140.4, 140.4, 0, 0, 0, 0, 0, 0, '', 0, 0, '0000-00-00', '0000-00-00', ''),
(85, '10085', 19, 1, 'RING - 12-1', '12-1', 'BOX', 'B', '4010', '5010', '1510', '5040', '1530', 0, 0, 3120, 3120, 0, 0, 0, 0, 0, 0, '', 0, 0, '0000-00-00', '0000-00-00', ''),
(86, '10086', 19, 1, 'RING - 12-2', '12-2', 'PCS', 'B', '4010', '5010', '1510', '5040', '1530', 0, 0, 31.2, 31.2, 0, 0, 0, 0, 0, 0, '', 0, 0, '0000-00-00', '0000-00-00', ''),
(87, '10087', 38, 1, 'BRESLET - 13-1', '13-1', 'DZ', 'B', '4010', '5010', '1510', '5040', '1530', 0, 0, 327.6, 327.6, 0, 0, 0, 0, 0, 0, '', 0, 0, '0000-00-00', '0000-00-00', ''),
(88, '10088', 38, 1, 'BRESLET - 13-2', '13-2', 'DZ', 'B', '4010', '5010', '1510', '5040', '1530', 0, 0, 374.4, 374.4, 0, 0, 0, 0, 0, 0, '', 0, 0, '0000-00-00', '0000-00-00', ''),
(89, '10089', 38, 1, 'BRESLET - 13-5', '13-5', 'DZ', 'B', '4010', '5010', '1510', '5040', '1530', 0, 0, 327.6, 327.6, 0, 0, 0, 0, 0, 0, '', 0, 0, '0000-00-00', '0000-00-00', ''),
(90, '10090', 38, 1, 'BRESLET - 13-6', '13-6', 'DZ', 'B', '4010', '5010', '1510', '5040', '1530', 0, 0, 374.4, 374.4, 0, 0, 0, 0, 0, 0, '', 0, 0, '0000-00-00', '0000-00-00', ''),
(91, '10091', 38, 1, 'BRESLET - 13-7', '13-7', 'DZ', 'B', '4010', '5010', '1510', '5040', '1530', 0, 0, 234, 234, 0, 0, 0, 0, 0, 0, '', 0, 0, '0000-00-00', '0000-00-00', ''),
(92, '10092', 18, 1, 'BANGLE - 13-8', '13-8', 'DZ', 'B', '4010', '5010', '1510', '5040', '1530', 0, 0, 304.2, 304.2, 0, 0, 0, 0, 0, 0, '', 0, 0, '0000-00-00', '0000-00-00', ''),
(93, '10093', 38, 1, 'BRESLET - 13-10', '13-10', 'DZ', 'B', '4010', '5010', '1510', '5040', '1530', 0, 0, 374.4, 374.4, 0, 0, 0, 0, 0, 0, '', 0, 0, '0000-00-00', '0000-00-00', ''),
(94, '10094', 38, 1, 'BRESLET - 13-11', '13-11', 'DZ', 'B', '4010', '5010', '1510', '5040', '1530', 0, 0, 304.2, 304.2, 0, 0, 0, 0, 0, 0, '', 0, 0, '0000-00-00', '0000-00-00', ''),
(95, '10095', 38, 1, 'BRESLET - 13-12', '13-12', 'DZ', 'B', '4010', '5010', '1510', '5040', '1530', 0, 0, 304.2, 304.2, 0, 0, 0, 0, 0, 0, '', 0, 0, '0000-00-00', '0000-00-00', ''),
(96, '10096', 38, 1, 'BRESLET - 13-13', '13-13', 'DZ', 'B', '4010', '5010', '1510', '5040', '1530', 0, 0, 561.6, 561.6, 0, 0, 0, 0, 0, 0, '', 0, 0, '0000-00-00', '0000-00-00', ''),
(97, '10097', 38, 1, 'BRESLET - 13-14', '13-14', 'DZ', 'B', '4010', '5010', '1510', '5040', '1530', 0, 0, 374.4, 374.4, 0, 0, 0, 0, 0, 0, '', 0, 0, '0000-00-00', '0000-00-00', ''),
(98, '10098', 38, 1, 'BRESLET - 13-17', '13-17', 'DZ', 'B', '4010', '5010', '1510', '5040', '1530', 0, 0, 608.4, 608.4, 0, 0, 0, 0, 0, 0, '', 0, 0, '0000-00-00', '0000-00-00', ''),
(99, '10099', 38, 1, 'BRESLET - 13-15', '13-15', 'DZ', 'B', '4010', '5010', '1510', '5040', '1530', 0, 0, 234, 234, 0, 0, 0, 0, 0, 0, '', 0, 0, '0000-00-00', '0000-00-00', ''),
(100, '10100', 38, 1, 'BRESLET - 13-18', '13-18', 'DZ', 'B', '4010', '5010', '1510', '5040', '1530', 0, 0, 304.2, 304.2, 0, 0, 0, 0, 0, 0, '', 0, 0, '0000-00-00', '0000-00-00', ''),
(101, '10101', 38, 1, 'BRESLET - 13-19', '13-19', 'DZ', 'B', '4010', '5010', '1510', '5040', '1530', 0, 0, 468, 468, 0, 0, 0, 0, 0, 0, '', 0, 0, '0000-00-00', '0000-00-00', ''),
(102, '10102', 38, 1, 'BRESLET - 13-20', '13-20', 'PACK', 'B', '4010', '5010', '1510', '5040', '1530', 0, 0, 351, 351, 0, 0, 0, 0, 0, 0, '', 0, 0, '0000-00-00', '0000-00-00', ''),
(103, '10103', 38, 1, 'BRESLET - 13-21', '13-21', 'PACK', 'B', '4010', '5010', '1510', '5040', '1530', 0, 0, 468, 468, 0, 0, 0, 0, 0, 0, '', 0, 0, '0000-00-00', '0000-00-00', ''),
(104, '10104', 38, 1, 'BRESLET - 13-22', '13-22', 'DZ', 'B', '4010', '5010', '1510', '5040', '1530', 0, 0, 304.2, 304.2, 0, 0, 0, 0, 0, 0, '', 0, 0, '0000-00-00', '0000-00-00', ''),
(105, '10105', 38, 1, 'BRESLET - 13-23', '13-23', 'DZ', 'B', '4010', '5010', '1510', '5040', '1530', 0, 0, 327.6, 327.6, 0, 0, 0, 0, 0, 0, '', 0, 0, '0000-00-00', '0000-00-00', ''),
(106, '10106', 13, 1, 'EARING - 14-1', '14-1', 'BOX', 'B', '4010', '5010', '1510', '5040', '1530', 0, 0, 507, 507, 0, 0, 0, 0, 0, 0, '', 0, 0, '0000-00-00', '0000-00-00', ''),
(107, '10107', 13, 1, 'EARING - 14-5', '14-5', 'BOX', 'B', '4010', '5010', '1510', '5040', '1530', 0, 0, 585, 585, 0, 0, 0, 0, 0, 0, '', 0, 0, '0000-00-00', '0000-00-00', ''),
(108, '10108', 38, 1, 'BRESLET - 15-8', '15-8', 'DZ', 'B', '4010', '5010', '1510', '5040', '1530', 0, 0, 421.2, 421.2, 0, 0, 0, 0, 0, 0, '', 0, 0, '0000-00-00', '0000-00-00', ''),
(109, '10109', 38, 1, 'BRESLET - 15-2', '15-2', 'DZ', 'B', '4010', '5010', '1510', '5040', '1530', 0, 0, 468, 468, 0, 0, 0, 0, 0, 0, '', 0, 0, '0000-00-00', '0000-00-00', ''),
(110, '10110', 38, 1, 'BRESLET - 15-7', '15-7', 'DZ', 'B', '4010', '5010', '1510', '5040', '1530', 0, 0, 514.8, 514.8, 0, 0, 0, 0, 0, 0, '', 0, 0, '0000-00-00', '0000-00-00', ''),
(111, '10111', 38, 1, 'BRESLET - 15-4', '15-4', 'DZ', 'B', '4010', '5010', '1510', '5040', '1530', 0, 0, 421.2, 421.2, 0, 0, 0, 0, 0, 0, '', 0, 0, '0000-00-00', '0000-00-00', ''),
(112, '10112', 38, 1, 'BRESLET - 15-5', '15-5', 'DZ', 'B', '4010', '5010', '1510', '5040', '1530', 0, 0, 842.4, 842.4, 0, 0, 0, 0, 0, 0, '', 0, 0, '0000-00-00', '0000-00-00', ''),
(113, '10113', 38, 1, 'BRESLET - 15-6', '15-6', 'DZ', 'B', '4010', '5010', '1510', '5040', '1530', 0, 0, 2574, 2574, 0, 0, 0, 0, 0, 0, '', 0, 0, '0000-00-00', '0000-00-00', ''),
(114, '10114', 17, 1, 'PABALU CHAIN - 16-1', '16-1', 'DZ', 'B', '4010', '5010', '1510', '5040', '1530', 0, 0, 234, 234, 0, 0, 0, 0, 0, 0, '', 0, 0, '0000-00-00', '0000-00-00', ''),
(115, '10115', 17, 1, 'PABALU CHAIN - 16-2', '16-2', 'DZ', 'B', '4010', '5010', '1510', '5040', '1530', 0, 0, 234, 234, 0, 0, 0, 0, 0, 0, '', 0, 0, '0000-00-00', '0000-00-00', ''),
(116, '10116', 17, 1, 'PABALU CHAIN - 16-3', '16-3', 'DZ', 'B', '4010', '5010', '1510', '5040', '1530', 0, 0, 390, 390, 0, 0, 0, 0, 0, 0, '', 0, 0, '0000-00-00', '0000-00-00', ''),
(117, '10117', 17, 1, 'PABALU CHAIN - 16-4', '16-4', 'DZ', 'B', '4010', '5010', '1510', '5040', '1530', 0, 0, 390, 390, 0, 0, 0, 0, 0, 0, '', 0, 0, '0000-00-00', '0000-00-00', ''),
(118, '10118', 17, 1, 'PABALU CHAIN - 16-5', '16-5', 'DZ', 'B', '4010', '5010', '1510', '5040', '1530', 0, 0, 304.2, 304.2, 0, 0, 0, 0, 0, 0, '', 0, 0, '0000-00-00', '0000-00-00', ''),
(119, '10119', 17, 1, 'PABALU CHAIN - 16-6', '16-6', 'DZ', 'B', '4010', '5010', '1510', '5040', '1530', 0, 0, 292.5, 292.5, 0, 0, 0, 0, 0, 0, '', 0, 0, '0000-00-00', '0000-00-00', ''),
(120, '10120', 17, 1, 'PABALU CHAIN - 16-7', '16-7', 'DZ', 'B', '4010', '5010', '1510', '5040', '1530', 0, 0, 292.5, 292.5, 0, 0, 0, 0, 0, 0, '', 0, 0, '0000-00-00', '0000-00-00', ''),
(121, '10121', 17, 1, 'PABALU CHAIN - 16-8', '16-8', 'DZ', 'B', '4010', '5010', '1510', '5040', '1530', 0, 0, 214.5, 214.5, 0, 0, 0, 0, 0, 0, '', 0, 0, '0000-00-00', '0000-00-00', ''),
(122, '10122', 17, 1, 'PABALU CHAIN - 16-9', '16-9', 'DZ', 'B', '4010', '5010', '1510', '5040', '1530', 0, 0, 214.5, 214.5, 0, 0, 0, 0, 0, 0, '', 0, 0, '0000-00-00', '0000-00-00', ''),
(123, '10123', 17, 1, 'PABALU CHAIN - 16-10', '16-10', 'DZ', 'B', '4010', '5010', '1510', '5040', '1530', 0, 0, 234, 234, 0, 0, 0, 0, 0, 0, '', 0, 0, '0000-00-00', '0000-00-00', ''),
(124, '10124', 17, 1, 'PABALU CHAIN - 16-11', '16-11', 'DZ', 'B', '4010', '5010', '1510', '5040', '1530', 0, 0, 234, 234, 0, 0, 0, 0, 0, 0, '', 0, 0, '0000-00-00', '0000-00-00', ''),
(125, '10125', 17, 1, 'PABALU CHAIN - 16-12', '16-12', 'DZ', 'B', '4010', '5010', '1510', '5040', '1530', 0, 0, 234, 234, 0, 0, 0, 0, 0, 0, '', 0, 0, '0000-00-00', '0000-00-00', ''),
(126, '10126', 17, 1, 'PABALU CHAIN - 16-13', '16-13', 'DZ', 'B', '4010', '5010', '1510', '5040', '1530', 0, 0, 795.6, 795.6, 0, 0, 0, 0, 0, 0, '', 0, 0, '0000-00-00', '0000-00-00', ''),
(127, '10127', 17, 1, 'PABALU CHAIN - 16-16', '16-16', 'DZ', 'B', '4010', '5010', '1510', '5040', '1530', 0, 0, 655.2, 655.2, 0, 0, 0, 0, 0, 0, '', 0, 0, '0000-00-00', '0000-00-00', ''),
(128, '10128', 17, 1, 'PABALU CHAIN - 16-17', '16-17', 'DZ', 'B', '4010', '5010', '1510', '5040', '1530', 0, 0, 561.6, 561.6, 0, 0, 0, 0, 0, 0, '', 0, 0, '0000-00-00', '0000-00-00', ''),
(129, '10129', 17, 1, 'PABALU CHAIN - 16-18', '16-18', 'DZ', 'B', '4010', '5010', '1510', '5040', '1530', 0, 0, 655.2, 655.2, 0, 0, 0, 0, 0, 0, '', 0, 0, '0000-00-00', '0000-00-00', ''),
(130, '10130', 17, 1, 'PABALU CHAIN - 16-19', '16-19', 'PACK', 'B', '4010', '5010', '1510', '5040', '1530', 0, 0, 561.6, 561.6, 0, 0, 0, 0, 0, 0, '', 0, 0, '0000-00-00', '0000-00-00', ''),
(131, '10131', 17, 1, 'PABALU CHAIN - 16-20', '16-20', 'PACK', 'B', '4010', '5010', '1510', '5040', '1530', 0, 0, 561.6, 561.6, 0, 0, 0, 0, 0, 0, '', 0, 0, '0000-00-00', '0000-00-00', ''),
(132, '10132', 37, 1, 'NECKLACE - 18-5', '18-5', 'PCS', 'B', '4010', '5010', '1510', '5040', '1530', 0, 0, 234, 234, 0, 0, 0, 0, 0, 0, '', 0, 0, '0000-00-00', '0000-00-00', ''),
(133, '10133', 37, 1, 'NECKLACE - 18-17', '18-17', 'PCS', 'B', '4010', '5010', '1510', '5040', '1530', 0, 0, 273, 273, 0, 0, 0, 0, 0, 0, '', 0, 0, '0000-00-00', '0000-00-00', ''),
(134, '10134', 37, 1, 'NECKLACE - 19-2', '19-2', 'PCS', 'B', '4010', '5010', '1510', '5040', '1530', 0, 0, 292.5, 292.5, 0, 0, 0, 0, 0, 0, '', 0, 0, '0000-00-00', '0000-00-00', ''),
(135, '10135', 10, 1, 'HEAD BAND - 21-10', '21-10', 'DZ', 'B', '4010', '5010', '1510', '5040', '1530', 0, 0, 351, 351, 0, 0, 0, 0, 0, 0, '', 0, 0, '0000-00-00', '0000-00-00', ''),
(136, '10136', 10, 1, 'HEAD BAND - 21-11', '21-11', 'DZ', 'B', '4010', '5010', '1510', '5040', '1530', 0, 0, 468, 468, 0, 0, 0, 0, 0, 0, '', 0, 0, '0000-00-00', '0000-00-00', ''),
(137, '10137', 10, 1, 'WOOL BAND - 22-1', '22-1', 'PACK', 'B', '4010', '5010', '1510', '5040', '1530', 0, 0, 234, 234, 0, 0, 0, 0, 0, 0, '', 0, 0, '0000-00-00', '0000-00-00', ''),
(138, '10138', 10, 1, 'WOOL BAND - 22-3', '22-3', 'CARD', 'B', '4010', '5010', '1510', '5040', '1530', 0, 0, 245.7, 245.7, 0, 0, 0, 0, 0, 0, '', 0, 0, '0000-00-00', '0000-00-00', ''),
(139, '10139', 10, 1, 'WOOL BAND - 22-4', '22-4', 'CARD', 'B', '4010', '5010', '1510', '5040', '1530', 0, 0, 280.8, 280.8, 0, 0, 0, 0, 0, 0, '', 0, 0, '0000-00-00', '0000-00-00', ''),
(140, '10140', 10, 1, 'WOOL BAND - 22-12', '22-12', 'CARD', 'B', '4010', '5010', '1510', '5040', '1530', 0, 0, 101.4, 101.4, 0, 0, 0, 0, 0, 0, '', 0, 0, '0000-00-00', '0000-00-00', ''),
(141, '10141', 15, 1, 'SAREE BROOCH - 23-24', '23-24', 'DZ', 'B', '4010', '5010', '1510', '5040', '1530', 0, 0, 1170, 1170, 0, 0, 0, 0, 0, 0, '', 0, 0, '0000-00-00', '0000-00-00', ''),
(142, '10142', 15, 1, 'SAREE BROOCH - 23-38', '23-38', 'DZ', 'B', '4010', '5010', '1510', '5040', '1530', 0, 0, 1170, 1170, 0, 0, 0, 0, 0, 0, '', 0, 0, '0000-00-00', '0000-00-00', ''),
(143, '10143', 15, 1, 'SAREE BROOCH - 23-44', '23-44', 'DZ', 'B', '4010', '5010', '1510', '5040', '1530', 0, 0, 1170, 1170, 0, 0, 0, 0, 0, 0, '', 0, 0, '0000-00-00', '0000-00-00', ''),
(144, '10144', 15, 1, 'SAREE BROOCH - 23-50', '23-50', 'DZ', 'B', '4010', '5010', '1510', '5040', '1530', 0, 0, 1170, 1170, 0, 0, 0, 0, 0, 0, '', 0, 0, '0000-00-00', '0000-00-00', ''),
(145, '10145', 15, 1, 'SAREE BROOCH - 23-51', '23-51', 'DZ', 'B', '4010', '5010', '1510', '5040', '1530', 0, 0, 1170, 1170, 0, 0, 0, 0, 0, 0, '', 0, 0, '0000-00-00', '0000-00-00', ''),
(146, '10146', 15, 1, 'SAREE BROOCH - 23-73', '23-73', 'DZ', 'B', '4010', '5010', '1510', '5040', '1530', 0, 0, 1170, 1170, 0, 0, 0, 0, 0, 0, '', 0, 0, '0000-00-00', '0000-00-00', ''),
(147, '10147', 15, 1, 'SAREE BROOCH - 23-74', '23-74', 'DZ', 'B', '4010', '5010', '1510', '5040', '1530', 0, 0, 1170, 1170, 0, 0, 0, 0, 0, 0, '', 0, 0, '0000-00-00', '0000-00-00', ''),
(148, '10148', 15, 1, 'SAREE BROOCH - 23-99', '23-99', 'DZ', 'B', '4010', '5010', '1510', '5040', '1530', 0, 0, 468, 468, 0, 0, 0, 0, 0, 0, '', 0, 0, '0000-00-00', '0000-00-00', ''),
(149, '10149', 15, 1, 'SAREE BROOCH - 23-100', '23-100', 'DZ', 'B', '4010', '5010', '1510', '5040', '1530', 0, 0, 468, 468, 0, 0, 0, 0, 0, 0, '', 0, 0, '0000-00-00', '0000-00-00', ''),
(150, '10150', 15, 1, 'SAREE BROOCH - 23-101', '23-101', 'DZ', 'B', '4010', '5010', '1510', '5040', '1530', 0, 0, 468, 468, 0, 0, 0, 0, 0, 0, '', 0, 0, '0000-00-00', '0000-00-00', ''),
(151, '10151', 15, 1, 'SAREE BROOCH - 23-102', '23-102', 'DZ', 'B', '4010', '5010', '1510', '5040', '1530', 0, 0, 468, 468, 0, 0, 0, 0, 0, 0, '', 0, 0, '0000-00-00', '0000-00-00', ''),
(152, '10152', 15, 1, 'SAREE BROOCH - 23-103', '23-103', 'DZ', 'B', '4010', '5010', '1510', '5040', '1530', 0, 0, 468, 468, 0, 0, 0, 0, 0, 0, '', 0, 0, '0000-00-00', '0000-00-00', ''),
(153, '10153', 15, 1, 'SAREE BROOCH - 23-104', '23-104', 'DZ', 'B', '4010', '5010', '1510', '5040', '1530', 0, 0, 468, 468, 0, 0, 0, 0, 0, 0, '', 0, 0, '0000-00-00', '0000-00-00', ''),
(154, '10154', 15, 1, 'SAREE BROOCH - 23-105', '23-105', 'DZ', 'B', '4010', '5010', '1510', '5040', '1530', 0, 0, 468, 468, 0, 0, 0, 0, 0, 0, '', 0, 0, '0000-00-00', '0000-00-00', ''),
(155, '10155', 15, 1, 'SAREE BROOCH - 23-106', '23-106', 'DZ', 'B', '4010', '5010', '1510', '5040', '1530', 0, 0, 468, 468, 0, 0, 0, 0, 0, 0, '', 0, 0, '0000-00-00', '0000-00-00', ''),
(156, '10156', 15, 1, 'SAREE BROOCH - 23-107', '23-107', 'DZ', 'B', '4010', '5010', '1510', '5040', '1530', 0, 0, 327.6, 327.6, 0, 0, 0, 0, 0, 0, '', 0, 0, '0000-00-00', '0000-00-00', ''),
(157, '10157', 15, 1, 'SAREE BROOCH - 23-108', '23-108', 'DZ', 'B', '4010', '5010', '1510', '5040', '1530', 0, 0, 327.6, 327.6, 0, 0, 0, 0, 0, 0, '', 0, 0, '0000-00-00', '0000-00-00', ''),
(158, '10158', 15, 1, 'SAREE BROOCH - 23-110', '23-110', 'DZ', 'B', '4010', '5010', '1510', '5040', '1530', 0, 0, 327.6, 327.6, 0, 0, 0, 0, 0, 0, '', 0, 0, '0000-00-00', '0000-00-00', ''),
(159, '10159', 15, 1, 'SAREE BROOCH - 23-111', '23-111', 'DZ', 'B', '4010', '5010', '1510', '5040', '1530', 0, 0, 327.6, 327.6, 0, 0, 0, 0, 0, 0, '', 0, 0, '0000-00-00', '0000-00-00', ''),
(160, '10160', 15, 1, 'SAREE BROOCH - 23-112', '23-112', 'DZ', 'B', '4010', '5010', '1510', '5040', '1530', 0, 0, 327.6, 327.6, 0, 0, 0, 0, 0, 0, '', 0, 0, '0000-00-00', '0000-00-00', ''),
(161, '10161', 12, 1, 'HAIR PIN - 23-113', '23-113', 'CARD', 'B', '4010', '5010', '1510', '5040', '1530', 0, 0, 1404, 1404, 0, 0, 0, 0, 0, 0, '', 0, 0, '0000-00-00', '0000-00-00', ''),
(162, '10162', 15, 1, 'SAREE BROOCH - 23-115', '23-115', 'CARD', 'B', '4010', '5010', '1510', '5040', '1530', 0, 0, 702, 702, 0, 0, 0, 0, 0, 0, '', 0, 0, '0000-00-00', '0000-00-00', ''),
(163, '10163', 15, 1, 'SAREE BROOCH - 23-116', '23-116', 'CARD', 'B', '4010', '5010', '1510', '5040', '1530', 0, 0, 702, 702, 0, 0, 0, 0, 0, 0, '', 0, 0, '0000-00-00', '0000-00-00', ''),
(164, '10164', 16, 1, 'HABAYA PIN - 23-118', '23-118', 'DZ', 'B', '4010', '5010', '1510', '5040', '1530', 0, 0, 608.4, 608.4, 0, 0, 0, 0, 0, 0, '', 0, 0, '0000-00-00', '0000-00-00', ''),
(165, '10165', 16, 1, 'HABAYA PIN - 23-119', '23-119', 'DZ', 'B', '4010', '5010', '1510', '5040', '1530', 0, 0, 608.4, 608.4, 0, 0, 0, 0, 0, 0, '', 0, 0, '0000-00-00', '0000-00-00', ''),
(166, '10166', 15, 1, 'SAREE BROOCH - 23-125', '23-125', 'DZ', 'B', '4010', '5010', '1510', '5040', '1530', 0, 0, 327.6, 327.6, 0, 0, 0, 0, 0, 0, '', 0, 0, '0000-00-00', '0000-00-00', ''),
(167, '10167', 10, 1, 'WOOL BAND - 24-9', '24-9', 'PACK', 'B', '4010', '5010', '1510', '5040', '1530', 0, 0, 214.5, 214.5, 0, 0, 0, 0, 0, 0, '', 0, 0, '0000-00-00', '0000-00-00', ''),
(168, '10168', 12, 1, 'HAIR PEG - 25-1', '25-1', 'CARD', 'B', '4010', '5010', '1510', '5040', '1530', 0, 0, 50.7, 50.7, 0, 0, 0, 0, 0, 0, '', 0, 0, '0000-00-00', '0000-00-00', ''),
(169, '10169', 12, 1, 'HAIR PEG - 25-2', '25-2', 'CARD', 'B', '4010', '5010', '1510', '5040', '1530', 0, 0, 50.7, 50.7, 0, 0, 0, 0, 0, 0, '', 0, 0, '0000-00-00', '0000-00-00', ''),
(170, '10170', 12, 1, 'HAIR PEG - 25-3', '25-3', 'CARD', 'B', '4010', '5010', '1510', '5040', '1530', 0, 0, 50.7, 50.7, 0, 0, 0, 0, 0, 0, '', 0, 0, '0000-00-00', '0000-00-00', ''),
(171, '10171', 12, 1, 'HAIR PEG - 25-4', '25-4', 'CARD', 'B', '4010', '5010', '1510', '5040', '1530', 0, 0, 50.7, 50.7, 0, 0, 0, 0, 0, 0, '', 0, 0, '0000-00-00', '0000-00-00', ''),
(172, '10172', 12, 1, 'HAIR PEG - 25-5', '25-5', 'CARD', 'B', '4010', '5010', '1510', '5040', '1530', 0, 0, 50.7, 50.7, 0, 0, 0, 0, 0, 0, '', 0, 0, '0000-00-00', '0000-00-00', ''),
(173, '10173', 12, 1, 'HAIR PEG - 25-6', '25-6', 'CARD', 'B', '4010', '5010', '1510', '5040', '1530', 0, 0, 48.75, 48.75, 0, 0, 0, 0, 0, 0, '', 0, 0, '0000-00-00', '0000-00-00', ''),
(174, '10174', 12, 1, 'HAIR CLIP - 26-2', '26-2', 'CARD', 'B', '4010', '5010', '1510', '5040', '1530', 0, 0, 31.2, 31.2, 0, 0, 0, 0, 0, 0, '', 0, 0, '0000-00-00', '0000-00-00', ''),
(175, '10175', 12, 1, 'HAIR CLIP - 26-7', '26-7', 'CARD', 'B', '4010', '5010', '1510', '5040', '1530', 0, 0, 23.4, 23.4, 0, 0, 0, 0, 0, 0, '', 0, 0, '0000-00-00', '0000-00-00', ''),
(176, '10176', 12, 1, 'HAIR CLIP - 26-9', '26-9', 'CARD', 'B', '4010', '5010', '1510', '5040', '1530', 0, 0, 64.35, 64.35, 0, 0, 0, 0, 0, 0, '', 0, 0, '0000-00-00', '0000-00-00', ''),
(177, '10177', 12, 1, 'HAIR CLIP - 26-10', '26-10', 'CARD', 'B', '4010', '5010', '1510', '5040', '1530', 0, 0, 23.4, 23.4, 0, 0, 0, 0, 0, 0, '', 0, 0, '0000-00-00', '0000-00-00', ''),
(178, '10178', 12, 1, 'HAIR CLIP - 26-11', '26-11', 'CARD', 'B', '4010', '5010', '1510', '5040', '1530', 0, 0, 23.4, 23.4, 0, 0, 0, 0, 0, 0, '', 0, 0, '0000-00-00', '0000-00-00', ''),
(179, '10179', 12, 1, 'HAIR CLIP - 26-12', '26-12', 'CARD', 'B', '4010', '5010', '1510', '5040', '1530', 0, 0, 54.6, 54.6, 0, 0, 0, 0, 0, 0, '', 0, 0, '0000-00-00', '0000-00-00', ''),
(180, '10180', 12, 1, 'HAIR CLIP - 26-14', '26-14', 'CARD', 'B', '4010', '5010', '1510', '5040', '1530', 0, 0, 78, 78, 0, 0, 0, 0, 0, 0, '', 0, 0, '0000-00-00', '0000-00-00', ''),
(181, '10181', 12, 1, 'HAIR CLIP - 26-15', '26-15', 'CARD', 'B', '4010', '5010', '1510', '5040', '1530', 0, 0, 78, 78, 0, 0, 0, 0, 0, 0, '', 0, 0, '0000-00-00', '0000-00-00', ''),
(182, '10182', 12, 1, 'HAIR CLIP - 26-17', '26-17', 'CARD', 'B', '4010', '5010', '1510', '5040', '1530', 0, 0, 175.5, 175.5, 0, 0, 0, 0, 0, 0, '', 0, 0, '0000-00-00', '0000-00-00', ''),
(183, '10183', 12, 1, 'HAIR CLIP - 26-20', '26-20', 'CARD', 'B', '4010', '5010', '1510', '5040', '1530', 0, 0, 46.8, 46.8, 0, 0, 0, 0, 0, 0, '', 0, 0, '0000-00-00', '0000-00-00', ''),
(184, '10184', 12, 1, 'HAIR CLIP - 26-23', '26-23', 'CARD', 'B', '4010', '5010', '1510', '5040', '1530', 0, 0, 39, 39, 0, 0, 0, 0, 0, 0, '', 0, 0, '0000-00-00', '0000-00-00', ''),
(185, '10185', 12, 1, 'HAIR CLIP - 26-25', '26-25', 'CARD', 'B', '4010', '5010', '1510', '5040', '1530', 0, 0, 46.8, 46.8, 0, 0, 0, 0, 0, 0, '', 0, 0, '0000-00-00', '0000-00-00', ''),
(186, '10186', 12, 1, 'HAIR CLIP - 26-27', '26-27', 'CARD', 'B', '4010', '5010', '1510', '5040', '1530', 0, 0, 39, 39, 0, 0, 0, 0, 0, 0, '', 0, 0, '0000-00-00', '0000-00-00', ''),
(187, '10187', 12, 1, 'HAIR CLIP - 26-29', '26-29', 'CARD', 'B', '4010', '5010', '1510', '5040', '1530', 0, 0, 39, 39, 0, 0, 0, 0, 0, 0, '', 0, 0, '0000-00-00', '0000-00-00', ''),
(188, '10188', 12, 1, 'HAIR CLIP - 26-30', '26-30', 'CARD', 'B', '4010', '5010', '1510', '5040', '1530', 0, 0, 39, 39, 0, 0, 0, 0, 0, 0, '', 0, 0, '0000-00-00', '0000-00-00', ''),
(189, '10189', 12, 1, 'HAIR CLIP - 26-32', '26-32', 'CARD', 'B', '4010', '5010', '1510', '5040', '1530', 0, 0, 35.1, 35.1, 0, 0, 0, 0, 0, 0, '', 0, 0, '0000-00-00', '0000-00-00', ''),
(190, '10190', 12, 1, 'HAIR CLIP - 26-33', '26-33', 'CARD', 'B', '4010', '5010', '1510', '5040', '1530', 0, 0, 46.8, 46.8, 0, 0, 0, 0, 0, 0, '', 0, 0, '0000-00-00', '0000-00-00', ''),
(191, '10191', 12, 1, 'HAIR CLIP - 26-34', '26-34', 'CARD', 'B', '4010', '5010', '1510', '5040', '1530', 0, 0, 46.8, 46.8, 0, 0, 0, 0, 0, 0, '', 0, 0, '0000-00-00', '0000-00-00', ''),
(192, '10192', 29, 1, 'BELTS - 27', '27', 'PCS', 'B', '4010', '5010', '1510', '5040', '1530', 0, 0, 101.4, 101.4, 0, 0, 0, 0, 0, 0, '', 0, 0, '0000-00-00', '0000-00-00', ''),
(193, '10193', 15, 1, 'SARI BROOCH - I001', 'I001', 'CARD', 'B', '4010', '5010', '1510', '5040', '1530', 0, 0, 269.7, 269.7, 0, 0, 0, 0, 0, 0, '', 0, 0, '0000-00-00', '0000-00-00', ''),
(194, '10194', 15, 1, 'SARI BROOCH - I002', 'I002', 'CARD', 'B', '4010', '5010', '1510', '5040', '1530', 0, 0, 250.13, 250.13, 0, 0, 0, 0, 0, 0, '', 0, 0, '0000-00-00', '0000-00-00', ''),
(195, '10195', 15, 1, 'SARI BROOCH - I003', 'I003', 'CARD', 'B', '4010', '5010', '1510', '5040', '1530', 0, 0, 261, 261, 0, 0, 0, 0, 0, 0, '', 0, 0, '0000-00-00', '0000-00-00', ''),
(196, '10196', 15, 1, 'SARI BROOCH - I004', 'I004', 'CARD', 'B', '4010', '5010', '1510', '5040', '1530', 0, 0, 269.7, 269.7, 0, 0, 0, 0, 0, 0, '', 0, 0, '0000-00-00', '0000-00-00', ''),
(197, '10197', 15, 1, 'SARI BROOCH - I006', 'I006', 'CARD', 'B', '4010', '5010', '1510', '5040', '1530', 0, 0, 239.25, 239.25, 0, 0, 0, 0, 0, 0, '', 0, 0, '0000-00-00', '0000-00-00', ''),
(198, '10198', 15, 1, 'SARI BROOCH - I007', 'I007', 'CARD', 'B', '4010', '5010', '1510', '5040', '1530', 0, 0, 282.75, 282.75, 0, 0, 0, 0, 0, 0, '', 0, 0, '0000-00-00', '0000-00-00', ''),
(199, '10199', 15, 1, 'SARI BROOCH - I008', 'I008', 'CARD', 'B', '4010', '5010', '1510', '5040', '1530', 0, 0, 141.38, 141.38, 0, 0, 0, 0, 0, 0, '', 0, 0, '0000-00-00', '0000-00-00', ''),
(200, '10200', 15, 1, 'SARI BROOCH - I009', 'I009', 'CARD', 'B', '4010', '5010', '1510', '5040', '1530', 0, 0, 152.25, 152.25, 0, 0, 0, 0, 0, 0, '', 0, 0, '0000-00-00', '0000-00-00', ''),
(201, '10201', 15, 1, 'SARI BROOCH - I010', 'I010', 'PCS', 'B', '4010', '5010', '1510', '5040', '1530', 0, 0, 72.5, 72.5, 0, 0, 0, 0, 0, 0, '', 0, 0, '0000-00-00', '0000-00-00', ''),
(202, '10202', 15, 1, 'SARI BROOCH - I011', 'I011', 'CARD', 'B', '4010', '5010', '1510', '5040', '1530', 0, 0, 139.2, 139.2, 0, 0, 0, 0, 0, 0, '', 0, 0, '0000-00-00', '0000-00-00', ''),
(203, '10203', 15, 1, 'SARI BROOCH - I012', 'I012', 'CARD', 'B', '4010', '5010', '1510', '5040', '1530', 0, 0, 152.25, 152.25, 0, 0, 0, 0, 0, 0, '', 0, 0, '0000-00-00', '0000-00-00', ''),
(204, '10204', 15, 1, 'SARI BROOCH - I013', 'I013', 'CARD', 'B', '4010', '5010', '1510', '5040', '1530', 0, 0, 247.95, 247.95, 0, 0, 0, 0, 0, 0, '', 0, 0, '0000-00-00', '0000-00-00', ''),
(205, '10205', 15, 1, 'SARI BROOCH - I014', 'I014', 'CARD', 'B', '4010', '5010', '1510', '5040', '1530', 0, 0, 152.25, 152.25, 0, 0, 0, 0, 0, 0, '', 0, 0, '0000-00-00', '0000-00-00', ''),
(206, '10206', 15, 1, 'SARI BROOCH - I015', 'I015', 'CARD', 'B', '4010', '5010', '1510', '5040', '1530', 0, 0, 287.1, 287.1, 0, 0, 0, 0, 0, 0, '', 0, 0, '0000-00-00', '0000-00-00', ''),
(207, '10207', 15, 1, 'SARI BROOCH - I016', 'I016', 'CARD', 'B', '4010', '5010', '1510', '5040', '1530', 0, 0, 330.6, 330.6, 0, 0, 0, 0, 0, 0, '', 0, 0, '0000-00-00', '0000-00-00', ''),
(208, '10208', 13, 1, 'EARING - I017', 'I017', 'CARD', 'B', '4010', '5010', '1510', '5040', '1530', 0, 0, 182.7, 182.7, 0, 0, 0, 0, 0, 0, '', 0, 0, '0000-00-00', '0000-00-00', ''),
(209, '10209', 13, 1, 'EARING - I018', 'I018', 'CARD', 'B', '4010', '5010', '1510', '5040', '1530', 0, 0, 121.8, 121.8, 0, 0, 0, 0, 0, 0, '', 0, 0, '0000-00-00', '0000-00-00', ''),
(210, '10210', 13, 1, 'EARING - I019', 'I019', 'CARD', 'B', '4010', '5010', '1510', '5040', '1530', 0, 0, 261, 261, 0, 0, 0, 0, 0, 0, '', 0, 0, '0000-00-00', '0000-00-00', ''),
(211, '10211', 13, 1, 'EARING - I021', 'I021', 'CARD', 'B', '4010', '5010', '1510', '5040', '1530', 0, 0, 287.1, 287.1, 0, 0, 0, 0, 0, 0, '', 0, 0, '0000-00-00', '0000-00-00', ''),
(212, '10212', 13, 1, 'EARING - I022', 'I022', 'CARD', 'B', '4010', '5010', '1510', '5040', '1530', 0, 0, 87, 87, 0, 0, 0, 0, 0, 0, '', 0, 0, '0000-00-00', '0000-00-00', ''),
(213, '10213', 13, 1, 'EARING - I023', 'I023', 'CARD', 'B', '4010', '5010', '1510', '5040', '1530', 0, 0, 152.25, 152.25, 0, 0, 0, 0, 0, 0, '', 0, 0, '0000-00-00', '0000-00-00', ''),
(214, '10214', 13, 1, 'EARING - I024', 'I024', 'CARD', 'B', '4010', '5010', '1510', '5040', '1530', 0, 0, 152.25, 152.25, 0, 0, 0, 0, 0, 0, '', 0, 0, '0000-00-00', '0000-00-00', ''),
(215, '10215', 12, 1, 'HAIR PEG - I026', 'I026', 'PACK', 'B', '4010', '5010', '1510', '5040', '1530', 0, 0, 87, 87, 0, 0, 0, 0, 0, 0, '', 0, 0, '0000-00-00', '0000-00-00', ''),
(216, '10216', 7, 1, 'SLIDE - I035', 'I035', 'CARD', 'B', '4010', '5010', '1510', '5040', '1530', 0, 0, 52.2, 52.2, 0, 0, 0, 0, 0, 0, '', 0, 0, '0000-00-00', '0000-00-00', ''),
(217, '10217', 7, 1, 'SLIDE - I036', 'I036', 'CARD', 'B', '4010', '5010', '1510', '5040', '1530', 0, 0, 73.95, 73.95, 0, 0, 0, 0, 0, 0, '', 0, 0, '0000-00-00', '0000-00-00', ''),
(218, '10218', 7, 1, 'SLIDE - I038', 'I038', 'CARD', 'B', '4010', '5010', '1510', '5040', '1530', 0, 0, 65.25, 65.25, 0, 0, 0, 0, 0, 0, '', 0, 0, '0000-00-00', '0000-00-00', ''),
(219, '10219', 7, 1, 'SLIDE - I039', 'I039', 'CARD', 'B', '4010', '5010', '1510', '5040', '1530', 0, 0, 65.25, 65.25, 0, 0, 0, 0, 0, 0, '', 0, 0, '0000-00-00', '0000-00-00', ''),
(220, '10220', 32, 1, 'KEY TAG - I040', 'I040', 'PCS', 'B', '4010', '5010', '1510', '5040', '1530', 0, 0, 16.31, 16.31, 0, 0, 0, 0, 0, 0, '', 0, 0, '0000-00-00', '0000-00-00', ''),
(221, '10221', 11, 1, 'HAIR ORNAMENT - I055', 'I055', 'PCS', 'B', '4010', '5010', '1510', '5040', '1530', 0, 0, 68.88, 68.88, 0, 0, 0, 0, 0, 0, '', 0, 0, '0000-00-00', '0000-00-00', ''),
(222, '10222', 7, 1, 'SLIDE - I056', 'I056', 'CARD', 'B', '4010', '5010', '1510', '5040', '1530', 0, 0, 97.88, 97.88, 0, 0, 0, 0, 0, 0, '', 0, 0, '0000-00-00', '0000-00-00', ''),
(223, '10223', 11, 1, 'HAIR ORNAMENT - I058', 'I058', 'PCS', 'B', '4010', '5010', '1510', '5040', '1530', 0, 0, 50.75, 50.75, 0, 0, 0, 0, 0, 0, '', 0, 0, '0000-00-00', '0000-00-00', ''),
(224, '10224', 15, 1, 'SARI BROOCH - I060', 'I060', 'PCS', 'B', '4010', '5010', '1510', '5040', '1530', 0, 0, 58, 58, 0, 0, 0, 0, 0, 0, '', 0, 0, '0000-00-00', '0000-00-00', ''),
(225, '10225', 11, 1, 'HAIR ORNAMENT - I062', 'I062', 'PCS', 'B', '4010', '5010', '1510', '5040', '1530', 0, 0, 29, 29, 0, 0, 0, 0, 0, 0, '', 0, 0, '0000-00-00', '0000-00-00', ''),
(226, '10226', 11, 1, 'HAIR ORNAMENT - I065', 'I065', 'PCS', 'B', '4010', '5010', '1510', '5040', '1530', 0, 0, 54.38, 54.38, 0, 0, 0, 0, 0, 0, '', 0, 0, '0000-00-00', '0000-00-00', ''),
(227, '10227', 11, 1, 'HAIR ORNAMENT - I066', 'I066', 'PCS', 'B', '4010', '5010', '1510', '5040', '1530', 0, 0, 39.88, 39.88, 0, 0, 0, 0, 0, 0, '', 0, 0, '0000-00-00', '0000-00-00', ''),
(228, '10228', 7, 1, 'SLIDE - I075', 'I075', 'CARD', 'B', '4010', '5010', '1510', '5040', '1530', 0, 0, 65.25, 65.25, 0, 0, 0, 0, 0, 0, '', 0, 0, '0000-00-00', '0000-00-00', ''),
(229, '10229', 7, 1, 'SLIDE - I076', 'I076', 'CARD', 'B', '4010', '5010', '1510', '5040', '1530', 0, 0, 130.5, 130.5, 0, 0, 0, 0, 0, 0, '', 0, 0, '0000-00-00', '0000-00-00', ''),
(230, '10230', 7, 1, 'SLIDE - I080', 'I080', 'CARD', 'B', '4010', '5010', '1510', '5040', '1530', 0, 0, 65.25, 65.25, 0, 0, 0, 0, 0, 0, '', 0, 0, '0000-00-00', '0000-00-00', ''),
(231, '10231', 7, 1, 'SLIDE - I081', 'I081', 'CARD', 'B', '4010', '5010', '1510', '5040', '1530', 0, 0, 97.88, 97.88, 0, 0, 0, 0, 0, 0, '', 0, 0, '0000-00-00', '0000-00-00', ''),
(232, '10232', 7, 1, 'SLIDE - I082', 'I082', 'CARD', 'B', '4010', '5010', '1510', '5040', '1530', 0, 0, 65.25, 65.25, 0, 0, 0, 0, 0, 0, '', 0, 0, '0000-00-00', '0000-00-00', ''),
(233, '10233', 7, 1, 'SLIDE - I083', 'I083', 'CARD', 'B', '4010', '5010', '1510', '5040', '1530', 0, 0, 65.25, 65.25, 0, 0, 0, 0, 0, 0, '', 0, 0, '0000-00-00', '0000-00-00', ''),
(234, '10234', 7, 1, 'SLIDE - I084', 'I084', 'CARD', 'B', '4010', '5010', '1510', '5040', '1530', 0, 0, 73.95, 73.95, 0, 0, 0, 0, 0, 0, '', 0, 0, '0000-00-00', '0000-00-00', ''),
(235, '10235', 7, 1, 'SLIDE - I085', 'I085', 'CARD', 'B', '4010', '5010', '1510', '5040', '1530', 0, 0, 73.95, 73.95, 0, 0, 0, 0, 0, 0, '', 0, 0, '0000-00-00', '0000-00-00', ''),
(236, '10236', 10, 1, 'WOOL BAND - I090', 'I090', 'PACK', 'B', '4010', '5010', '1510', '5040', '1530', 0, 0, 123.25, 123.25, 0, 0, 0, 0, 0, 0, '', 0, 0, '0000-00-00', '0000-00-00', ''),
(237, '10237', 15, 1, 'BROOCH - I128', 'I128', 'CARD', 'B', '4010', '5010', '1510', '5040', '1530', 0, 0, 280, 280, 0, 0, 0, 0, 0, 0, '', 0, 0, '0000-00-00', '0000-00-00', ''),
(238, '10238', 7, 1, 'SLIDE - I130', 'I130', 'CARD', 'B', '4010', '5010', '1510', '5040', '1530', 0, 0, 35.7, 35.7, 0, 0, 0, 0, 0, 0, '', 0, 0, '0000-00-00', '0000-00-00', ''),
(239, '10239', 7, 1, 'SLIDE - I131', 'I131', 'CARD', 'B', '4010', '5010', '1510', '5040', '1530', 0, 0, 39.9, 39.9, 0, 0, 0, 0, 0, 0, '', 0, 0, '0000-00-00', '0000-00-00', ''),
(240, '10240', 12, 1, 'HAIR CLIP - 184-2', '184-2', 'CARD', 'B', '4010', '5010', '1510', '5040', '1530', 0, 0, 30, 30, 0, 0, 0, 0, 0, 0, '', 0, 0, '0000-00-00', '0000-00-00', ''),
(241, '10241', 23, 1, 'Gents Purse - S4-1', 'S4-1', 'PCS', 'B', '4010', '5010', '1510', '5040', '1530', 0, 0, 176, 176, 0, 0, 0, 0, 0, 0, '', 0, 0, '0000-00-00', '0000-00-00', ''),
(242, '10242', 2, 1, 'Purse - S5-1', 'S5-1', 'PCS', 'B', '4010', '5010', '1510', '5040', '1530', 0, 0, 384, 384, 0, 0, 0, 0, 0, 0, '', 0, 0, '0000-00-00', '0000-00-00', ''),
(243, '10243', 2, 1, 'Purse - S5-2', 'S5-2', 'PCS', 'B', '4010', '5010', '1510', '5040', '1530', 0, 0, 384, 384, 0, 0, 0, 0, 0, 0, '', 0, 0, '0000-00-00', '0000-00-00', ''),
(244, '10244', 2, 1, 'Purse - S5-3', 'S5-3', 'PCS', 'B', '4010', '5010', '1510', '5040', '1530', 0, 0, 416, 416, 0, 0, 0, 0, 0, 0, '', 0, 0, '0000-00-00', '0000-00-00', ''),
(245, '10245', 2, 1, 'Purse - S5-4', 'S5-4', 'PCS', 'B', '4010', '5010', '1510', '5040', '1530', 0, 0, 416, 416, 0, 0, 0, 0, 0, 0, '', 0, 0, '0000-00-00', '0000-00-00', ''),
(246, '10246', 2, 1, 'Purse - S5-5', 'S5-5', 'PCS', 'B', '4010', '5010', '1510', '5040', '1530', 0, 0, 416, 416, 0, 0, 0, 0, 0, 0, '', 0, 0, '0000-00-00', '0000-00-00', ''),
(247, '10247', 2, 1, 'Purse - S5-6', 'S5-6', 'PCS', 'B', '4010', '5010', '1510', '5040', '1530', 0, 0, 416, 416, 0, 0, 0, 0, 0, 0, '', 0, 0, '0000-00-00', '0000-00-00', ''),
(248, '10248', 2, 1, 'Purse - S5-7', 'S5-7', 'PCS', 'B', '4010', '5010', '1510', '5040', '1530', 0, 0, 448, 448, 0, 0, 0, 0, 0, 0, '', 0, 0, '0000-00-00', '0000-00-00', ''),
(249, '10249', 2, 1, 'Purse - S5-9', 'S5-9', 'PCS', 'B', '4010', '5010', '1510', '5040', '1530', 0, 0, 432, 432, 0, 0, 0, 0, 0, 0, '', 0, 0, '0000-00-00', '0000-00-00', ''),
(250, '10250', 2, 1, 'Purse - S5-10', 'S5-10', 'PCS', 'B', '4010', '5010', '1510', '5040', '1530', 0, 0, 304, 304, 0, 0, 0, 0, 0, 0, '', 0, 0, '0000-00-00', '0000-00-00', ''),
(251, '10251', 2, 1, 'Purse - S5-11', 'S5-11', 'PCS', 'B', '4010', '5010', '1510', '5040', '1530', 0, 0, 416, 416, 0, 0, 0, 0, 0, 0, '', 0, 0, '0000-00-00', '0000-00-00', ''),
(252, '10252', 2, 1, 'Purse - S5-12', 'S5-12', 'PCS', 'B', '4010', '5010', '1510', '5040', '1530', 0, 0, 288, 288, 0, 0, 0, 0, 0, 0, '', 0, 0, '0000-00-00', '0000-00-00', ''),
(253, '10253', 2, 1, 'Purse - S5-13', 'S5-13', 'PCS', 'B', '4010', '5010', '1510', '5040', '1530', 0, 0, 352, 352, 0, 0, 0, 0, 0, 0, '', 0, 0, '0000-00-00', '0000-00-00', ''),
(254, '10254', 2, 1, 'Purse - S5-14', 'S5-14', 'PCS', 'B', '4010', '5010', '1510', '5040', '1530', 0, 0, 304, 304, 0, 0, 0, 0, 0, 0, '', 0, 0, '0000-00-00', '0000-00-00', ''),
(255, '10255', 2, 1, 'Purse - S5-15', 'S5-15', 'PCS', 'B', '4010', '5010', '1510', '5040', '1530', 0, 0, 528, 528, 0, 0, 0, 0, 0, 0, '', 0, 0, '0000-00-00', '0000-00-00', ''),
(256, '10256', 2, 1, 'Purse - S5-16', 'S5-16', 'PCS', 'B', '4010', '5010', '1510', '5040', '1530', 0, 0, 400, 400, 0, 0, 0, 0, 0, 0, '', 0, 0, '0000-00-00', '0000-00-00', ''),
(257, '10257', 2, 1, 'Purse - S5-19', 'S5-19', 'PCS', 'B', '4010', '5010', '1510', '5040', '1530', 0, 0, 560, 560, 0, 0, 0, 0, 0, 0, '', 0, 0, '0000-00-00', '0000-00-00', ''),
(258, '10258', 2, 1, 'Purse - S5-21', 'S5-21', 'PCS', 'B', '4010', '5010', '1510', '5040', '1530', 0, 0, 448, 448, 0, 0, 0, 0, 0, 0, '', 0, 0, '0000-00-00', '0000-00-00', ''),
(259, '10259', 2, 1, 'Purse - S5-22', 'S5-22', 'PCS', 'B', '4010', '5010', '1510', '5040', '1530', 0, 0, 400, 400, 0, 0, 0, 0, 0, 0, '', 0, 0, '0000-00-00', '0000-00-00', ''),
(260, '10260', 2, 1, 'Purse - S5-24', 'S5-24', 'PCS', 'B', '4010', '5010', '1510', '5040', '1530', 0, 0, 400, 400, 0, 0, 0, 0, 0, 0, '', 0, 0, '0000-00-00', '0000-00-00', ''),
(261, '10261', 2, 1, 'Purse - S6-1', 'S6-1', 'PCS', 'B', '4010', '5010', '1510', '5040', '1530', 0, 0, 217.6, 217.6, 0, 0, 0, 0, 0, 0, '', 0, 0, '0000-00-00', '0000-00-00', ''),
(262, '10262', 2, 1, 'Purse - S6-2', 'S6-2', 'PCS', 'B', '4010', '5010', '1510', '5040', '1530', 0, 0, 217.6, 217.6, 0, 0, 0, 0, 0, 0, '', 0, 0, '0000-00-00', '0000-00-00', ''),
(263, '10263', 2, 1, 'Purse - S6-3', 'S6-3', 'PCS', 'B', '4010', '5010', '1510', '5040', '1530', 0, 0, 217.6, 217.6, 0, 0, 0, 0, 0, 0, '', 0, 0, '0000-00-00', '0000-00-00', ''),
(264, '10264', 2, 1, 'Purse - S6-16', 'S6-16', 'PCS', 'B', '4010', '5010', '1510', '5040', '1530', 0, 0, 624, 624, 0, 0, 0, 0, 0, 0, '', 0, 0, '0000-00-00', '0000-00-00', ''),
(265, '10265', 2, 1, 'Purse - S6-12', 'S6-12', 'PCS', 'B', '4010', '5010', '1510', '5040', '1530', 0, 0, 345.6, 345.6, 0, 0, 0, 0, 0, 0, '', 0, 0, '0000-00-00', '0000-00-00', ''),
(266, '10266', 2, 1, 'Purse - S6-13', 'S6-13', 'PCS', 'B', '4010', '5010', '1510', '5040', '1530', 0, 0, 496, 496, 0, 0, 0, 0, 0, 0, '', 0, 0, '0000-00-00', '0000-00-00', ''),
(267, '10267', 1, 1, 'Ladies Bag - S7-1', 'S7-1', 'PCS', 'B', '4010', '5010', '1510', '5040', '1530', 0, 0, 1440, 1440, 0, 0, 0, 0, 0, 0, '', 0, 0, '0000-00-00', '0000-00-00', ''),
(268, '10268', 1, 1, 'Ladies Bag - S7-10', 'S7-10', 'PCS', 'B', '4010', '5010', '1510', '5040', '1530', 0, 0, 1536, 1536, 0, 0, 0, 0, 0, 0, '', 0, 0, '0000-00-00', '0000-00-00', ''),
(269, '10269', 1, 1, 'Ladies Bag - S7-16', 'S7-16', 'PCS', 'B', '4010', '5010', '1510', '5040', '1530', 0, 0, 1760, 1760, 0, 0, 0, 0, 0, 0, '', 0, 0, '0000-00-00', '0000-00-00', ''),
(270, '10270', 1, 1, 'Ladies Bag - S8-3', 'S8-3', 'PCS', 'B', '4010', '5010', '1510', '5040', '1530', 0, 0, 1760, 1760, 0, 0, 0, 0, 0, 0, '', 0, 0, '0000-00-00', '0000-00-00', ''),
(271, '10271', 1, 1, 'Ladies Bag - S8-4', 'S8-4', 'PCS', 'B', '4010', '5010', '1510', '5040', '1530', 0, 0, 1760, 1760, 0, 0, 0, 0, 0, 0, '', 0, 0, '0000-00-00', '0000-00-00', ''),
(272, '10272', 1, 1, 'Ladies Bag - S8-5', 'S8-5', 'PCS', 'B', '4010', '5010', '1510', '5040', '1530', 0, 0, 1472, 1472, 0, 0, 0, 0, 0, 0, '', 0, 0, '0000-00-00', '0000-00-00', ''),
(273, '10273', 1, 1, 'Ladies Bag - S8-6', 'S8-6', 'PCS', 'B', '4010', '5010', '1510', '5040', '1530', 0, 0, 0, 0, 0, 0, 0, 0, 0, 0, '', 0, 0, '0000-00-00', '0000-00-00', ''),
(274, '10274', 1, 1, 'Ladies Bag - S9-4', 'S9-4', 'PCS', 'B', '4010', '5010', '1510', '5040', '1530', 0, 0, 2016, 2016, 0, 0, 0, 0, 0, 0, '', 0, 0, '0000-00-00', '0000-00-00', ''),
(275, '10275', 1, 1, 'Ladies Bag - S9-5', 'S9-5', 'PCS', 'B', '4010', '5010', '1510', '5040', '1530', 0, 0, 1760, 1760, 0, 0, 0, 0, 0, 0, '', 0, 0, '0000-00-00', '0000-00-00', '');
INSERT INTO `0_stock_master` (`id`, `stock_id`, `category_id`, `tax_type_id`, `description`, `long_description`, `units`, `mb_flag`, `sales_account`, `cogs_account`, `inventory_account`, `adjustment_account`, `wip_account`, `dimension_id`, `dimension2_id`, `purchase_cost`, `material_cost`, `labour_cost`, `overhead_cost`, `inactive`, `no_sale`, `no_purchase`, `editable`, `depreciation_method`, `depreciation_rate`, `depreciation_factor`, `depreciation_start`, `depreciation_date`, `fa_class_id`) VALUES
(276, '10276', 1, 1, 'Ladies Bag - S9-6', 'S9-6', 'PCS', 'B', '4010', '5010', '1510', '5040', '1530', 0, 0, 1760, 1760, 0, 0, 0, 0, 0, 0, '', 0, 0, '0000-00-00', '0000-00-00', ''),
(277, '10277', 1, 1, 'Ladies Bag - S9-7', 'S9-7', 'PCS', 'B', '4010', '5010', '1510', '5040', '1530', 0, 0, 1792, 1792, 0, 0, 0, 0, 0, 0, '', 0, 0, '0000-00-00', '0000-00-00', ''),
(278, '10278', 2, 1, 'Purse - S10-1', 'S10-1', 'PCS', 'B', '4010', '5010', '1510', '5040', '1530', 0, 0, 464, 464, 0, 0, 0, 0, 0, 0, '', 0, 0, '0000-00-00', '0000-00-00', ''),
(279, '10279', 2, 1, 'Purse - S10-3', 'S10-3', 'PCS', 'B', '4010', '5010', '1510', '5040', '1530', 0, 0, 464, 464, 0, 0, 0, 0, 0, 0, '', 0, 0, '0000-00-00', '0000-00-00', ''),
(280, '10280', 2, 1, 'Purse - S10-6', 'S10-6', 'PCS', 'B', '4010', '5010', '1510', '5040', '1530', 0, 0, 464, 464, 0, 0, 0, 0, 0, 0, '', 0, 0, '0000-00-00', '0000-00-00', ''),
(281, '10281', 2, 1, 'Purse - S10-8', 'S10-8', 'PCS', 'B', '4010', '5010', '1510', '5040', '1530', 0, 0, 464, 464, 0, 0, 0, 0, 0, 0, '', 0, 0, '0000-00-00', '0000-00-00', ''),
(282, '10282', 2, 1, 'Purse - S10-10', 'S10-10', 'PCS', 'B', '4010', '5010', '1510', '5040', '1530', 0, 0, 464, 464, 0, 0, 0, 0, 0, 0, '', 0, 0, '0000-00-00', '0000-00-00', ''),
(283, '10283', 2, 1, 'Purse - S10-11', 'S10-11', 'PCS', 'B', '4010', '5010', '1510', '5040', '1530', 0, 0, 464, 464, 0, 0, 0, 0, 0, 0, '', 0, 0, '0000-00-00', '0000-00-00', ''),
(284, '10284', 2, 1, 'Purse - S11-1', 'S11-1', 'PCS', 'B', '4010', '5010', '1510', '5040', '1530', 0, 0, 416, 416, 0, 0, 0, 0, 0, 0, '', 0, 0, '0000-00-00', '0000-00-00', ''),
(285, '10285', 2, 1, 'Purse - S11-2', 'S11-2', 'PCS', 'B', '4010', '5010', '1510', '5040', '1530', 0, 0, 432, 432, 0, 0, 0, 0, 0, 0, '', 0, 0, '0000-00-00', '0000-00-00', ''),
(286, '10286', 2, 1, 'Purse - S11-3', 'S11-3', 'PCS', 'B', '4010', '5010', '1510', '5040', '1530', 0, 0, 416, 416, 0, 0, 0, 0, 0, 0, '', 0, 0, '0000-00-00', '0000-00-00', ''),
(287, '10287', 2, 1, 'Purse - S11-4', 'S11-4', 'PCS', 'B', '4010', '5010', '1510', '5040', '1530', 0, 0, 432, 432, 0, 0, 0, 0, 0, 0, '', 0, 0, '0000-00-00', '0000-00-00', ''),
(288, '10288', 2, 1, 'Purse - S11-5', 'S11-5', 'PCS', 'B', '4010', '5010', '1510', '5040', '1530', 0, 0, 432, 432, 0, 0, 0, 0, 0, 0, '', 0, 0, '0000-00-00', '0000-00-00', ''),
(289, '10289', 2, 1, 'Purse - S11-6', 'S11-6', 'PCS', 'B', '4010', '5010', '1510', '5040', '1530', 0, 0, 416, 416, 0, 0, 0, 0, 0, 0, '', 0, 0, '0000-00-00', '0000-00-00', ''),
(290, '10290', 2, 1, 'Purse - S11-7', 'S11-7', 'PCS', 'B', '4010', '5010', '1510', '5040', '1530', 0, 0, 416, 416, 0, 0, 0, 0, 0, 0, '', 0, 0, '0000-00-00', '0000-00-00', ''),
(291, '10291', 23, 1, 'Gents Purse - S12-1', 'S12-1', 'PCS', 'B', '4010', '5010', '1510', '5040', '1530', 0, 0, 176, 176, 0, 0, 0, 0, 0, 0, '', 0, 0, '0000-00-00', '0000-00-00', ''),
(292, '10292', 23, 1, 'Gents Purse - S12-2', 'S12-2', 'PCS', 'B', '4010', '5010', '1510', '5040', '1530', 0, 0, 224, 224, 0, 0, 0, 0, 0, 0, '', 0, 0, '0000-00-00', '0000-00-00', ''),
(293, '10293', 23, 1, 'Gents Purse - S12-3', 'S12-3', 'PCS', 'B', '4010', '5010', '1510', '5040', '1530', 0, 0, 224, 224, 0, 0, 0, 0, 0, 0, '', 0, 0, '0000-00-00', '0000-00-00', ''),
(294, '10294', 23, 1, 'Gents Purse - S12-4', 'S12-4', 'PCS', 'B', '4010', '5010', '1510', '5040', '1530', 0, 0, 224, 224, 0, 0, 0, 0, 0, 0, '', 0, 0, '0000-00-00', '0000-00-00', ''),
(295, '10295', 23, 1, 'Gents Purse - S12-5', 'S12-5', 'PCS', 'B', '4010', '5010', '1510', '5040', '1530', 0, 0, 224, 224, 0, 0, 0, 0, 0, 0, '', 0, 0, '0000-00-00', '0000-00-00', ''),
(296, '10296', 23, 1, 'Gents Purse - S12-6', 'S12-6', 'PCS', 'B', '4010', '5010', '1510', '5040', '1530', 0, 0, 224, 224, 0, 0, 0, 0, 0, 0, '', 0, 0, '0000-00-00', '0000-00-00', ''),
(297, '10297', 2, 1, 'Purse - S13-1', 'S13-1', 'PCS', 'B', '4010', '5010', '1510', '5040', '1530', 0, 0, 448, 448, 0, 0, 0, 0, 0, 0, '', 0, 0, '0000-00-00', '0000-00-00', ''),
(298, '10298', 2, 1, 'Purse - S13-2', 'S13-2', 'PCS', 'B', '4010', '5010', '1510', '5040', '1530', 0, 0, 480, 480, 0, 0, 0, 0, 0, 0, '', 0, 0, '0000-00-00', '0000-00-00', ''),
(299, '10299', 2, 1, 'Purse - S13-3', 'S13-3', 'PCS', 'B', '4010', '5010', '1510', '5040', '1530', 0, 0, 448, 448, 0, 0, 0, 0, 0, 0, '', 0, 0, '0000-00-00', '0000-00-00', ''),
(300, '10300', 2, 1, 'Purse - S13-4', 'S13-4', 'PCS', 'B', '4010', '5010', '1510', '5040', '1530', 0, 0, 448, 448, 0, 0, 0, 0, 0, 0, '', 0, 0, '0000-00-00', '0000-00-00', ''),
(301, '10301', 2, 1, 'Purse - S13-5', 'S13-5', 'PCS', 'B', '4010', '5010', '1510', '5040', '1530', 0, 0, 480, 480, 0, 0, 0, 0, 0, 0, '', 0, 0, '0000-00-00', '0000-00-00', ''),
(302, '10302', 2, 1, 'Purse - S13-6', 'S13-6', 'PCS', 'B', '4010', '5010', '1510', '5040', '1530', 0, 0, 448, 448, 0, 0, 0, 0, 0, 0, '', 0, 0, '0000-00-00', '0000-00-00', ''),
(303, '10303', 2, 1, 'Purse - S13-7', 'S13-7', 'PCS', 'B', '4010', '5010', '1510', '5040', '1530', 0, 0, 352, 352, 0, 0, 0, 0, 0, 0, '', 0, 0, '0000-00-00', '0000-00-00', ''),
(304, '10304', 2, 1, 'Purse - S13-8', 'S13-8', 'PCS', 'B', '4010', '5010', '1510', '5040', '1530', 0, 0, 448, 448, 0, 0, 0, 0, 0, 0, '', 0, 0, '0000-00-00', '0000-00-00', ''),
(305, '10305', 2, 1, 'Purse - S13-9', 'S13-9', 'PCS', 'B', '4010', '5010', '1510', '5040', '1530', 0, 0, 448, 448, 0, 0, 0, 0, 0, 0, '', 0, 0, '0000-00-00', '0000-00-00', ''),
(306, '10306', 2, 1, 'Purse - S13-10', 'S13-10', 'PCS', 'B', '4010', '5010', '1510', '5040', '1530', 0, 0, 448, 448, 0, 0, 0, 0, 0, 0, '', 0, 0, '0000-00-00', '0000-00-00', ''),
(307, '10307', 2, 1, 'Purse - S13-11', 'S13-11', 'PCS', 'B', '4010', '5010', '1510', '5040', '1530', 0, 0, 448, 448, 0, 0, 0, 0, 0, 0, '', 0, 0, '0000-00-00', '0000-00-00', ''),
(308, '10308', 2, 1, 'Purse - S13-12', 'S13-12', 'PCS', 'B', '4010', '5010', '1510', '5040', '1530', 0, 0, 448, 448, 0, 0, 0, 0, 0, 0, '', 0, 0, '0000-00-00', '0000-00-00', ''),
(309, '10309', 2, 1, 'Purse - S13-13', 'S13-13', 'PCS', 'B', '4010', '5010', '1510', '5040', '1530', 0, 0, 240, 240, 0, 0, 0, 0, 0, 0, '', 0, 0, '0000-00-00', '0000-00-00', ''),
(310, '10310', 2, 1, 'Purse - S14-1', 'S14-1', 'PCS', 'B', '4010', '5010', '1510', '5040', '1530', 0, 0, 480, 480, 0, 0, 0, 0, 0, 0, '', 0, 0, '0000-00-00', '0000-00-00', ''),
(311, '10311', 2, 1, 'Purse - S14-2', 'S14-2', 'PCS', 'B', '4010', '5010', '1510', '5040', '1530', 0, 0, 480, 480, 0, 0, 0, 0, 0, 0, '', 0, 0, '0000-00-00', '0000-00-00', ''),
(312, '10312', 2, 1, 'Purse - S14-3', 'S14-3', 'PCS', 'B', '4010', '5010', '1510', '5040', '1530', 0, 0, 480, 480, 0, 0, 0, 0, 0, 0, '', 0, 0, '0000-00-00', '0000-00-00', ''),
(313, '10313', 2, 1, 'Purse - S14-4', 'S14-4', 'PCS', 'B', '4010', '5010', '1510', '5040', '1530', 0, 0, 512, 512, 0, 0, 0, 0, 0, 0, '', 0, 0, '0000-00-00', '0000-00-00', ''),
(314, '10314', 2, 1, 'Purse - S14-5', 'S14-5', 'PCS', 'B', '4010', '5010', '1510', '5040', '1530', 0, 0, 480, 480, 0, 0, 0, 0, 0, 0, '', 0, 0, '0000-00-00', '0000-00-00', ''),
(315, '10315', 2, 1, 'Purse - S14-6', 'S14-6', 'PCS', 'B', '4010', '5010', '1510', '5040', '1530', 0, 0, 480, 480, 0, 0, 0, 0, 0, 0, '', 0, 0, '0000-00-00', '0000-00-00', ''),
(316, '10316', 2, 1, 'Purse - S14-7', 'S14-7', 'PCS', 'B', '4010', '5010', '1510', '5040', '1530', 0, 0, 480, 480, 0, 0, 0, 0, 0, 0, '', 0, 0, '0000-00-00', '0000-00-00', ''),
(317, '10317', 2, 1, 'Purse - S14-8', 'S14-8', 'PCS', 'B', '4010', '5010', '1510', '5040', '1530', 0, 0, 512, 512, 0, 0, 0, 0, 0, 0, '', 0, 0, '0000-00-00', '0000-00-00', ''),
(318, '10318', 2, 1, 'Purse - S14-9', 'S14-9', 'PCS', 'B', '4010', '5010', '1510', '5040', '1530', 0, 0, 512, 512, 0, 0, 0, 0, 0, 0, '', 0, 0, '0000-00-00', '0000-00-00', ''),
(319, '10319', 23, 1, 'Gents Purse - S15-13', 'S15-13', 'PCS', 'B', '4010', '5010', '1510', '5040', '1530', 0, 0, 1120, 1120, 0, 0, 0, 0, 0, 0, '', 0, 0, '0000-00-00', '0000-00-00', ''),
(320, '10320', 23, 1, 'Gents Purse - S15-14', 'S15-14', 'PCS', 'B', '4010', '5010', '1510', '5040', '1530', 0, 0, 1120, 1120, 0, 0, 0, 0, 0, 0, '', 0, 0, '0000-00-00', '0000-00-00', ''),
(321, '10321', 23, 1, 'Gents Purse - S15-11', 'S15-11', 'PCS', 'B', '4010', '5010', '1510', '5040', '1530', 0, 0, 1152, 1152, 0, 0, 0, 0, 0, 0, '', 0, 0, '0000-00-00', '0000-00-00', ''),
(322, '10322', 23, 1, 'Gents Purse - S15-12', 'S15-12', 'PCS', 'B', '4010', '5010', '1510', '5040', '1530', 0, 0, 1440, 1440, 0, 0, 0, 0, 0, 0, '', 0, 0, '0000-00-00', '0000-00-00', ''),
(323, '10323', 23, 1, 'Gents Purse - S15-15', 'S15-15', 'PCS', 'B', '4010', '5010', '1510', '5040', '1530', 0, 0, 1056, 1056, 0, 0, 0, 0, 0, 0, '', 0, 0, '0000-00-00', '0000-00-00', ''),
(324, '10324', 23, 1, 'Gents Purse - S15-16', 'S15-16', 'PCS', 'B', '4010', '5010', '1510', '5040', '1530', 0, 0, 1120, 1120, 0, 0, 0, 0, 0, 0, '', 0, 0, '0000-00-00', '0000-00-00', ''),
(325, '10325', 2, 1, 'Purse - S15-21', 'S15-21', 'PCS', 'B', '4010', '5010', '1510', '5040', '1530', 0, 0, 240, 240, 0, 0, 0, 0, 0, 0, '', 0, 0, '0000-00-00', '0000-00-00', ''),
(326, '10326', 2, 1, 'Purse - S15-22', 'S15-22', 'PCS', 'B', '4010', '5010', '1510', '5040', '1530', 0, 0, 608, 608, 0, 0, 0, 0, 0, 0, '', 0, 0, '0000-00-00', '0000-00-00', ''),
(327, '10327', 2, 1, 'Purse - S15-23', 'S15-23', 'PCS', 'B', '4010', '5010', '1510', '5040', '1530', 0, 0, 304, 304, 0, 0, 0, 0, 0, 0, '', 0, 0, '0000-00-00', '0000-00-00', ''),
(328, '10328', 2, 1, 'Purse - S15-25', 'S15-25', 'PCS', 'B', '4010', '5010', '1510', '5040', '1530', 0, 0, 249.6, 249.6, 0, 0, 0, 0, 0, 0, '', 0, 0, '0000-00-00', '0000-00-00', ''),
(329, '10329', 2, 1, 'Purse - S15-26', 'S15-26', 'PCS', 'B', '4010', '5010', '1510', '5040', '1530', 0, 0, 704, 704, 0, 0, 0, 0, 0, 0, '', 0, 0, '0000-00-00', '0000-00-00', ''),
(330, '10330', 2, 1, 'Purse - S16-1', 'S16-1', 'PCS', 'B', '4010', '5010', '1510', '5040', '1530', 0, 0, 272, 272, 0, 0, 0, 0, 0, 0, '', 0, 0, '0000-00-00', '0000-00-00', ''),
(331, '10331', 2, 1, 'Purse - S16-2', 'S16-2', 'PCS', 'B', '4010', '5010', '1510', '5040', '1530', 0, 0, 304, 304, 0, 0, 0, 0, 0, 0, '', 0, 0, '0000-00-00', '0000-00-00', ''),
(332, '10332', 2, 1, 'Purse - S16-3', 'S16-3', 'PCS', 'B', '4010', '5010', '1510', '5040', '1530', 0, 0, 137.6, 137.6, 0, 0, 0, 0, 0, 0, '', 0, 0, '0000-00-00', '0000-00-00', ''),
(333, '10333', 2, 1, 'Purse - S16-4', 'S16-4', 'PCS', 'B', '4010', '5010', '1510', '5040', '1530', 0, 0, 272, 272, 0, 0, 0, 0, 0, 0, '', 0, 0, '0000-00-00', '0000-00-00', ''),
(334, '10334', 2, 1, 'Purse - S16-5', 'S16-5', 'PCS', 'B', '4010', '5010', '1510', '5040', '1530', 0, 0, 249.6, 249.6, 0, 0, 0, 0, 0, 0, '', 0, 0, '0000-00-00', '0000-00-00', ''),
(335, '10335', 2, 1, 'Purse - S16-6', 'S16-6', 'PCS', 'B', '4010', '5010', '1510', '5040', '1530', 0, 0, 185.6, 185.6, 0, 0, 0, 0, 0, 0, '', 0, 0, '0000-00-00', '0000-00-00', ''),
(336, '10336', 2, 1, 'Purse - S16-7', 'S16-7', 'PCS', 'B', '4010', '5010', '1510', '5040', '1530', 0, 0, 185.6, 185.6, 0, 0, 0, 0, 0, 0, '', 0, 0, '0000-00-00', '0000-00-00', ''),
(337, '10337', 2, 1, 'Purse - S16-8', 'S16-8', 'PCS', 'B', '4010', '5010', '1510', '5040', '1530', 0, 0, 384, 384, 0, 0, 0, 0, 0, 0, '', 0, 0, '0000-00-00', '0000-00-00', ''),
(338, '10338', 2, 1, 'Purse - S16-9', 'S16-9', 'PCS', 'B', '4010', '5010', '1510', '5040', '1530', 0, 0, 249.6, 249.6, 0, 0, 0, 0, 0, 0, '', 0, 0, '0000-00-00', '0000-00-00', ''),
(339, '10339', 2, 1, 'Purse - S16-12', 'S16-12', 'PCS', 'B', '4010', '5010', '1510', '5040', '1530', 0, 0, 320, 320, 0, 0, 0, 0, 0, 0, '', 0, 0, '0000-00-00', '0000-00-00', ''),
(340, '10340', 2, 1, 'Purse - S16-13', 'S16-13', 'PCS', 'B', '4010', '5010', '1510', '5040', '1530', 0, 0, 288, 288, 0, 0, 0, 0, 0, 0, '', 0, 0, '0000-00-00', '0000-00-00', ''),
(341, '10341', 2, 1, 'Purse - S16-14', 'S16-14', 'PCS', 'B', '4010', '5010', '1510', '5040', '1530', 0, 0, 256, 256, 0, 0, 0, 0, 0, 0, '', 0, 0, '0000-00-00', '0000-00-00', ''),
(342, '10342', 20, 1, 'Serviets - S17-18', 'S17-18', 'PCS', 'B', '4010', '5010', '1510', '5040', '1530', 0, 0, 27.2, 27.2, 0, 0, 0, 0, 0, 0, '', 0, 0, '0000-00-00', '0000-00-00', ''),
(343, '10343', 20, 1, 'Serviets - S17-3', 'S17-3', 'PCS', 'B', '4010', '5010', '1510', '5040', '1530', 0, 0, 89.6, 89.6, 0, 0, 0, 0, 0, 0, '', 0, 0, '0000-00-00', '0000-00-00', ''),
(344, '10344', 20, 1, 'Serviets - S17-5', 'S17-5', 'PCS', 'B', '4010', '5010', '1510', '5040', '1530', 0, 0, 21.76, 21.76, 0, 0, 0, 0, 0, 0, '', 0, 0, '0000-00-00', '0000-00-00', ''),
(345, '10345', 20, 1, 'Serviets - S17-6', 'S17-6', 'PCS', 'B', '4010', '5010', '1510', '5040', '1530', 0, 0, 32, 32, 0, 0, 0, 0, 0, 0, '', 0, 0, '0000-00-00', '0000-00-00', ''),
(346, '10346', 20, 1, 'Serviets - S17-7', 'S17-7', 'PCS', 'B', '4010', '5010', '1510', '5040', '1530', 0, 0, 89.6, 89.6, 0, 0, 0, 0, 0, 0, '', 0, 0, '0000-00-00', '0000-00-00', ''),
(347, '10347', 20, 1, 'Serviets - S17-9', 'S17-9', 'PCS', 'B', '4010', '5010', '1510', '5040', '1530', 0, 0, 13.44, 13.44, 0, 0, 0, 0, 0, 0, '', 0, 0, '0000-00-00', '0000-00-00', ''),
(348, '10348', 20, 1, 'Serviets - S17-11', 'S17-11', 'PCS', 'B', '4010', '5010', '1510', '5040', '1530', 0, 0, 54.4, 54.4, 0, 0, 0, 0, 0, 0, '', 0, 0, '0000-00-00', '0000-00-00', ''),
(349, '10349', 20, 1, 'Serviets - S17-13', 'S17-13', 'PCS', 'B', '4010', '5010', '1510', '5040', '1530', 0, 0, 24.96, 24.96, 0, 0, 0, 0, 0, 0, '', 0, 0, '0000-00-00', '0000-00-00', ''),
(350, '10350', 20, 1, 'Serviets - S17-15', 'S17-15', 'PCS', 'B', '4010', '5010', '1510', '5040', '1530', 0, 0, 64, 64, 0, 0, 0, 0, 0, 0, '', 0, 0, '0000-00-00', '0000-00-00', ''),
(351, '10351', 20, 1, 'Serviets - S17-19', 'S17-19', 'PCS', 'B', '4010', '5010', '1510', '5040', '1530', 0, 0, 24.96, 24.96, 0, 0, 0, 0, 0, 0, '', 0, 0, '0000-00-00', '0000-00-00', ''),
(352, '10352', 20, 1, 'Serviets - S18-1', 'S18-1', 'PCS', 'B', '4010', '5010', '1510', '5040', '1530', 0, 0, 30.4, 30.4, 0, 0, 0, 0, 0, 0, '', 0, 0, '0000-00-00', '0000-00-00', ''),
(353, '10353', 20, 1, 'Serviets - S18-2', 'S18-2', 'PCS', 'B', '4010', '5010', '1510', '5040', '1530', 0, 0, 21.44, 21.44, 0, 0, 0, 0, 0, 0, '', 0, 0, '0000-00-00', '0000-00-00', ''),
(354, '10354', 20, 1, 'Serviets - S18-3', 'S18-3', 'PCS', 'B', '4010', '5010', '1510', '5040', '1530', 0, 0, 12.48, 12.48, 0, 0, 0, 0, 0, 0, '', 0, 0, '0000-00-00', '0000-00-00', ''),
(355, '10355', 20, 1, 'Serviets - S18-4', 'S18-4', 'PCS', 'B', '4010', '5010', '1510', '5040', '1530', 0, 0, 14.4, 14.4, 0, 0, 0, 0, 0, 0, '', 0, 0, '0000-00-00', '0000-00-00', ''),
(356, '10356', 20, 1, 'Serviets - S18-5', 'S18-5', 'PCS', 'B', '4010', '5010', '1510', '5040', '1530', 0, 0, 25.6, 25.6, 0, 0, 0, 0, 0, 0, '', 0, 0, '0000-00-00', '0000-00-00', ''),
(357, '10357', 20, 1, 'Serviets - S18-6', 'S18-6', 'PCS', 'B', '4010', '5010', '1510', '5040', '1530', 0, 0, 19.2, 19.2, 0, 0, 0, 0, 0, 0, '', 0, 0, '0000-00-00', '0000-00-00', ''),
(358, '10358', 20, 1, 'Serviets - S18-7', 'S18-7', 'PCS', 'B', '4010', '5010', '1510', '5040', '1530', 0, 0, 12.48, 12.48, 0, 0, 0, 0, 0, 0, '', 0, 0, '0000-00-00', '0000-00-00', ''),
(359, '10359', 20, 1, 'Serviets - S18-8', 'S18-8', 'PCS', 'B', '4010', '5010', '1510', '5040', '1530', 0, 0, 12.48, 12.48, 0, 0, 0, 0, 0, 0, '', 0, 0, '0000-00-00', '0000-00-00', ''),
(360, '10360', 20, 1, 'Serviets - S18-9', 'S18-9', 'PCS', 'B', '4010', '5010', '1510', '5040', '1530', 0, 0, 38.4, 38.4, 0, 0, 0, 0, 0, 0, '', 0, 0, '0000-00-00', '0000-00-00', ''),
(361, '10361', 20, 1, 'Serviets - S18-10', 'S18-10', 'PCS', 'B', '4010', '5010', '1510', '5040', '1530', 0, 0, 44.8, 44.8, 0, 0, 0, 0, 0, 0, '', 0, 0, '0000-00-00', '0000-00-00', ''),
(362, '10362', 20, 1, 'Serviets - S18-11', 'S18-11', 'PCS', 'B', '4010', '5010', '1510', '5040', '1530', 0, 0, 60.8, 60.8, 0, 0, 0, 0, 0, 0, '', 0, 0, '0000-00-00', '0000-00-00', ''),
(363, '10363', 39, 1, 'SIDE PURSE - H1-1', 'H1-1', 'PCS', 'B', '4010', '5010', '1510', '5040', '1530', 0, 0, 342, 342, 0, 0, 0, 0, 0, 0, '', 0, 0, '0000-00-00', '0000-00-00', ''),
(364, '10364', 39, 1, 'SIDE PURSE - H1-3', 'H1-3', 'PCS', 'B', '4010', '5010', '1510', '5040', '1530', 0, 0, 378, 378, 0, 0, 0, 0, 0, 0, '', 0, 0, '0000-00-00', '0000-00-00', ''),
(365, '10365', 39, 1, 'SIDE PURSE - H1-4', 'H1-4', 'PCS', 'B', '4010', '5010', '1510', '5040', '1530', 0, 0, 378, 378, 0, 0, 0, 0, 0, 0, '', 0, 0, '0000-00-00', '0000-00-00', ''),
(366, '10366', 39, 1, 'SIDE PURSE - H1-6', 'H1-6', 'PCS', 'B', '4010', '5010', '1510', '5040', '1530', 0, 0, 378, 378, 0, 0, 0, 0, 0, 0, '', 0, 0, '0000-00-00', '0000-00-00', ''),
(367, '10367', 39, 1, 'SIDE PURSE - H1-8', 'H1-8', 'PCS', 'B', '4010', '5010', '1510', '5040', '1530', 0, 0, 450, 450, 0, 0, 0, 0, 0, 0, '', 0, 0, '0000-00-00', '0000-00-00', ''),
(368, '10368', 39, 1, 'SIDE PURSE - H1-9', 'H1-9', 'PCS', 'B', '4010', '5010', '1510', '5040', '1530', 0, 0, 378, 378, 0, 0, 0, 0, 0, 0, '', 0, 0, '0000-00-00', '0000-00-00', ''),
(369, '10369', 39, 1, 'SIDE PURSE - H1-11', 'H1-11', 'PCS', 'B', '4010', '5010', '1510', '5040', '1530', 0, 0, 288, 288, 0, 0, 0, 0, 0, 0, '', 0, 0, '0000-00-00', '0000-00-00', ''),
(370, '10370', 39, 1, 'SIDE PURSE - H1-12', 'H1-12', 'PCS', 'B', '4010', '5010', '1510', '5040', '1530', 0, 0, 288, 288, 0, 0, 0, 0, 0, 0, '', 0, 0, '0000-00-00', '0000-00-00', ''),
(371, '10371', 39, 1, 'SIDE PURSE - H1-13', 'H1-13', 'PCS', 'B', '4010', '5010', '1510', '5040', '1530', 0, 0, 378, 378, 0, 0, 0, 0, 0, 0, '', 0, 0, '0000-00-00', '0000-00-00', ''),
(372, '10372', 1, 1, 'HAND BAG - H3-4', 'H3-4', 'PCS', 'B', '4010', '5010', '1510', '5040', '1530', 0, 0, 1728, 1728, 0, 0, 0, 0, 0, 0, '', 0, 0, '0000-00-00', '0000-00-00', ''),
(373, '10373', 2, 1, 'PURSE - H5-2', 'H5-2', 'PCS', 'B', '4010', '5010', '1510', '5040', '1530', 0, 0, 543.96, 543.96, 0, 0, 0, 0, 0, 0, '', 0, 0, '0000-00-00', '0000-00-00', ''),
(374, '10374', 2, 1, 'PURSE - H5-3', 'H5-3', 'PCS', 'B', '4010', '5010', '1510', '5040', '1530', 0, 0, 543.96, 543.96, 0, 0, 0, 0, 0, 0, '', 0, 0, '0000-00-00', '0000-00-00', ''),
(375, '10375', 2, 1, 'PURSE - H5-4', 'H5-4', 'PCS', 'B', '4010', '5010', '1510', '5040', '1530', 0, 0, 543.96, 543.96, 0, 0, 0, 0, 0, 0, '', 0, 0, '0000-00-00', '0000-00-00', ''),
(376, '10376', 2, 1, 'PURSE - H4-1', 'H4-1', 'PCS', 'B', '4010', '5010', '1510', '5040', '1530', 0, 0, 702, 702, 0, 0, 0, 0, 0, 0, '', 0, 0, '0000-00-00', '0000-00-00', ''),
(377, '10377', 2, 1, 'PURSE - H4-3', 'H4-3', 'PCS', 'B', '4010', '5010', '1510', '5040', '1530', 0, 0, 702, 702, 0, 0, 0, 0, 0, 0, '', 0, 0, '0000-00-00', '0000-00-00', ''),
(378, '10378', 2, 1, 'PURSE - H4-4', 'H4-4', 'PCS', 'B', '4010', '5010', '1510', '5040', '1530', 0, 0, 702, 702, 0, 0, 0, 0, 0, 0, '', 0, 0, '0000-00-00', '0000-00-00', ''),
(379, '10379', 2, 1, 'PURSE - H4-5', 'H4-5', 'PCS', 'B', '4010', '5010', '1510', '5040', '1530', 0, 0, 702, 702, 0, 0, 0, 0, 0, 0, '', 0, 0, '0000-00-00', '0000-00-00', ''),
(380, '10380', 2, 1, 'PURSE - H4-6', 'H4-6', 'PCS', 'B', '4010', '5010', '1510', '5040', '1530', 0, 0, 702, 702, 0, 0, 0, 0, 0, 0, '', 0, 0, '0000-00-00', '0000-00-00', ''),
(381, '10381', 2, 1, 'PURSE - H4-7', 'H4-7', 'PCS', 'B', '4010', '5010', '1510', '5040', '1530', 0, 0, 702, 702, 0, 0, 0, 0, 0, 0, '', 0, 0, '0000-00-00', '0000-00-00', ''),
(382, '10382', 2, 1, 'PURSE - H4-9', 'H4-9', 'PCS', 'B', '4010', '5010', '1510', '5040', '1530', 0, 0, 702, 702, 0, 0, 0, 0, 0, 0, '', 0, 0, '0000-00-00', '0000-00-00', ''),
(383, '10383', 2, 1, 'PURSE - H4-10', 'H4-10', 'PCS', 'B', '4010', '5010', '1510', '5040', '1530', 0, 0, 702, 702, 0, 0, 0, 0, 0, 0, '', 0, 0, '0000-00-00', '0000-00-00', ''),
(384, '10384', 2, 1, 'PURSE - H4-11', 'H4-11', 'PCS', 'B', '4010', '5010', '1510', '5040', '1530', 0, 0, 702, 702, 0, 0, 0, 0, 0, 0, '', 0, 0, '0000-00-00', '0000-00-00', ''),
(385, '10385', 2, 1, 'PURSE - H4-12', 'H4-12', 'PCS', 'B', '4010', '5010', '1510', '5040', '1530', 0, 0, 702, 702, 0, 0, 0, 0, 0, 0, '', 0, 0, '0000-00-00', '0000-00-00', ''),
(386, '10386', 3, 1, 'SIDE BAG - H4-19', 'H4-19', 'PCS', 'B', '4010', '5010', '1510', '5040', '1530', 0, 0, 990, 990, 0, 0, 0, 0, 0, 0, '', 0, 0, '0000-00-00', '0000-00-00', ''),
(387, '10387', 3, 1, 'SIDE BAG - H4-23', 'H4-23', 'PCS', 'B', '4010', '5010', '1510', '5040', '1530', 0, 0, 1026, 1026, 0, 0, 0, 0, 0, 0, '', 0, 0, '0000-00-00', '0000-00-00', ''),
(388, '10388', 2, 1, 'PURSE - H6-1', 'H6-1', 'PCS', 'B', '4010', '5010', '1510', '5040', '1530', 0, 0, 468, 468, 0, 0, 0, 0, 0, 0, '', 0, 0, '0000-00-00', '0000-00-00', ''),
(389, '10389', 2, 1, 'PURSE - H6-3', 'H6-3', 'PCS', 'B', '4010', '5010', '1510', '5040', '1530', 0, 0, 396, 396, 0, 0, 0, 0, 0, 0, '', 0, 0, '0000-00-00', '0000-00-00', ''),
(390, '10390', 2, 1, 'PURSE - H6-5', 'H6-5', 'PCS', 'B', '4010', '5010', '1510', '5040', '1530', 0, 0, 468, 468, 0, 0, 0, 0, 0, 0, '', 0, 0, '0000-00-00', '0000-00-00', ''),
(391, '10391', 2, 1, 'PURSE - H6-6', 'H6-6', 'PCS', 'B', '4010', '5010', '1510', '5040', '1530', 0, 0, 468, 468, 0, 0, 0, 0, 0, 0, '', 0, 0, '0000-00-00', '0000-00-00', ''),
(392, '10392', 3, 1, 'SIDE BAG - H6-8', 'H6-8', 'PCS', 'B', '4010', '5010', '1510', '5040', '1530', 0, 0, 540, 540, 0, 0, 0, 0, 0, 0, '', 0, 0, '0000-00-00', '0000-00-00', ''),
(393, '10393', 3, 1, 'SIDE BAG - H6-9', 'H6-9', 'PCS', 'B', '4010', '5010', '1510', '5040', '1530', 0, 0, 540, 540, 0, 0, 0, 0, 0, 0, '', 0, 0, '0000-00-00', '0000-00-00', ''),
(394, '10394', 3, 1, 'SIDE BAG - H6-10', 'H6-10', 'PCS', 'B', '4010', '5010', '1510', '5040', '1530', 0, 0, 504, 504, 0, 0, 0, 0, 0, 0, '', 0, 0, '0000-00-00', '0000-00-00', ''),
(395, '10395', 1, 1, 'HAND BAG - H9-2', 'H9-2', 'PCS', 'B', '4010', '5010', '1510', '5040', '1530', 0, 0, 1512, 1512, 0, 0, 0, 0, 0, 0, '', 0, 0, '0000-00-00', '0000-00-00', ''),
(396, '10396', 1, 1, 'HAND BAG - H9-3', 'H9-3', 'SET', 'B', '4010', '5010', '1510', '5040', '1530', 0, 0, 2088, 2088, 0, 0, 0, 0, 0, 0, '', 0, 0, '0000-00-00', '0000-00-00', ''),
(397, '10397', 1, 1, 'HAND BAG - H9-4', 'H9-4', 'SET', 'B', '4010', '5010', '1510', '5040', '1530', 0, 0, 1872, 1872, 0, 0, 0, 0, 0, 0, '', 0, 0, '0000-00-00', '0000-00-00', ''),
(398, '10398', 1, 1, 'HAND BAG - H9-5', 'H9-5', 'SET', 'B', '4010', '5010', '1510', '5040', '1530', 0, 0, 2232, 2232, 0, 0, 0, 0, 0, 0, '', 0, 0, '0000-00-00', '0000-00-00', ''),
(399, '10399', 1, 1, 'HAND BAG - H9-7', 'H9-7', 'SET', 'B', '4010', '5010', '1510', '5040', '1530', 0, 0, 2232, 2232, 0, 0, 0, 0, 0, 0, '', 0, 0, '0000-00-00', '0000-00-00', ''),
(400, '10400', 1, 1, 'HAND BAG - H9-8', 'H9-8', 'SET', 'B', '4010', '5010', '1510', '5040', '1530', 0, 0, 2088, 2088, 0, 0, 0, 0, 0, 0, '', 0, 0, '0000-00-00', '0000-00-00', ''),
(401, '10401', 1, 1, 'HAND BAG - H9-9', 'H9-9', 'SET', 'B', '4010', '5010', '1510', '5040', '1530', 0, 0, 2232, 2232, 0, 0, 0, 0, 0, 0, '', 0, 0, '0000-00-00', '0000-00-00', ''),
(402, '10402', 1, 1, 'HAND BAG - H9-11', 'H9-11', 'PCS', 'B', '4010', '5010', '1510', '5040', '1530', 0, 0, 1512, 1512, 0, 0, 0, 0, 0, 0, '', 0, 0, '0000-00-00', '0000-00-00', ''),
(403, '10403', 1, 1, 'HAND BAG - H9-12', 'H9-12', 'SET', 'B', '4010', '5010', '1510', '5040', '1530', 0, 0, 2232, 2232, 0, 0, 0, 0, 0, 0, '', 0, 0, '0000-00-00', '0000-00-00', ''),
(404, '10404', 2, 1, 'PURSE - H11-1', 'H11-1', 'PCS', 'B', '4010', '5010', '1510', '5040', '1530', 0, 0, 324, 324, 0, 0, 0, 0, 0, 0, '', 0, 0, '0000-00-00', '0000-00-00', ''),
(405, '10405', 2, 1, 'PURSE - H11-3', 'H11-3', 'PCS', 'B', '4010', '5010', '1510', '5040', '1530', 0, 0, 324, 324, 0, 0, 0, 0, 0, 0, '', 0, 0, '0000-00-00', '0000-00-00', ''),
(406, '10406', 3, 1, 'SIDE BAG - H11-11', 'H11-11', 'PCS', 'B', '4010', '5010', '1510', '5040', '1530', 0, 0, 1080, 1080, 0, 0, 0, 0, 0, 0, '', 0, 0, '0000-00-00', '0000-00-00', ''),
(407, '10407', 3, 1, 'SIDE BAG - H11-12', 'H11-12', 'PCS', 'B', '4010', '5010', '1510', '5040', '1530', 0, 0, 1116, 1116, 0, 0, 0, 0, 0, 0, '', 0, 0, '0000-00-00', '0000-00-00', ''),
(408, '10408', 2, 1, 'PURSE - H12-1', 'H12-1', 'PCS', 'B', '4010', '5010', '1510', '5040', '1530', 0, 0, 504, 504, 0, 0, 0, 0, 0, 0, '', 0, 0, '0000-00-00', '0000-00-00', ''),
(409, '10409', 2, 1, 'PURSE - H12-2', 'H12-2', 'PCS', 'B', '4010', '5010', '1510', '5040', '1530', 0, 0, 486, 486, 0, 0, 0, 0, 0, 0, '', 0, 0, '0000-00-00', '0000-00-00', ''),
(410, '10410', 2, 1, 'PURSE - H12-3', 'H12-3', 'PCS', 'B', '4010', '5010', '1510', '5040', '1530', 0, 0, 486, 486, 0, 0, 0, 0, 0, 0, '', 0, 0, '0000-00-00', '0000-00-00', ''),
(411, '10411', 2, 1, 'PURSE - H12-4', 'H12-4', 'PCS', 'B', '4010', '5010', '1510', '5040', '1530', 0, 0, 720, 720, 0, 0, 0, 0, 0, 0, '', 0, 0, '0000-00-00', '0000-00-00', ''),
(412, '10412', 2, 1, 'PURSE - H12-5', 'H12-5', 'PCS', 'B', '4010', '5010', '1510', '5040', '1530', 0, 0, 684, 684, 0, 0, 0, 0, 0, 0, '', 0, 0, '0000-00-00', '0000-00-00', ''),
(413, '10413', 2, 1, 'PURSE - H12-6', 'H12-6', 'PCS', 'B', '4010', '5010', '1510', '5040', '1530', 0, 0, 684, 684, 0, 0, 0, 0, 0, 0, '', 0, 0, '0000-00-00', '0000-00-00', ''),
(414, '10414', 2, 1, 'PURSE - H12-7', 'H12-7', 'PCS', 'B', '4010', '5010', '1510', '5040', '1530', 0, 0, 558, 558, 0, 0, 0, 0, 0, 0, '', 0, 0, '0000-00-00', '0000-00-00', ''),
(415, '10415', 2, 1, 'PURSE - H12-10', 'H12-10', 'PCS', 'B', '4010', '5010', '1510', '5040', '1530', 0, 0, 684, 684, 0, 0, 0, 0, 0, 0, '', 0, 0, '0000-00-00', '0000-00-00', ''),
(416, '10416', 2, 1, 'PURSE - H12-12', 'H12-12', 'PCS', 'B', '4010', '5010', '1510', '5040', '1530', 0, 0, 684, 684, 0, 0, 0, 0, 0, 0, '', 0, 0, '0000-00-00', '0000-00-00', ''),
(417, '10417', 2, 1, 'PURSE - H12-11', 'H12-11', 'PCS', 'B', '4010', '5010', '1510', '5040', '1530', 0, 0, 684, 684, 0, 0, 0, 0, 0, 0, '', 0, 0, '0000-00-00', '0000-00-00', ''),
(418, '10418', 2, 1, 'PURSE - H12-13', 'H12-13', 'PCS', 'B', '4010', '5010', '1510', '5040', '1530', 0, 0, 396, 396, 0, 0, 0, 0, 0, 0, '', 0, 0, '0000-00-00', '0000-00-00', ''),
(419, '10419', 2, 1, 'PURSE - H12-15', 'H12-15', 'PCS', 'B', '4010', '5010', '1510', '5040', '1530', 0, 0, 432, 432, 0, 0, 0, 0, 0, 0, '', 0, 0, '0000-00-00', '0000-00-00', ''),
(420, '10420', 2, 1, 'PURSE - H12-16', 'H12-16', 'PCS', 'B', '4010', '5010', '1510', '5040', '1530', 0, 0, 432, 432, 0, 0, 0, 0, 0, 0, '', 0, 0, '0000-00-00', '0000-00-00', ''),
(421, '10421', 2, 1, 'PURSE - H12-17', 'H12-17', 'PCS', 'B', '4010', '5010', '1510', '5040', '1530', 0, 0, 432, 432, 0, 0, 0, 0, 0, 0, '', 0, 0, '0000-00-00', '0000-00-00', ''),
(422, '10422', 2, 1, 'PURSE - H12-18', 'H12-18', 'PCS', 'B', '4010', '5010', '1510', '5040', '1530', 0, 0, 432, 432, 0, 0, 0, 0, 0, 0, '', 0, 0, '0000-00-00', '0000-00-00', ''),
(423, '10423', 2, 1, 'PURSE - H12-19', 'H12-19', 'PCS', 'B', '4010', '5010', '1510', '5040', '1530', 0, 0, 432, 432, 0, 0, 0, 0, 0, 0, '', 0, 0, '0000-00-00', '0000-00-00', ''),
(424, '10424', 2, 1, 'PURSE - H12-22', 'H12-22', 'PCS', 'B', '4010', '5010', '1510', '5040', '1530', 0, 0, 432, 432, 0, 0, 0, 0, 0, 0, '', 0, 0, '0000-00-00', '0000-00-00', ''),
(425, '10425', 2, 1, 'PURSE - H12-24', 'H12-24', 'PCS', 'B', '4010', '5010', '1510', '5040', '1530', 0, 0, 396, 396, 0, 0, 0, 0, 0, 0, '', 0, 0, '0000-00-00', '0000-00-00', ''),
(426, '10426', 2, 1, 'PURSE - H12-25', 'H12-25', 'PCS', 'B', '4010', '5010', '1510', '5040', '1530', 0, 0, 396, 396, 0, 0, 0, 0, 0, 0, '', 0, 0, '0000-00-00', '0000-00-00', ''),
(427, '10427', 2, 1, 'PURSE - H12-26', 'H12-26', 'PCS', 'B', '4010', '5010', '1510', '5040', '1530', 0, 0, 396, 396, 0, 0, 0, 0, 0, 0, '', 0, 0, '0000-00-00', '0000-00-00', ''),
(428, '10428', 2, 1, 'PURSE - H12-27', 'H12-27', 'PCS', 'B', '4010', '5010', '1510', '5040', '1530', 0, 0, 396, 396, 0, 0, 0, 0, 0, 0, '', 0, 0, '0000-00-00', '0000-00-00', ''),
(429, '10429', 2, 1, 'PURSE - H12-28', 'H12-28', 'PCS', 'B', '4010', '5010', '1510', '5040', '1530', 0, 0, 396, 396, 0, 0, 0, 0, 0, 0, '', 0, 0, '0000-00-00', '0000-00-00', ''),
(430, '10430', 2, 1, 'PURSE - H12-29', 'H12-29', 'PCS', 'B', '4010', '5010', '1510', '5040', '1530', 0, 0, 396, 396, 0, 0, 0, 0, 0, 0, '', 0, 0, '0000-00-00', '0000-00-00', ''),
(431, '10431', 2, 1, 'PURSE - H12-30', 'H12-30', 'PCS', 'B', '4010', '5010', '1510', '5040', '1530', 0, 0, 396, 396, 0, 0, 0, 0, 0, 0, '', 0, 0, '0000-00-00', '0000-00-00', ''),
(432, '10432', 2, 1, 'PURSE - H12-32', 'H12-32', 'PCS', 'B', '4010', '5010', '1510', '5040', '1530', 0, 0, 396, 396, 0, 0, 0, 0, 0, 0, '', 0, 0, '0000-00-00', '0000-00-00', ''),
(433, '10433', 2, 1, 'PURSE - H12-33', 'H12-33', 'PCS', 'B', '4010', '5010', '1510', '5040', '1530', 0, 0, 396, 396, 0, 0, 0, 0, 0, 0, '', 0, 0, '0000-00-00', '0000-00-00', ''),
(434, '10434', 2, 1, 'PURSE - H12-35', 'H12-35', 'PCS', 'B', '4010', '5010', '1510', '5040', '1530', 0, 0, 396, 396, 0, 0, 0, 0, 0, 0, '', 0, 0, '0000-00-00', '0000-00-00', ''),
(435, '10435', 2, 1, 'PURSE - H12-38', 'H12-38', 'PCS', 'B', '4010', '5010', '1510', '5040', '1530', 0, 0, 396, 396, 0, 0, 0, 0, 0, 0, '', 0, 0, '0000-00-00', '0000-00-00', ''),
(436, '10436', 2, 1, 'PURSE - H12-41', 'H12-41', 'PCS', 'B', '4010', '5010', '1510', '5040', '1530', 0, 0, 720, 720, 0, 0, 0, 0, 0, 0, '', 0, 0, '0000-00-00', '0000-00-00', ''),
(437, '10437', 2, 1, 'PURSE - H12-43', 'H12-43', 'PCS', 'B', '4010', '5010', '1510', '5040', '1530', 0, 0, 324, 324, 0, 0, 0, 0, 0, 0, '', 0, 0, '0000-00-00', '0000-00-00', ''),
(438, '10438', 2, 1, 'PURSE - H12-47', 'H12-47', 'PCS', 'B', '4010', '5010', '1510', '5040', '1530', 0, 0, 324, 324, 0, 0, 0, 0, 0, 0, '', 0, 0, '0000-00-00', '0000-00-00', ''),
(439, '10439', 2, 1, 'PURSE - H13-5', 'H13-5', 'PCS', 'B', '4010', '5010', '1510', '5040', '1530', 0, 0, 468, 468, 0, 0, 0, 0, 0, 0, '', 0, 0, '0000-00-00', '0000-00-00', ''),
(440, '10440', 2, 1, 'PURSE - H13-6', 'H13-6', 'PCS', 'B', '4010', '5010', '1510', '5040', '1530', 0, 0, 576, 576, 0, 0, 0, 0, 0, 0, '', 0, 0, '0000-00-00', '0000-00-00', ''),
(441, '10441', 2, 1, 'PURSE - H13-7', 'H13-7', 'PCS', 'B', '4010', '5010', '1510', '5040', '1530', 0, 0, 576, 576, 0, 0, 0, 0, 0, 0, '', 0, 0, '0000-00-00', '0000-00-00', ''),
(442, '10442', 2, 1, 'PURSE - H13-8', 'H13-8', 'PCS', 'B', '4010', '5010', '1510', '5040', '1530', 0, 0, 576, 576, 0, 0, 0, 0, 0, 0, '', 0, 0, '0000-00-00', '0000-00-00', ''),
(443, '10443', 2, 1, 'PURSE - H13-9', 'H13-9', 'PCS', 'B', '4010', '5010', '1510', '5040', '1530', 0, 0, 576, 576, 0, 0, 0, 0, 0, 0, '', 0, 0, '0000-00-00', '0000-00-00', ''),
(444, '10444', 2, 1, 'PURSE - H13-10', 'H13-10', 'PCS', 'B', '4010', '5010', '1510', '5040', '1530', 0, 0, 576, 576, 0, 0, 0, 0, 0, 0, '', 0, 0, '0000-00-00', '0000-00-00', ''),
(445, '10445', 3, 1, 'SIDE BAG - H13-13', 'H13-13', 'PCS', 'B', '4010', '5010', '1510', '5040', '1530', 0, 0, 540, 540, 0, 0, 0, 0, 0, 0, '', 0, 0, '0000-00-00', '0000-00-00', ''),
(446, '10446', 2, 1, 'PURSE - H13-16', 'H13-16', 'PCS', 'B', '4010', '5010', '1510', '5040', '1530', 0, 0, 360, 360, 0, 0, 0, 0, 0, 0, '', 0, 0, '0000-00-00', '0000-00-00', ''),
(447, '10447', 2, 1, 'PURSE - H13-17', 'H13-17', 'PCS', 'B', '4010', '5010', '1510', '5040', '1530', 0, 0, 360, 360, 0, 0, 0, 0, 0, 0, '', 0, 0, '0000-00-00', '0000-00-00', ''),
(448, '10448', 2, 1, 'PURSE - H13-18', 'H13-18', 'PCS', 'B', '4010', '5010', '1510', '5040', '1530', 0, 0, 360, 360, 0, 0, 0, 0, 0, 0, '', 0, 0, '0000-00-00', '0000-00-00', ''),
(449, '10449', 2, 1, 'PURSE - H14-1', 'H14-1', 'PCS', 'B', '4010', '5010', '1510', '5040', '1530', 0, 0, 540, 540, 0, 0, 0, 0, 0, 0, '', 0, 0, '0000-00-00', '0000-00-00', ''),
(450, '10450', 2, 1, 'PURSE - H14-2', 'H14-2', 'PCS', 'B', '4010', '5010', '1510', '5040', '1530', 0, 0, 540, 540, 0, 0, 0, 0, 0, 0, '', 0, 0, '0000-00-00', '0000-00-00', ''),
(451, '10451', 2, 1, 'PURSE - H14-3', 'H14-3', 'PCS', 'B', '4010', '5010', '1510', '5040', '1530', 0, 0, 540, 540, 0, 0, 0, 0, 0, 0, '', 0, 0, '0000-00-00', '0000-00-00', ''),
(452, '10452', 2, 1, 'PURSE - H14-4', 'H14-4', 'PCS', 'B', '4010', '5010', '1510', '5040', '1530', 0, 0, 540, 540, 0, 0, 0, 0, 0, 0, '', 0, 0, '0000-00-00', '0000-00-00', ''),
(453, '10453', 2, 1, 'PURSE - H14-5', 'H14-5', 'PCS', 'B', '4010', '5010', '1510', '5040', '1530', 0, 0, 414, 414, 0, 0, 0, 0, 0, 0, '', 0, 0, '0000-00-00', '0000-00-00', ''),
(454, '10454', 2, 1, 'PURSE - H16-1', 'H16-1', 'PCS', 'B', '4010', '5010', '1510', '5040', '1530', 0, 0, 396, 396, 0, 0, 0, 0, 0, 0, '', 0, 0, '0000-00-00', '0000-00-00', ''),
(455, '10455', 2, 1, 'PURSE - H16-2', 'H16-2', 'PCS', 'B', '4010', '5010', '1510', '5040', '1530', 0, 0, 378, 378, 0, 0, 0, 0, 0, 0, '', 0, 0, '0000-00-00', '0000-00-00', ''),
(456, '10456', 2, 1, 'PURSE - H16-4', 'H16-4', 'PCS', 'B', '4010', '5010', '1510', '5040', '1530', 0, 0, 432, 432, 0, 0, 0, 0, 0, 0, '', 0, 0, '0000-00-00', '0000-00-00', ''),
(457, '10457', 2, 1, 'PURSE - H16-5', 'H16-5', 'PCS', 'B', '4010', '5010', '1510', '5040', '1530', 0, 0, 450, 450, 0, 0, 0, 0, 0, 0, '', 0, 0, '0000-00-00', '0000-00-00', ''),
(458, '10458', 2, 1, 'PURSE - H16-6', 'H16-6', 'PCS', 'B', '4010', '5010', '1510', '5040', '1530', 0, 0, 468, 468, 0, 0, 0, 0, 0, 0, '', 0, 0, '0000-00-00', '0000-00-00', ''),
(459, '10459', 2, 1, 'PURSE - H17-1', 'H17-1', 'PCS', 'B', '4010', '5010', '1510', '5040', '1530', 0, 0, 576, 576, 0, 0, 0, 0, 0, 0, '', 0, 0, '0000-00-00', '0000-00-00', ''),
(460, '10460', 2, 1, 'PURSE - H17-2', 'H17-2', 'PCS', 'B', '4010', '5010', '1510', '5040', '1530', 0, 0, 468, 468, 0, 0, 0, 0, 0, 0, '', 0, 0, '0000-00-00', '0000-00-00', ''),
(461, '10461', 2, 1, 'PURSE - H17-3', 'H17-3', 'PCS', 'B', '4010', '5010', '1510', '5040', '1530', 0, 0, 468, 468, 0, 0, 0, 0, 0, 0, '', 0, 0, '0000-00-00', '0000-00-00', ''),
(462, '10462', 2, 1, 'PURSE - H17-4', 'H17-4', 'PCS', 'B', '4010', '5010', '1510', '5040', '1530', 0, 0, 450, 450, 0, 0, 0, 0, 0, 0, '', 0, 0, '0000-00-00', '0000-00-00', ''),
(463, '10463', 2, 1, 'PURSE - H18-1', 'H18-1', 'PCS', 'B', '4010', '5010', '1510', '5040', '1530', 0, 0, 288, 288, 0, 0, 0, 0, 0, 0, '', 0, 0, '0000-00-00', '0000-00-00', ''),
(464, '10464', 2, 1, 'PURSE - H19-1', 'H19-1', 'PCS', 'B', '4010', '5010', '1510', '5040', '1530', 0, 0, 360, 360, 0, 0, 0, 0, 0, 0, '', 0, 0, '0000-00-00', '0000-00-00', ''),
(465, '10465', 2, 1, 'PURSE - H19-2', 'H19-2', 'PCS', 'B', '4010', '5010', '1510', '5040', '1530', 0, 0, 298.8, 298.8, 0, 0, 0, 0, 0, 0, '', 0, 0, '0000-00-00', '0000-00-00', ''),
(466, '10466', 2, 1, 'PURSE - H19-4', 'H19-4', 'PCS', 'B', '4010', '5010', '1510', '5040', '1530', 0, 0, 342, 342, 0, 0, 0, 0, 0, 0, '', 0, 0, '0000-00-00', '0000-00-00', ''),
(467, '10467', 2, 1, 'PURSE - H19-5', 'H19-5', 'PCS', 'B', '4010', '5010', '1510', '5040', '1530', 0, 0, 306, 306, 0, 0, 0, 0, 0, 0, '', 0, 0, '0000-00-00', '0000-00-00', ''),
(468, '10468', 2, 1, 'PURSE - H19-6', 'H19-6', 'PCS', 'B', '4010', '5010', '1510', '5040', '1530', 0, 0, 306, 306, 0, 0, 0, 0, 0, 0, '', 0, 0, '0000-00-00', '0000-00-00', ''),
(469, '10469', 2, 1, 'PURSE - H19-7', 'H19-7', 'PCS', 'B', '4010', '5010', '1510', '5040', '1530', 0, 0, 522, 522, 0, 0, 0, 0, 0, 0, '', 0, 0, '0000-00-00', '0000-00-00', ''),
(470, '10470', 20, 1, 'SERVIET - H20-1', 'H20-1', 'PCS', 'B', '4010', '5010', '1510', '5040', '1530', 0, 0, 46.8, 46.8, 0, 0, 0, 0, 0, 0, '', 0, 0, '0000-00-00', '0000-00-00', ''),
(471, '10471', 20, 1, 'SERVIET - H20-2', 'H20-2', 'PCS', 'B', '4010', '5010', '1510', '5040', '1530', 0, 0, 54, 54, 0, 0, 0, 0, 0, 0, '', 0, 0, '0000-00-00', '0000-00-00', ''),
(472, '10472', 20, 1, 'SERVIET - H20-3', 'H20-3', 'PCS', 'B', '4010', '5010', '1510', '5040', '1530', 0, 0, 64.8, 64.8, 0, 0, 0, 0, 0, 0, '', 0, 0, '0000-00-00', '0000-00-00', ''),
(473, '10473', 20, 1, 'SERVIET - H20-4', 'H20-4', 'PCS', 'B', '4010', '5010', '1510', '5040', '1530', 0, 0, 64.8, 64.8, 0, 0, 0, 0, 0, 0, '', 0, 0, '0000-00-00', '0000-00-00', ''),
(474, '10474', 20, 1, 'SERVIET - H20-5', 'H20-5', 'PCS', 'B', '4010', '5010', '1510', '5040', '1530', 0, 0, 46.8, 46.8, 0, 0, 0, 0, 0, 0, '', 0, 0, '0000-00-00', '0000-00-00', ''),
(475, '10475', 20, 1, 'SERVIET - H20-6', 'H20-6', 'PCS', 'B', '4010', '5010', '1510', '5040', '1530', 0, 0, 25.2, 25.2, 0, 0, 0, 0, 0, 0, '', 0, 0, '0000-00-00', '0000-00-00', ''),
(476, '10476', 20, 1, 'SERVIET - H20-7', 'H20-7', 'PCS', 'B', '4010', '5010', '1510', '5040', '1530', 0, 0, 18, 18, 0, 0, 0, 0, 0, 0, '', 0, 0, '0000-00-00', '0000-00-00', ''),
(477, '10477', 20, 1, 'SERVIET - H20-8', 'H20-8', 'PCS', 'B', '4010', '5010', '1510', '5040', '1530', 0, 0, 21.6, 21.6, 0, 0, 0, 0, 0, 0, '', 0, 0, '0000-00-00', '0000-00-00', ''),
(478, '10478', 20, 1, 'SERVIET - H20-9', 'H20-9', 'PCS', 'B', '4010', '5010', '1510', '5040', '1530', 0, 0, 54, 54, 0, 0, 0, 0, 0, 0, '', 0, 0, '0000-00-00', '0000-00-00', ''),
(479, '10479', 20, 1, 'SERVIET - H20-10', 'H20-10', 'PCS', 'B', '4010', '5010', '1510', '5040', '1530', 0, 0, 46.8, 46.8, 0, 0, 0, 0, 0, 0, '', 0, 0, '0000-00-00', '0000-00-00', ''),
(480, '10480', 20, 1, 'SERVIET - H20-11', 'H20-11', 'PCS', 'B', '4010', '5010', '1510', '5040', '1530', 0, 0, 54, 54, 0, 0, 0, 0, 0, 0, '', 0, 0, '0000-00-00', '0000-00-00', ''),
(481, '10481', 20, 1, 'SERVIET - H20-12', 'H20-12', 'PCS', 'B', '4010', '5010', '1510', '5040', '1530', 0, 0, 57.6, 57.6, 0, 0, 0, 0, 0, 0, '', 0, 0, '0000-00-00', '0000-00-00', ''),
(482, '10482', 20, 1, 'SERVIET - H20-13', 'H20-13', 'PCS', 'B', '4010', '5010', '1510', '5040', '1530', 0, 0, 28.8, 28.8, 0, 0, 0, 0, 0, 0, '', 0, 0, '0000-00-00', '0000-00-00', ''),
(483, '10483', 20, 1, 'SERVIET - H20-14', 'H20-14', 'PCS', 'B', '4010', '5010', '1510', '5040', '1530', 0, 0, 18, 18, 0, 0, 0, 0, 0, 0, '', 0, 0, '0000-00-00', '0000-00-00', ''),
(484, '10484', 20, 1, 'SERVIET - H20-15', 'H20-15', 'PCS', 'B', '4010', '5010', '1510', '5040', '1530', 0, 0, 54, 54, 0, 0, 0, 0, 0, 0, '', 0, 0, '0000-00-00', '0000-00-00', ''),
(485, '10485', 20, 1, 'SERVIET - H20-16', 'H20-16', 'PCS', 'B', '4010', '5010', '1510', '5040', '1530', 0, 0, 46.8, 46.8, 0, 0, 0, 0, 0, 0, '', 0, 0, '0000-00-00', '0000-00-00', ''),
(486, '10486', 20, 1, 'SERVIET - H20-18', 'H20-18', 'PCS', 'B', '4010', '5010', '1510', '5040', '1530', 0, 0, 46.8, 46.8, 0, 0, 0, 0, 0, 0, '', 0, 0, '0000-00-00', '0000-00-00', ''),
(487, '10487', 20, 1, 'SERVIET - H20-19', 'H20-19', 'PCS', 'B', '4010', '5010', '1510', '5040', '1530', 0, 0, 46.8, 46.8, 0, 0, 0, 0, 0, 0, '', 0, 0, '0000-00-00', '0000-00-00', ''),
(488, '10488', 20, 1, 'SERVIET - H20-20', 'H20-20', 'PCS', 'B', '4010', '5010', '1510', '5040', '1530', 0, 0, 21.6, 21.6, 0, 0, 0, 0, 0, 0, '', 0, 0, '0000-00-00', '0000-00-00', ''),
(489, '10489', 20, 1, 'SERVIET - H20-21', 'H20-21', 'PCS', 'B', '4010', '5010', '1510', '5040', '1530', 0, 0, 18, 18, 0, 0, 0, 0, 0, 0, '', 0, 0, '0000-00-00', '0000-00-00', ''),
(490, '10490', 20, 1, 'SERVIET - H20-23', 'H20-23', 'PCS', 'B', '4010', '5010', '1510', '5040', '1530', 0, 0, 72, 72, 0, 0, 0, 0, 0, 0, '', 0, 0, '0000-00-00', '0000-00-00', ''),
(491, '10491', 20, 1, 'SERVIET - H22-1', 'H22-1', 'PCS', 'B', '4010', '5010', '1510', '5040', '1530', 0, 0, 50.4, 50.4, 0, 0, 0, 0, 0, 0, '', 0, 0, '0000-00-00', '0000-00-00', ''),
(492, '10492', 20, 1, 'SERVIET - H22-2', 'H22-2', 'PCS', 'B', '4010', '5010', '1510', '5040', '1530', 0, 0, 46.8, 46.8, 0, 0, 0, 0, 0, 0, '', 0, 0, '0000-00-00', '0000-00-00', ''),
(493, '10493', 20, 1, 'SERVIET - H22-3', 'H22-3', 'PCS', 'B', '4010', '5010', '1510', '5040', '1530', 0, 0, 34.2, 34.2, 0, 0, 0, 0, 0, 0, '', 0, 0, '0000-00-00', '0000-00-00', ''),
(494, '10494', 20, 1, 'SERVIET - H22-6', 'H22-6', 'PCS', 'B', '4010', '5010', '1510', '5040', '1530', 0, 0, 34.2, 34.2, 0, 0, 0, 0, 0, 0, '', 0, 0, '0000-00-00', '0000-00-00', ''),
(495, '10495', 20, 1, 'SERVIET - H22-8', 'H22-8', 'PCS', 'B', '4010', '5010', '1510', '5040', '1530', 0, 0, 18, 18, 0, 0, 0, 0, 0, 0, '', 0, 0, '0000-00-00', '0000-00-00', ''),
(496, '10496', 20, 1, 'SERVIET - H22-9', 'H22-9', 'PCS', 'B', '4010', '5010', '1510', '5040', '1530', 0, 0, 16.2, 16.2, 0, 0, 0, 0, 0, 0, '', 0, 0, '0000-00-00', '0000-00-00', ''),
(497, '10497', 10, 1, 'WOOL BAND - Y1-1', 'Y1-1', 'PCS', 'B', '4010', '5010', '1510', '5040', '1530', 0, 0, 30.4, 30.4, 0, 0, 0, 0, 0, 0, '', 0, 0, '0000-00-00', '0000-00-00', ''),
(498, '10498', 10, 1, 'WOOL BAND - Y1-3', 'Y1-3', 'PCS', 'B', '4010', '5010', '1510', '5040', '1530', 0, 0, 32.3, 32.3, 0, 0, 0, 0, 0, 0, '', 0, 0, '0000-00-00', '0000-00-00', ''),
(499, '10499', 10, 1, 'WOOL BAND - Y1-4', 'Y1-4', 'PCS', 'B', '4010', '5010', '1510', '5040', '1530', 0, 0, 20.9, 20.9, 0, 0, 0, 0, 0, 0, '', 0, 0, '0000-00-00', '0000-00-00', ''),
(500, '10500', 10, 1, 'WOOL BAND - Y1-5', 'Y1-5', 'PCS', 'B', '4010', '5010', '1510', '5040', '1530', 0, 0, 26.6, 26.6, 0, 0, 0, 0, 0, 0, '', 0, 0, '0000-00-00', '0000-00-00', ''),
(501, '10501', 10, 1, 'WOOL BAND - Y1-7', 'Y1-7', 'PCS', 'B', '4010', '5010', '1510', '5040', '1530', 0, 0, 32.3, 32.3, 0, 0, 0, 0, 0, 0, '', 0, 0, '0000-00-00', '0000-00-00', ''),
(502, '10502', 10, 1, 'WOOL BAND - Y1-8', 'Y1-8', 'PCS', 'B', '4010', '5010', '1510', '5040', '1530', 0, 0, 17.1, 17.1, 0, 0, 0, 0, 0, 0, '', 0, 0, '0000-00-00', '0000-00-00', ''),
(503, '10503', 10, 1, 'WOOL BAND - Y1-9', 'Y1-9', 'PCS', 'B', '4010', '5010', '1510', '5040', '1530', 0, 0, 32.3, 32.3, 0, 0, 0, 0, 0, 0, '', 0, 0, '0000-00-00', '0000-00-00', ''),
(504, '10504', 10, 1, 'WOOL BAND - Y1-10', 'Y1-10', 'PCS', 'B', '4010', '5010', '1510', '5040', '1530', 0, 0, 24.7, 24.7, 0, 0, 0, 0, 0, 0, '', 0, 0, '0000-00-00', '0000-00-00', ''),
(505, '10505', 10, 1, 'WOOL BAND - Y1-11', 'Y1-11', 'PCS', 'B', '4010', '5010', '1510', '5040', '1530', 0, 0, 20.9, 20.9, 0, 0, 0, 0, 0, 0, '', 0, 0, '0000-00-00', '0000-00-00', ''),
(506, '10506', 10, 1, 'WOOL BAND - Y1-12', 'Y1-12', 'PCS', 'B', '4010', '5010', '1510', '5040', '1530', 0, 0, 38, 38, 0, 0, 0, 0, 0, 0, '', 0, 0, '0000-00-00', '0000-00-00', ''),
(507, '10507', 10, 1, 'WOOL BAND - Y1-14', 'Y1-14', 'PCS', 'B', '4010', '5010', '1510', '5040', '1530', 0, 0, 20.9, 20.9, 0, 0, 0, 0, 0, 0, '', 0, 0, '0000-00-00', '0000-00-00', ''),
(508, '10508', 10, 1, 'WOOL BAND - Y1-15', 'Y1-15', 'PCS', 'B', '4010', '5010', '1510', '5040', '1530', 0, 0, 19, 19, 0, 0, 0, 0, 0, 0, '', 0, 0, '0000-00-00', '0000-00-00', ''),
(509, '10509', 10, 1, 'WOOL BAND - Y1-16', 'Y1-16', 'PCS', 'B', '4010', '5010', '1510', '5040', '1530', 0, 0, 24.7, 24.7, 0, 0, 0, 0, 0, 0, '', 0, 0, '0000-00-00', '0000-00-00', ''),
(510, '10510', 10, 1, 'WOOL BAND - Y1-17', 'Y1-17', 'PCS', 'B', '4010', '5010', '1510', '5040', '1530', 0, 0, 32.3, 32.3, 0, 0, 0, 0, 0, 0, '', 0, 0, '0000-00-00', '0000-00-00', ''),
(511, '10511', 10, 1, 'WOOL BAND - Y1-18', 'Y1-18', 'PCS', 'B', '4010', '5010', '1510', '5040', '1530', 0, 0, 34.2, 34.2, 0, 0, 0, 0, 0, 0, '', 0, 0, '0000-00-00', '0000-00-00', ''),
(512, '10512', 10, 1, 'WOOL BAND - Y1-19', 'Y1-19', 'PCS', 'B', '4010', '5010', '1510', '5040', '1530', 0, 0, 32.3, 32.3, 0, 0, 0, 0, 0, 0, '', 0, 0, '0000-00-00', '0000-00-00', ''),
(513, '10513', 10, 1, 'WOOL BAND - Y1-20', 'Y1-20', 'PCS', 'B', '4010', '5010', '1510', '5040', '1530', 0, 0, 38, 38, 0, 0, 0, 0, 0, 0, '', 0, 0, '0000-00-00', '0000-00-00', ''),
(514, '10514', 10, 1, 'WOOL BAND - Y1-21', 'Y1-21', 'PCS', 'B', '4010', '5010', '1510', '5040', '1530', 0, 0, 32.3, 32.3, 0, 0, 0, 0, 0, 0, '', 0, 0, '0000-00-00', '0000-00-00', ''),
(515, '10515', 10, 1, 'WOOL BAND - Y1-22', 'Y1-22', 'PCS', 'B', '4010', '5010', '1510', '5040', '1530', 0, 0, 30.4, 30.4, 0, 0, 0, 0, 0, 0, '', 0, 0, '0000-00-00', '0000-00-00', ''),
(516, '10516', 10, 1, 'WOOL BAND - Y1-23', 'Y1-23', 'PCS', 'B', '4010', '5010', '1510', '5040', '1530', 0, 0, 38, 38, 0, 0, 0, 0, 0, 0, '', 0, 0, '0000-00-00', '0000-00-00', ''),
(517, '10517', 10, 1, 'WOOL BAND - Y1-24', 'Y1-24', 'PCS', 'B', '4010', '5010', '1510', '5040', '1530', 0, 0, 19, 19, 0, 0, 0, 0, 0, 0, '', 0, 0, '0000-00-00', '0000-00-00', ''),
(518, '10518', 10, 1, 'WOOL BAND - Y1-25', 'Y1-25', 'PCS', 'B', '4010', '5010', '1510', '5040', '1530', 0, 0, 53.2, 53.2, 0, 0, 0, 0, 0, 0, '', 0, 0, '0000-00-00', '0000-00-00', ''),
(519, '10519', 10, 1, 'WOOL BAND - Y1-26', 'Y1-26', 'PCS', 'B', '4010', '5010', '1510', '5040', '1530', 0, 0, 9.5, 9.5, 0, 0, 0, 0, 0, 0, '', 0, 0, '0000-00-00', '0000-00-00', ''),
(520, '10520', 10, 1, 'WOOL BAND - Y1-27', 'Y1-27', 'PACK', 'B', '4010', '5010', '1510', '5040', '1530', 0, 0, 197.6, 197.6, 0, 0, 0, 0, 0, 0, '', 0, 0, '0000-00-00', '0000-00-00', ''),
(521, '10521', 10, 1, 'WOOL BAND - Y1-28', 'Y1-28', 'PACK', 'B', '4010', '5010', '1510', '5040', '1530', 0, 0, 197.6, 197.6, 0, 0, 0, 0, 0, 0, '', 0, 0, '0000-00-00', '0000-00-00', ''),
(522, '10522', 10, 1, 'WOOL BAND - Y1-30', 'Y1-30', 'PACK', 'B', '4010', '5010', '1510', '5040', '1530', 0, 0, 171, 171, 0, 0, 0, 0, 0, 0, '', 0, 0, '0000-00-00', '0000-00-00', ''),
(523, '10523', 32, 1, 'KEY TAG - Y3-1', 'Y3-1', 'PCS', 'B', '4010', '5010', '1510', '5040', '1530', 0, 0, 114, 114, 0, 0, 0, 0, 0, 0, '', 0, 0, '0000-00-00', '0000-00-00', ''),
(524, '10524', 32, 1, 'KEY TAG - Y3-2', 'Y3-2', 'PCS', 'B', '4010', '5010', '1510', '5040', '1530', 0, 0, 171, 171, 0, 0, 0, 0, 0, 0, '', 0, 0, '0000-00-00', '0000-00-00', ''),
(525, '10525', 32, 1, 'KEY TAG - Y3-3', 'Y3-3', 'PCS', 'B', '4010', '5010', '1510', '5040', '1530', 0, 0, 171, 171, 0, 0, 0, 0, 0, 0, '', 0, 0, '0000-00-00', '0000-00-00', ''),
(526, '10526', 32, 1, 'KEY TAG - Y3-4', 'Y3-4', 'PCS', 'B', '4010', '5010', '1510', '5040', '1530', 0, 0, 247, 247, 0, 0, 0, 0, 0, 0, '', 0, 0, '0000-00-00', '0000-00-00', ''),
(527, '10527', 32, 1, 'KEY TAG - Y3-5', 'Y3-5', 'PCS', 'B', '4010', '5010', '1510', '5040', '1530', 0, 0, 209, 209, 0, 0, 0, 0, 0, 0, '', 0, 0, '0000-00-00', '0000-00-00', ''),
(528, '10528', 32, 1, 'KEY TAG - Y3-9', 'Y3-9', 'PCS', 'B', '4010', '5010', '1510', '5040', '1530', 0, 0, 68.4, 68.4, 0, 0, 0, 0, 0, 0, '', 0, 0, '0000-00-00', '0000-00-00', ''),
(529, '10529', 15, 1, 'SAREE BROOCH - Y5-1', 'Y5-1', 'PCS', 'B', '4010', '5010', '1510', '5040', '1530', 0, 0, 171, 171, 0, 0, 0, 0, 0, 0, '', 0, 0, '0000-00-00', '0000-00-00', ''),
(530, '10530', 15, 1, 'SAREE BROOCH - Y5-2', 'Y5-2', 'PCS', 'B', '4010', '5010', '1510', '5040', '1530', 0, 0, 133, 133, 0, 0, 0, 0, 0, 0, '', 0, 0, '0000-00-00', '0000-00-00', ''),
(531, '10531', 10, 1, 'WOOL BAND - Y6-1', 'Y6-1', 'PCS', 'B', '4010', '5010', '1510', '5040', '1530', 0, 0, 22.8, 22.8, 0, 0, 0, 0, 0, 0, '', 0, 0, '0000-00-00', '0000-00-00', ''),
(532, '10532', 10, 1, 'WOOL BAND - Y6-2', 'Y6-2', 'PCS', 'B', '4010', '5010', '1510', '5040', '1530', 0, 0, 38, 38, 0, 0, 0, 0, 0, 0, '', 0, 0, '0000-00-00', '0000-00-00', ''),
(533, '10533', 10, 1, 'WOOL BAND - Y6-3', 'Y6-3', 'PCS', 'B', '4010', '5010', '1510', '5040', '1530', 0, 0, 38, 38, 0, 0, 0, 0, 0, 0, '', 0, 0, '0000-00-00', '0000-00-00', ''),
(534, '10534', 10, 1, 'WOOL BAND - Y6-6', 'Y6-6', 'PCS', 'B', '4010', '5010', '1510', '5040', '1530', 0, 0, 15.2, 15.2, 0, 0, 0, 0, 0, 0, '', 0, 0, '0000-00-00', '0000-00-00', ''),
(535, '10535', 10, 1, 'WOOL BAND - Y6-7', 'Y6-7', 'PCS', 'B', '4010', '5010', '1510', '5040', '1530', 0, 0, 38, 38, 0, 0, 0, 0, 0, 0, '', 0, 0, '0000-00-00', '0000-00-00', ''),
(536, '10536', 10, 1, 'WOOL BAND - Y6-8', 'Y6-8', 'PCS', 'B', '4010', '5010', '1510', '5040', '1530', 0, 0, 22.8, 22.8, 0, 0, 0, 0, 0, 0, '', 0, 0, '0000-00-00', '0000-00-00', ''),
(537, '10537', 10, 1, 'WOOL BAND - Y6-9', 'Y6-9', 'PCS', 'B', '4010', '5010', '1510', '5040', '1530', 0, 0, 38, 38, 0, 0, 0, 0, 0, 0, '', 0, 0, '0000-00-00', '0000-00-00', ''),
(538, '10538', 10, 1, 'WOOL BAND - Y6-10', 'Y6-10', 'PCS', 'B', '4010', '5010', '1510', '5040', '1530', 0, 0, 38, 38, 0, 0, 0, 0, 0, 0, '', 0, 0, '0000-00-00', '0000-00-00', ''),
(539, '10539', 10, 1, 'WOOL BAND - Y6-11', 'Y6-11', 'PCS', 'B', '4010', '5010', '1510', '5040', '1530', 0, 0, 22.8, 22.8, 0, 0, 0, 0, 0, 0, '', 0, 0, '0000-00-00', '0000-00-00', ''),
(540, '10540', 10, 1, 'WOOL BAND - Y6-13', 'Y6-13', 'PCS', 'B', '4010', '5010', '1510', '5040', '1530', 0, 0, 26.6, 26.6, 0, 0, 0, 0, 0, 0, '', 0, 0, '0000-00-00', '0000-00-00', ''),
(541, '10541', 10, 1, 'WOOL BAND - Y6-14', 'Y6-14', 'PCS', 'B', '4010', '5010', '1510', '5040', '1530', 0, 0, 26.6, 26.6, 0, 0, 0, 0, 0, 0, '', 0, 0, '0000-00-00', '0000-00-00', ''),
(542, '10542', 10, 1, 'WOOL BAND - Y6-16', 'Y6-16', 'PCS', 'B', '4010', '5010', '1510', '5040', '1530', 0, 0, 30.4, 30.4, 0, 0, 0, 0, 0, 0, '', 0, 0, '0000-00-00', '0000-00-00', ''),
(543, '10543', 10, 1, 'WOOL BAND - Y6-17', 'Y6-17', 'PCS', 'B', '4010', '5010', '1510', '5040', '1530', 0, 0, 32.3, 32.3, 0, 0, 0, 0, 0, 0, '', 0, 0, '0000-00-00', '0000-00-00', ''),
(544, '10544', 10, 1, 'WOOL BAND - Y6-19', 'Y6-19', 'PCS', 'B', '4010', '5010', '1510', '5040', '1530', 0, 0, 30.4, 30.4, 0, 0, 0, 0, 0, 0, '', 0, 0, '0000-00-00', '0000-00-00', ''),
(545, '10545', 10, 1, 'WOOL BAND - Y6-20', 'Y6-20', 'PCS', 'B', '4010', '5010', '1510', '5040', '1530', 0, 0, 22.8, 22.8, 0, 0, 0, 0, 0, 0, '', 0, 0, '0000-00-00', '0000-00-00', ''),
(546, '10546', 10, 1, 'WOOL BAND - Y6-21', 'Y6-21', 'PCS', 'B', '4010', '5010', '1510', '5040', '1530', 0, 0, 30.4, 30.4, 0, 0, 0, 0, 0, 0, '', 0, 0, '0000-00-00', '0000-00-00', ''),
(547, '10547', 10, 1, 'WOOL BAND - Y6-22', 'Y6-22', 'PCS', 'B', '4010', '5010', '1510', '5040', '1530', 0, 0, 32.3, 32.3, 0, 0, 0, 0, 0, 0, '', 0, 0, '0000-00-00', '0000-00-00', ''),
(548, '10548', 10, 1, 'WOOL BAND - Y6-24', 'Y6-24', 'PCS', 'B', '4010', '5010', '1510', '5040', '1530', 0, 0, 26.6, 26.6, 0, 0, 0, 0, 0, 0, '', 0, 0, '0000-00-00', '0000-00-00', ''),
(549, '10549', 10, 1, 'WOOL BAND - Y6-25', 'Y6-25', 'PCS', 'B', '4010', '5010', '1510', '5040', '1530', 0, 0, 41.8, 41.8, 0, 0, 0, 0, 0, 0, '', 0, 0, '0000-00-00', '0000-00-00', ''),
(550, '10550', 26, 1, 'BABY CLIP - Y8-3', 'Y8-3', 'CARD', 'B', '4010', '5010', '1510', '5040', '1530', 0, 0, 342, 342, 0, 0, 0, 0, 0, 0, '', 0, 0, '0000-00-00', '0000-00-00', ''),
(551, '10551', 26, 1, 'BABY CLIP - Y8-4', 'Y8-4', 'CARD', 'B', '4010', '5010', '1510', '5040', '1530', 0, 0, 380, 380, 0, 0, 0, 0, 0, 0, '', 0, 0, '0000-00-00', '0000-00-00', ''),
(552, '10552', 26, 1, 'BABY CLIP - Y8-5', 'Y8-5', 'CARD', 'B', '4010', '5010', '1510', '5040', '1530', 0, 0, 266, 266, 0, 0, 0, 0, 0, 0, '', 0, 0, '0000-00-00', '0000-00-00', ''),
(553, '10553', 10, 1, 'WOOL BAND - Y9-2', 'Y9-2', 'PCS', 'B', '4010', '5010', '1510', '5040', '1530', 0, 0, 29.64, 29.64, 0, 0, 0, 0, 0, 0, '', 0, 0, '0000-00-00', '0000-00-00', ''),
(554, '10554', 10, 1, 'WOOL BAND - Y9-3', 'Y9-3', 'PCS', 'B', '4010', '5010', '1510', '5040', '1530', 0, 0, 32.3, 32.3, 0, 0, 0, 0, 0, 0, '', 0, 0, '0000-00-00', '0000-00-00', '');
INSERT INTO `0_stock_master` (`id`, `stock_id`, `category_id`, `tax_type_id`, `description`, `long_description`, `units`, `mb_flag`, `sales_account`, `cogs_account`, `inventory_account`, `adjustment_account`, `wip_account`, `dimension_id`, `dimension2_id`, `purchase_cost`, `material_cost`, `labour_cost`, `overhead_cost`, `inactive`, `no_sale`, `no_purchase`, `editable`, `depreciation_method`, `depreciation_rate`, `depreciation_factor`, `depreciation_start`, `depreciation_date`, `fa_class_id`) VALUES
(555, '10555', 10, 1, 'WOOL BAND - Y9-4', 'Y9-4', 'PCS', 'B', '4010', '5010', '1510', '5040', '1530', 0, 0, 30.4, 30.4, 0, 0, 0, 0, 0, 0, '', 0, 0, '0000-00-00', '0000-00-00', ''),
(556, '10556', 10, 1, 'WOOL BAND - Y9-5', 'Y9-5', 'PCS', 'B', '4010', '5010', '1510', '5040', '1530', 0, 0, 31.16, 31.16, 0, 0, 0, 0, 0, 0, '', 0, 0, '0000-00-00', '0000-00-00', ''),
(557, '10557', 10, 1, 'WOOL BAND - Y9-6', 'Y9-6', 'PCS', 'B', '4010', '5010', '1510', '5040', '1530', 0, 0, 33.44, 33.44, 0, 0, 0, 0, 0, 0, '', 0, 0, '0000-00-00', '0000-00-00', ''),
(558, '10558', 10, 1, 'WOOL BAND - Y9-8', 'Y9-8', 'PCS', 'B', '4010', '5010', '1510', '5040', '1530', 0, 0, 31.16, 31.16, 0, 0, 0, 0, 0, 0, '', 0, 0, '0000-00-00', '0000-00-00', ''),
(559, '10559', 10, 1, 'WOOL BAND - Y9-9', 'Y9-9', 'PCS', 'B', '4010', '5010', '1510', '5040', '1530', 0, 0, 33.44, 33.44, 0, 0, 0, 0, 0, 0, '', 0, 0, '0000-00-00', '0000-00-00', ''),
(560, '10560', 10, 1, 'WOOL BAND - Y9-10', 'Y9-10', 'PCS', 'B', '4010', '5010', '1510', '5040', '1530', 0, 0, 33.44, 33.44, 0, 0, 0, 0, 0, 0, '', 0, 0, '0000-00-00', '0000-00-00', ''),
(561, '10561', 10, 1, 'WOOL BAND - Y9-11', 'Y9-11', 'PCS', 'B', '4010', '5010', '1510', '5040', '1530', 0, 0, 34.2, 34.2, 0, 0, 0, 0, 0, 0, '', 0, 0, '0000-00-00', '0000-00-00', ''),
(562, '10562', 10, 1, 'WOOL BAND - Y9-12', 'Y9-12', 'PCS', 'B', '4010', '5010', '1510', '5040', '1530', 0, 0, 31.16, 31.16, 0, 0, 0, 0, 0, 0, '', 0, 0, '0000-00-00', '0000-00-00', ''),
(563, '10563', 10, 1, 'WOOL BAND - Y9-14', 'Y9-14', 'PCS', 'B', '4010', '5010', '1510', '5040', '1530', 0, 0, 31.16, 31.16, 0, 0, 0, 0, 0, 0, '', 0, 0, '0000-00-00', '0000-00-00', ''),
(564, '10564', 10, 1, 'WOOL BAND - Y9-15', 'Y9-15', 'PCS', 'B', '4010', '5010', '1510', '5040', '1530', 0, 0, 31.16, 31.16, 0, 0, 0, 0, 0, 0, '', 0, 0, '0000-00-00', '0000-00-00', ''),
(565, '10565', 10, 1, 'WOOL BAND - Y9-16', 'Y9-16', 'PCS', 'B', '4010', '5010', '1510', '5040', '1530', 0, 0, 34.2, 34.2, 0, 0, 0, 0, 0, 0, '', 0, 0, '0000-00-00', '0000-00-00', ''),
(566, '10566', 10, 1, 'WOOL BAND - Y9-17', 'Y9-17', 'PCS', 'B', '4010', '5010', '1510', '5040', '1530', 0, 0, 31.16, 31.16, 0, 0, 0, 0, 0, 0, '', 0, 0, '0000-00-00', '0000-00-00', ''),
(567, '10567', 10, 1, 'WOOL BAND - Y9-18', 'Y9-18', 'PCS', 'B', '4010', '5010', '1510', '5040', '1530', 0, 0, 31.16, 31.16, 0, 0, 0, 0, 0, 0, '', 0, 0, '0000-00-00', '0000-00-00', ''),
(568, '10568', 10, 1, 'WOOL BAND - Y9-20', 'Y9-20', 'PCS', 'B', '4010', '5010', '1510', '5040', '1530', 0, 0, 38, 38, 0, 0, 0, 0, 0, 0, '', 0, 0, '0000-00-00', '0000-00-00', ''),
(569, '10569', 15, 1, 'SAREE BROOCH - Y10-1', 'Y10-1', 'PCS', 'B', '4010', '5010', '1510', '5040', '1530', 0, 0, 247, 247, 0, 0, 0, 0, 0, 0, '', 0, 0, '0000-00-00', '0000-00-00', ''),
(570, '10570', 15, 1, 'SAREE BROOCH - Y10-8', 'Y10-8', 'PCS', 'B', '4010', '5010', '1510', '5040', '1530', 0, 0, 133, 133, 0, 0, 0, 0, 0, 0, '', 0, 0, '0000-00-00', '0000-00-00', ''),
(571, '10571', 15, 1, 'SAREE BROOCH - Y10-9', 'Y10-9', 'PCS', 'B', '4010', '5010', '1510', '5040', '1530', 0, 0, 133, 133, 0, 0, 0, 0, 0, 0, '', 0, 0, '0000-00-00', '0000-00-00', ''),
(572, '10572', 15, 1, 'SAREE BROOCH - Y10-10', 'Y10-10', 'PCS', 'B', '4010', '5010', '1510', '5040', '1530', 0, 0, 133, 133, 0, 0, 0, 0, 0, 0, '', 0, 0, '0000-00-00', '0000-00-00', ''),
(573, '10573', 15, 1, 'SAREE BROOCH - Y10-11', 'Y10-11', 'PCS', 'B', '4010', '5010', '1510', '5040', '1530', 0, 0, 133, 133, 0, 0, 0, 0, 0, 0, '', 0, 0, '0000-00-00', '0000-00-00', ''),
(574, '10574', 15, 1, 'SAREE BROOCH - Y10-12', 'Y10-12', 'PCS', 'B', '4010', '5010', '1510', '5040', '1530', 0, 0, 133, 133, 0, 0, 0, 0, 0, 0, '', 0, 0, '0000-00-00', '0000-00-00', ''),
(575, '10575', 15, 1, 'SAREE BROOCH - Y10-13', 'Y10-13', 'PCS', 'B', '4010', '5010', '1510', '5040', '1530', 0, 0, 133, 133, 0, 0, 0, 0, 0, 0, '', 0, 0, '0000-00-00', '0000-00-00', ''),
(576, '10576', 15, 1, 'SAREE BROOCH - Y10-14', 'Y10-14', 'PCS', 'B', '4010', '5010', '1510', '5040', '1530', 0, 0, 133, 133, 0, 0, 0, 0, 0, 0, '', 0, 0, '0000-00-00', '0000-00-00', ''),
(577, '10577', 15, 1, 'SAREE BROOCH - Y10-15', 'Y10-15', 'PCS', 'B', '4010', '5010', '1510', '5040', '1530', 0, 0, 133, 133, 0, 0, 0, 0, 0, 0, '', 0, 0, '0000-00-00', '0000-00-00', ''),
(578, '10578', 15, 1, 'SAREE BROOCH - Y10-16', 'Y10-16', 'PCS', 'B', '4010', '5010', '1510', '5040', '1530', 0, 0, 133, 133, 0, 0, 0, 0, 0, 0, '', 0, 0, '0000-00-00', '0000-00-00', ''),
(579, '10579', 15, 1, 'SAREE BROOCH - Y10-17', 'Y10-17', 'PCS', 'B', '4010', '5010', '1510', '5040', '1530', 0, 0, 133, 133, 0, 0, 0, 0, 0, 0, '', 0, 0, '0000-00-00', '0000-00-00', ''),
(580, '10580', 15, 1, 'SAREE BROOCH - Y10-18', 'Y10-18', 'PCS', 'B', '4010', '5010', '1510', '5040', '1530', 0, 0, 133, 133, 0, 0, 0, 0, 0, 0, '', 0, 0, '0000-00-00', '0000-00-00', ''),
(581, '10581', 15, 1, 'SAREE BROOCH - Y10-20', 'Y10-20', 'PCS', 'B', '4010', '5010', '1510', '5040', '1530', 0, 0, 114, 114, 0, 0, 0, 0, 0, 0, '', 0, 0, '0000-00-00', '0000-00-00', ''),
(582, '10582', 15, 1, 'SAREE BROOCH - Y10-22', 'Y10-22', 'PCS', 'B', '4010', '5010', '1510', '5040', '1530', 0, 0, 114, 114, 0, 0, 0, 0, 0, 0, '', 0, 0, '0000-00-00', '0000-00-00', ''),
(583, '10583', 15, 1, 'SAREE BROOCH - Y10-23', 'Y10-23', 'PCS', 'B', '4010', '5010', '1510', '5040', '1530', 0, 0, 114, 114, 0, 0, 0, 0, 0, 0, '', 0, 0, '0000-00-00', '0000-00-00', ''),
(584, '10584', 15, 1, 'SAREE BROOCH - Y10-24', 'Y10-24', 'PCS', 'B', '4010', '5010', '1510', '5040', '1530', 0, 0, 114, 114, 0, 0, 0, 0, 0, 0, '', 0, 0, '0000-00-00', '0000-00-00', ''),
(585, '10585', 15, 1, 'SAREE BROOCH - Y10-26', 'Y10-26', 'PCS', 'B', '4010', '5010', '1510', '5040', '1530', 0, 0, 114, 114, 0, 0, 0, 0, 0, 0, '', 0, 0, '0000-00-00', '0000-00-00', ''),
(586, '10586', 15, 1, 'SAREE BROOCH - Y10-27', 'Y10-27', 'PCS', 'B', '4010', '5010', '1510', '5040', '1530', 0, 0, 114, 114, 0, 0, 0, 0, 0, 0, '', 0, 0, '0000-00-00', '0000-00-00', ''),
(587, '10587', 15, 1, 'SAREE BROOCH - Y10-30', 'Y10-30', 'PCS', 'B', '4010', '5010', '1510', '5040', '1530', 0, 0, 76, 76, 0, 0, 0, 0, 0, 0, '', 0, 0, '0000-00-00', '0000-00-00', ''),
(588, '10588', 15, 1, 'SAREE BROOCH - Y10-31', 'Y10-31', 'PCS', 'B', '4010', '5010', '1510', '5040', '1530', 0, 0, 76, 76, 0, 0, 0, 0, 0, 0, '', 0, 0, '0000-00-00', '0000-00-00', ''),
(589, '10589', 15, 1, 'SAREE BROOCH - Y10-32', 'Y10-32', 'PCS', 'B', '4010', '5010', '1510', '5040', '1530', 0, 0, 76, 76, 0, 0, 0, 0, 0, 0, '', 0, 0, '0000-00-00', '0000-00-00', ''),
(590, '10590', 15, 1, 'SAREE BROOCH - Y10-33', 'Y10-33', 'PCS', 'B', '4010', '5010', '1510', '5040', '1530', 0, 0, 76, 76, 0, 0, 0, 0, 0, 0, '', 0, 0, '0000-00-00', '0000-00-00', ''),
(591, '10591', 12, 1, 'HAIR PIN - Y12-1', 'Y12-1', 'PCS', 'B', '4010', '5010', '1510', '5040', '1530', 0, 0, 36.1, 36.1, 0, 0, 0, 0, 0, 0, '', 0, 0, '0000-00-00', '0000-00-00', ''),
(592, '10592', 12, 1, 'HAIR PIN - Y12-2', 'Y12-2', 'PCS', 'B', '4010', '5010', '1510', '5040', '1530', 0, 0, 39.9, 39.9, 0, 0, 0, 0, 0, 0, '', 0, 0, '0000-00-00', '0000-00-00', ''),
(593, '10593', 12, 1, 'HAIR PIN - Y12-3', 'Y12-3', 'PCS', 'B', '4010', '5010', '1510', '5040', '1530', 0, 0, 34.2, 34.2, 0, 0, 0, 0, 0, 0, '', 0, 0, '0000-00-00', '0000-00-00', ''),
(594, '10594', 12, 1, 'HAIR PIN - Y12-4', 'Y12-4', 'PCS', 'B', '4010', '5010', '1510', '5040', '1530', 0, 0, 39.9, 39.9, 0, 0, 0, 0, 0, 0, '', 0, 0, '0000-00-00', '0000-00-00', ''),
(595, '10595', 12, 1, 'HAIR PIN - Y12-5', 'Y12-5', 'PCS', 'B', '4010', '5010', '1510', '5040', '1530', 0, 0, 39.9, 39.9, 0, 0, 0, 0, 0, 0, '', 0, 0, '0000-00-00', '0000-00-00', ''),
(596, '10596', 12, 1, 'HAIR PIN - Y12-7', 'Y12-7', 'PCS', 'B', '4010', '5010', '1510', '5040', '1530', 0, 0, 22.8, 22.8, 0, 0, 0, 0, 0, 0, '', 0, 0, '0000-00-00', '0000-00-00', ''),
(597, '10597', 12, 1, 'HAIR PIN - Y12-9', 'Y12-9', 'PCS', 'B', '4010', '5010', '1510', '5040', '1530', 0, 0, 24.7, 24.7, 0, 0, 0, 0, 0, 0, '', 0, 0, '0000-00-00', '0000-00-00', ''),
(598, '10598', 12, 1, 'HAIR PIN - Y12-10', 'Y12-10', 'PCS', 'B', '4010', '5010', '1510', '5040', '1530', 0, 0, 38, 38, 0, 0, 0, 0, 0, 0, '', 0, 0, '0000-00-00', '0000-00-00', ''),
(599, '10599', 12, 1, 'HAIR PIN - Y12-11', 'Y12-11', 'PCS', 'B', '4010', '5010', '1510', '5040', '1530', 0, 0, 39.9, 39.9, 0, 0, 0, 0, 0, 0, '', 0, 0, '0000-00-00', '0000-00-00', ''),
(600, '10600', 12, 1, 'HAIR PIN - Y12-12', 'Y12-12', 'PCS', 'B', '4010', '5010', '1510', '5040', '1530', 0, 0, 39.9, 39.9, 0, 0, 0, 0, 0, 0, '', 0, 0, '0000-00-00', '0000-00-00', ''),
(601, '10601', 12, 1, 'HAIR PIN - Y12-13', 'Y12-13', 'PCS', 'B', '4010', '5010', '1510', '5040', '1530', 0, 0, 38, 38, 0, 0, 0, 0, 0, 0, '', 0, 0, '0000-00-00', '0000-00-00', ''),
(602, '10602', 12, 1, 'HAIR PIN - Y13-1', 'Y13-1', 'PCS', 'B', '4010', '5010', '1510', '5040', '1530', 0, 0, 39.9, 39.9, 0, 0, 0, 0, 0, 0, '', 0, 0, '0000-00-00', '0000-00-00', ''),
(603, '10603', 12, 1, 'HAIR PIN - Y13-2', 'Y13-2', 'PCS', 'B', '4010', '5010', '1510', '5040', '1530', 0, 0, 39.9, 39.9, 0, 0, 0, 0, 0, 0, '', 0, 0, '0000-00-00', '0000-00-00', ''),
(604, '10604', 12, 1, 'HAIR PIN - Y13-3', 'Y13-3', 'PCS', 'B', '4010', '5010', '1510', '5040', '1530', 0, 0, 39.9, 39.9, 0, 0, 0, 0, 0, 0, '', 0, 0, '0000-00-00', '0000-00-00', ''),
(605, '10605', 12, 1, 'HAIR PIN - Y13-4', 'Y13-4', 'PCS', 'B', '4010', '5010', '1510', '5040', '1530', 0, 0, 39.9, 39.9, 0, 0, 0, 0, 0, 0, '', 0, 0, '0000-00-00', '0000-00-00', ''),
(606, '10606', 12, 1, 'HAIR PIN - Y13-5', 'Y13-5', 'PCS', 'B', '4010', '5010', '1510', '5040', '1530', 0, 0, 39.9, 39.9, 0, 0, 0, 0, 0, 0, '', 0, 0, '0000-00-00', '0000-00-00', ''),
(607, '10607', 12, 1, 'HAIR PIN - Y13-6', 'Y13-6', 'PCS', 'B', '4010', '5010', '1510', '5040', '1530', 0, 0, 39.9, 39.9, 0, 0, 0, 0, 0, 0, '', 0, 0, '0000-00-00', '0000-00-00', ''),
(608, '10608', 12, 1, 'HAIR PIN - Y13-7', 'Y13-7', 'PCS', 'B', '4010', '5010', '1510', '5040', '1530', 0, 0, 39.9, 39.9, 0, 0, 0, 0, 0, 0, '', 0, 0, '0000-00-00', '0000-00-00', ''),
(609, '10609', 12, 1, 'HAIR PIN - Y13-8', 'Y13-8', 'PCS', 'B', '4010', '5010', '1510', '5040', '1530', 0, 0, 39.9, 39.9, 0, 0, 0, 0, 0, 0, '', 0, 0, '0000-00-00', '0000-00-00', ''),
(610, '10610', 12, 1, 'HAIR PIN - Y13-9', 'Y13-9', 'PCS', 'B', '4010', '5010', '1510', '5040', '1530', 0, 0, 51.3, 51.3, 0, 0, 0, 0, 0, 0, '', 0, 0, '0000-00-00', '0000-00-00', ''),
(611, '10611', 12, 1, 'HAIR PIN - Y13-10', 'Y13-10', 'PCS', 'B', '4010', '5010', '1510', '5040', '1530', 0, 0, 51.3, 51.3, 0, 0, 0, 0, 0, 0, '', 0, 0, '0000-00-00', '0000-00-00', ''),
(612, '10612', 12, 1, 'HAIR PIN - Y13-11', 'Y13-11', 'PCS', 'B', '4010', '5010', '1510', '5040', '1530', 0, 0, 51.3, 51.3, 0, 0, 0, 0, 0, 0, '', 0, 0, '0000-00-00', '0000-00-00', ''),
(613, '10613', 12, 1, 'HAIR PIN - Y13-12', 'Y13-12', 'PCS', 'B', '4010', '5010', '1510', '5040', '1530', 0, 0, 51.3, 51.3, 0, 0, 0, 0, 0, 0, '', 0, 0, '0000-00-00', '0000-00-00', ''),
(614, '10614', 12, 1, 'HAIR PIN - Y13-13', 'Y13-13', 'PCS', 'B', '4010', '5010', '1510', '5040', '1530', 0, 0, 39.9, 39.9, 0, 0, 0, 0, 0, 0, '', 0, 0, '0000-00-00', '0000-00-00', ''),
(615, '10615', 12, 1, 'HAIR PIN - Y13-14', 'Y13-14', 'PCS', 'B', '4010', '5010', '1510', '5040', '1530', 0, 0, 39.9, 39.9, 0, 0, 0, 0, 0, 0, '', 0, 0, '0000-00-00', '0000-00-00', ''),
(616, '10616', 12, 1, 'HAIR PIN - Y13-15', 'Y13-15', 'PCS', 'B', '4010', '5010', '1510', '5040', '1530', 0, 0, 53.2, 53.2, 0, 0, 0, 0, 0, 0, '', 0, 0, '0000-00-00', '0000-00-00', ''),
(617, '10617', 12, 1, 'HAIR PIN - Y13-16', 'Y13-16', 'PCS', 'B', '4010', '5010', '1510', '5040', '1530', 0, 0, 53.2, 53.2, 0, 0, 0, 0, 0, 0, '', 0, 0, '0000-00-00', '0000-00-00', ''),
(618, '10618', 12, 1, 'HAIR PIN - Y13-17', 'Y13-17', 'PCS', 'B', '4010', '5010', '1510', '5040', '1530', 0, 0, 53.2, 53.2, 0, 0, 0, 0, 0, 0, '', 0, 0, '0000-00-00', '0000-00-00', ''),
(619, '10619', 12, 1, 'HAIR PIN - Y13-18', 'Y13-18', 'PCS', 'B', '4010', '5010', '1510', '5040', '1530', 0, 0, 47.5, 47.5, 0, 0, 0, 0, 0, 0, '', 0, 0, '0000-00-00', '0000-00-00', ''),
(620, '10620', 12, 1, 'HAIR PIN - Y13-19', 'Y13-19', 'PCS', 'B', '4010', '5010', '1510', '5040', '1530', 0, 0, 72.2, 72.2, 0, 0, 0, 0, 0, 0, '', 0, 0, '0000-00-00', '0000-00-00', ''),
(621, '10621', 12, 1, 'HAIR PIN - Y13-20', 'Y13-20', 'PCS', 'B', '4010', '5010', '1510', '5040', '1530', 0, 0, 57, 57, 0, 0, 0, 0, 0, 0, '', 0, 0, '0000-00-00', '0000-00-00', ''),
(622, '10622', 12, 1, 'HAIR PIN - Y13-22', 'Y13-22', 'PCS', 'B', '4010', '5010', '1510', '5040', '1530', 0, 0, 57, 57, 0, 0, 0, 0, 0, 0, '', 0, 0, '0000-00-00', '0000-00-00', ''),
(623, '10623', 12, 1, 'HAIR PIN - Y13-23', 'Y13-23', 'PCS', 'B', '4010', '5010', '1510', '5040', '1530', 0, 0, 95, 95, 0, 0, 0, 0, 0, 0, '', 0, 0, '0000-00-00', '0000-00-00', ''),
(624, '10624', 12, 1, 'HAIR PIN - Y13-24', 'Y13-24', 'PCS', 'B', '4010', '5010', '1510', '5040', '1530', 0, 0, 24.7, 24.7, 0, 0, 0, 0, 0, 0, '', 0, 0, '0000-00-00', '0000-00-00', ''),
(625, '10625', 12, 1, 'HAIR PIN - Y13-25', 'Y13-25', 'PCS', 'B', '4010', '5010', '1510', '5040', '1530', 0, 0, 13.3, 13.3, 0, 0, 0, 0, 0, 0, '', 0, 0, '0000-00-00', '0000-00-00', ''),
(626, '10626', 12, 1, 'HAIR PIN - Y13-26', 'Y13-26', 'PCS', 'B', '4010', '5010', '1510', '5040', '1530', 0, 0, 13.3, 13.3, 0, 0, 0, 0, 0, 0, '', 0, 0, '0000-00-00', '0000-00-00', ''),
(627, '10627', 12, 1, 'HAIR PIN - Y13-27', 'Y13-27', 'PCS', 'B', '4010', '5010', '1510', '5040', '1530', 0, 0, 13.3, 13.3, 0, 0, 0, 0, 0, 0, '', 0, 0, '0000-00-00', '0000-00-00', ''),
(628, '10628', 12, 1, 'HAIR PIN - Y13-28', 'Y13-28', 'PCS', 'B', '4010', '5010', '1510', '5040', '1530', 0, 0, 15.2, 15.2, 0, 0, 0, 0, 0, 0, '', 0, 0, '0000-00-00', '0000-00-00', ''),
(629, '10629', 12, 1, 'HAIR PIN - Y13-29', 'Y13-29', 'PCS', 'B', '4010', '5010', '1510', '5040', '1530', 0, 0, 15.2, 15.2, 0, 0, 0, 0, 0, 0, '', 0, 0, '0000-00-00', '0000-00-00', ''),
(630, '10630', 12, 1, 'HAIR PIN - Y13-30', 'Y13-30', 'PCS', 'B', '4010', '5010', '1510', '5040', '1530', 0, 0, 15.2, 15.2, 0, 0, 0, 0, 0, 0, '', 0, 0, '0000-00-00', '0000-00-00', ''),
(631, '10631', 12, 1, 'HAIR PIN - Y13-31', 'Y13-31', 'PCS', 'B', '4010', '5010', '1510', '5040', '1530', 0, 0, 15.2, 15.2, 0, 0, 0, 0, 0, 0, '', 0, 0, '0000-00-00', '0000-00-00', ''),
(632, '10632', 12, 1, 'HAIR PIN - Y13-32', 'Y13-32', 'PCS', 'B', '4010', '5010', '1510', '5040', '1530', 0, 0, 15.2, 15.2, 0, 0, 0, 0, 0, 0, '', 0, 0, '0000-00-00', '0000-00-00', ''),
(633, '10633', 12, 1, 'HAIR PIN - Y13-33', 'Y13-33', 'PCS', 'B', '4010', '5010', '1510', '5040', '1530', 0, 0, 15.2, 15.2, 0, 0, 0, 0, 0, 0, '', 0, 0, '0000-00-00', '0000-00-00', ''),
(634, '10634', 12, 1, 'HAIR PIN - Y13-34', 'Y13-34', 'PCS', 'B', '4010', '5010', '1510', '5040', '1530', 0, 0, 15.2, 15.2, 0, 0, 0, 0, 0, 0, '', 0, 0, '0000-00-00', '0000-00-00', ''),
(635, '10635', 12, 1, 'HAIR PIN - Y13-35', 'Y13-35', 'PCS', 'B', '4010', '5010', '1510', '5040', '1530', 0, 0, 15.2, 15.2, 0, 0, 0, 0, 0, 0, '', 0, 0, '0000-00-00', '0000-00-00', ''),
(636, '10636', 12, 1, 'HAIR PIN - Y13-36', 'Y13-36', 'PCS', 'B', '4010', '5010', '1510', '5040', '1530', 0, 0, 57, 57, 0, 0, 0, 0, 0, 0, '', 0, 0, '0000-00-00', '0000-00-00', ''),
(637, '10637', 12, 1, 'HAIR PIN - Y13-37', 'Y13-37', 'PCS', 'B', '4010', '5010', '1510', '5040', '1530', 0, 0, 57, 57, 0, 0, 0, 0, 0, 0, '', 0, 0, '0000-00-00', '0000-00-00', ''),
(638, '10638', 12, 1, 'HAIR PIN - Y13-38', 'Y13-38', 'PCS', 'B', '4010', '5010', '1510', '5040', '1530', 0, 0, 41.8, 41.8, 0, 0, 0, 0, 0, 0, '', 0, 0, '0000-00-00', '0000-00-00', ''),
(639, '10639', 12, 1, 'HAIR PIN - Y13-39', 'Y13-39', 'PCS', 'B', '4010', '5010', '1510', '5040', '1530', 0, 0, 41.8, 41.8, 0, 0, 0, 0, 0, 0, '', 0, 0, '0000-00-00', '0000-00-00', ''),
(640, '10640', 12, 1, 'HAIR PIN - Y13-40', 'Y13-40', 'PCS', 'B', '4010', '5010', '1510', '5040', '1530', 0, 0, 41.8, 41.8, 0, 0, 0, 0, 0, 0, '', 0, 0, '0000-00-00', '0000-00-00', ''),
(641, '10641', 12, 1, 'HAIR PIN - Y13-41', 'Y13-41', 'PCS', 'B', '4010', '5010', '1510', '5040', '1530', 0, 0, 41.8, 41.8, 0, 0, 0, 0, 0, 0, '', 0, 0, '0000-00-00', '0000-00-00', ''),
(642, '10642', 12, 1, 'HAIR PIN - Y13-42', 'Y13-42', 'PCS', 'B', '4010', '5010', '1510', '5040', '1530', 0, 0, 39.9, 39.9, 0, 0, 0, 0, 0, 0, '', 0, 0, '0000-00-00', '0000-00-00', ''),
(643, '10643', 12, 1, 'HAIR PIN - Y13-43', 'Y13-43', 'PCS', 'B', '4010', '5010', '1510', '5040', '1530', 0, 0, 34.2, 34.2, 0, 0, 0, 0, 0, 0, '', 0, 0, '0000-00-00', '0000-00-00', ''),
(644, '10644', 12, 1, 'HAIR PIN - Y13-44', 'Y13-44', 'PCS', 'B', '4010', '5010', '1510', '5040', '1530', 0, 0, 34.2, 34.2, 0, 0, 0, 0, 0, 0, '', 0, 0, '0000-00-00', '0000-00-00', ''),
(645, '10645', 12, 1, 'HAIR PIN - Y13-45', 'Y13-45', 'PCS', 'B', '4010', '5010', '1510', '5040', '1530', 0, 0, 39.9, 39.9, 0, 0, 0, 0, 0, 0, '', 0, 0, '0000-00-00', '0000-00-00', ''),
(646, '10646', 12, 1, 'HAIR PIN - Y13-46', 'Y13-46', 'PCS', 'B', '4010', '5010', '1510', '5040', '1530', 0, 0, 39.9, 39.9, 0, 0, 0, 0, 0, 0, '', 0, 0, '0000-00-00', '0000-00-00', ''),
(647, '10647', 12, 1, 'HAIR PIN - Y13-47', 'Y13-47', 'PCS', 'B', '4010', '5010', '1510', '5040', '1530', 0, 0, 26.6, 26.6, 0, 0, 0, 0, 0, 0, '', 0, 0, '0000-00-00', '0000-00-00', ''),
(648, '10648', 12, 1, 'HAIR PIN - Y13-48', 'Y13-48', 'PCS', 'B', '4010', '5010', '1510', '5040', '1530', 0, 0, 30.4, 30.4, 0, 0, 0, 0, 0, 0, '', 0, 0, '0000-00-00', '0000-00-00', ''),
(649, '10649', 12, 1, 'HAIR PIN - Y13-49', 'Y13-49', 'PCS', 'B', '4010', '5010', '1510', '5040', '1530', 0, 0, 30.4, 30.4, 0, 0, 0, 0, 0, 0, '', 0, 0, '0000-00-00', '0000-00-00', ''),
(650, '10650', 12, 1, 'HAIR PIN - Y13-50', 'Y13-50', 'PCS', 'B', '4010', '5010', '1510', '5040', '1530', 0, 0, 30.4, 30.4, 0, 0, 0, 0, 0, 0, '', 0, 0, '0000-00-00', '0000-00-00', ''),
(651, '10651', 12, 1, 'HAIR PIN - Y13-51', 'Y13-51', 'PCS', 'B', '4010', '5010', '1510', '5040', '1530', 0, 0, 49.4, 49.4, 0, 0, 0, 0, 0, 0, '', 0, 0, '0000-00-00', '0000-00-00', ''),
(652, '10652', 12, 1, 'HAIR PIN - Y13-52', 'Y13-52', 'PCS', 'B', '4010', '5010', '1510', '5040', '1530', 0, 0, 45.6, 45.6, 0, 0, 0, 0, 0, 0, '', 0, 0, '0000-00-00', '0000-00-00', ''),
(653, '10653', 12, 1, 'HAIR PIN - Y13-53', 'Y13-53', 'PCS', 'B', '4010', '5010', '1510', '5040', '1530', 0, 0, 45.6, 45.6, 0, 0, 0, 0, 0, 0, '', 0, 0, '0000-00-00', '0000-00-00', ''),
(654, '10654', 12, 1, 'HAIR PIN - Y13-54', 'Y13-54', 'PCS', 'B', '4010', '5010', '1510', '5040', '1530', 0, 0, 45.6, 45.6, 0, 0, 0, 0, 0, 0, '', 0, 0, '0000-00-00', '0000-00-00', ''),
(655, '10655', 12, 1, 'HAIR PIN - Y13-55', 'Y13-55', 'PCS', 'B', '4010', '5010', '1510', '5040', '1530', 0, 0, 45.6, 45.6, 0, 0, 0, 0, 0, 0, '', 0, 0, '0000-00-00', '0000-00-00', ''),
(656, '10656', 12, 1, 'HAIR PIN - Y13-56', 'Y13-56', 'PCS', 'B', '4010', '5010', '1510', '5040', '1530', 0, 0, 45.6, 45.6, 0, 0, 0, 0, 0, 0, '', 0, 0, '0000-00-00', '0000-00-00', ''),
(657, '10657', 12, 1, 'HAIR PIN - Y13-57', 'Y13-57', 'PCS', 'B', '4010', '5010', '1510', '5040', '1530', 0, 0, 57, 57, 0, 0, 0, 0, 0, 0, '', 0, 0, '0000-00-00', '0000-00-00', ''),
(658, '10658', 12, 1, 'HAIR PIN - Y13-58', 'Y13-58', 'PCS', 'B', '4010', '5010', '1510', '5040', '1530', 0, 0, 45.6, 45.6, 0, 0, 0, 0, 0, 0, '', 0, 0, '0000-00-00', '0000-00-00', ''),
(659, '10659', 12, 1, 'HAIR PIN - Y13-59', 'Y13-59', 'PCS', 'B', '4010', '5010', '1510', '5040', '1530', 0, 0, 45.6, 45.6, 0, 0, 0, 0, 0, 0, '', 0, 0, '0000-00-00', '0000-00-00', ''),
(660, '10660', 12, 1, 'HAIR PIN - Y13-60', 'Y13-60', 'PCS', 'B', '4010', '5010', '1510', '5040', '1530', 0, 0, 45.6, 45.6, 0, 0, 0, 0, 0, 0, '', 0, 0, '0000-00-00', '0000-00-00', ''),
(661, '10661', 12, 1, 'HAIR PIN - Y13-61', 'Y13-61', 'PCS', 'B', '4010', '5010', '1510', '5040', '1530', 0, 0, 53.2, 53.2, 0, 0, 0, 0, 0, 0, '', 0, 0, '0000-00-00', '0000-00-00', ''),
(662, '10662', 12, 1, 'HAIR PIN - Y13-62', 'Y13-62', 'PCS', 'B', '4010', '5010', '1510', '5040', '1530', 0, 0, 79.8, 79.8, 0, 0, 0, 0, 0, 0, '', 0, 0, '0000-00-00', '0000-00-00', ''),
(663, '10663', 4, 1, 'BEACH BAG - Y14-1', 'Y14-1', 'PCS', 'B', '4010', '5010', '1510', '5040', '1530', 0, 0, 323, 323, 0, 0, 0, 0, 0, 0, '', 0, 0, '0000-00-00', '0000-00-00', ''),
(664, '10664', 4, 1, 'BEACH BAG - Y14-2', 'Y14-2', 'PCS', 'B', '4010', '5010', '1510', '5040', '1530', 0, 0, 323, 323, 0, 0, 0, 0, 0, 0, '', 0, 0, '0000-00-00', '0000-00-00', ''),
(665, '10665', 4, 1, 'BEACH BAG - Y14-3', 'Y14-3', 'PCS', 'B', '4010', '5010', '1510', '5040', '1530', 0, 0, 323, 323, 0, 0, 0, 0, 0, 0, '', 0, 0, '0000-00-00', '0000-00-00', ''),
(666, '10666', 4, 1, 'BEACH BAG - Y14-5', 'Y14-5', 'PCS', 'B', '4010', '5010', '1510', '5040', '1530', 0, 0, 323, 323, 0, 0, 0, 0, 0, 0, '', 0, 0, '0000-00-00', '0000-00-00', ''),
(667, '10667', 4, 1, 'BEACH BAG - Y14-6', 'Y14-6', 'PCS', 'B', '4010', '5010', '1510', '5040', '1530', 0, 0, 323, 323, 0, 0, 0, 0, 0, 0, '', 0, 0, '0000-00-00', '0000-00-00', ''),
(668, '10668', 4, 1, 'BEACH BAG - Y14-7', 'Y14-7', 'PCS', 'B', '4010', '5010', '1510', '5040', '1530', 0, 0, 323, 323, 0, 0, 0, 0, 0, 0, '', 0, 0, '0000-00-00', '0000-00-00', ''),
(669, '10669', 4, 1, 'BEACH BAG - Y14-8', 'Y14-8', 'PCS', 'B', '4010', '5010', '1510', '5040', '1530', 0, 0, 323, 323, 0, 0, 0, 0, 0, 0, '', 0, 0, '0000-00-00', '0000-00-00', ''),
(670, '10670', 4, 1, 'BEACH BAG - Y14-9', 'Y14-9', 'PCS', 'B', '4010', '5010', '1510', '5040', '1530', 0, 0, 323, 323, 0, 0, 0, 0, 0, 0, '', 0, 0, '0000-00-00', '0000-00-00', ''),
(671, '10671', 4, 1, 'BEACH BAG - Y14-10', 'Y14-10', 'PCS', 'B', '4010', '5010', '1510', '5040', '1530', 0, 0, 323, 323, 0, 0, 0, 0, 0, 0, '', 0, 0, '0000-00-00', '0000-00-00', ''),
(672, '10672', 4, 1, 'BEACH BAG - Y14-11', 'Y14-11', 'PCS', 'B', '4010', '5010', '1510', '5040', '1530', 0, 0, 323, 323, 0, 0, 0, 0, 0, 0, '', 0, 0, '0000-00-00', '0000-00-00', ''),
(673, '10673', 4, 1, 'BEACH BAG - Y14-13', 'Y14-13', 'PCS', 'B', '4010', '5010', '1510', '5040', '1530', 0, 0, 323, 323, 0, 0, 0, 0, 0, 0, '', 0, 0, '0000-00-00', '0000-00-00', ''),
(674, '10674', 4, 1, 'BEACH BAG - Y14-14', 'Y14-14', 'PCS', 'B', '4010', '5010', '1510', '5040', '1530', 0, 0, 323, 323, 0, 0, 0, 0, 0, 0, '', 0, 0, '0000-00-00', '0000-00-00', ''),
(675, '10675', 4, 1, 'BEACH BAG - Y14-15', 'Y14-15', 'PCS', 'B', '4010', '5010', '1510', '5040', '1530', 0, 0, 323, 323, 0, 0, 0, 0, 0, 0, '', 0, 0, '0000-00-00', '0000-00-00', ''),
(676, '10676', 4, 1, 'BEACH BAG - Y14-16', 'Y14-16', 'PCS', 'B', '4010', '5010', '1510', '5040', '1530', 0, 0, 323, 323, 0, 0, 0, 0, 0, 0, '', 0, 0, '0000-00-00', '0000-00-00', ''),
(677, '10677', 4, 1, 'BEACH BAG - Y14-17', 'Y14-17', 'PCS', 'B', '4010', '5010', '1510', '5040', '1530', 0, 0, 323, 323, 0, 0, 0, 0, 0, 0, '', 0, 0, '0000-00-00', '0000-00-00', ''),
(678, '10678', 4, 1, 'BEACH BAG - Y14-18', 'Y14-18', 'PCS', 'B', '4010', '5010', '1510', '5040', '1530', 0, 0, 323, 323, 0, 0, 0, 0, 0, 0, '', 0, 0, '0000-00-00', '0000-00-00', ''),
(679, '10679', 4, 1, 'BEACH BAG - Y14-19', 'Y14-19', 'PCS', 'B', '4010', '5010', '1510', '5040', '1530', 0, 0, 323, 323, 0, 0, 0, 0, 0, 0, '', 0, 0, '0000-00-00', '0000-00-00', ''),
(680, '10680', 4, 1, 'BEACH BAG - Y14-20', 'Y14-20', 'PCS', 'B', '4010', '5010', '1510', '5040', '1530', 0, 0, 323, 323, 0, 0, 0, 0, 0, 0, '', 0, 0, '0000-00-00', '0000-00-00', ''),
(681, '10681', 4, 1, 'BEACH BAG - Y14-21', 'Y14-21', 'PCS', 'B', '4010', '5010', '1510', '5040', '1530', 0, 0, 323, 323, 0, 0, 0, 0, 0, 0, '', 0, 0, '0000-00-00', '0000-00-00', ''),
(682, '10682', 4, 1, 'BEACH BAG - Y14-23', 'Y14-23', 'PCS', 'B', '4010', '5010', '1510', '5040', '1530', 0, 0, 323, 323, 0, 0, 0, 0, 0, 0, '', 0, 0, '0000-00-00', '0000-00-00', ''),
(683, '10683', 4, 1, 'BEACH BAG - Y14-25', 'Y14-25', 'PCS', 'B', '4010', '5010', '1510', '5040', '1530', 0, 0, 323, 323, 0, 0, 0, 0, 0, 0, '', 0, 0, '0000-00-00', '0000-00-00', ''),
(684, '10684', 4, 1, 'BEACH BAG - Y14-27', 'Y14-27', 'PCS', 'B', '4010', '5010', '1510', '5040', '1530', 0, 0, 323, 323, 0, 0, 0, 0, 0, 0, '', 0, 0, '0000-00-00', '0000-00-00', ''),
(685, '10685', 4, 1, 'BEACH BAG - Y14-28', 'Y14-28', 'PCS', 'B', '4010', '5010', '1510', '5040', '1530', 0, 0, 323, 323, 0, 0, 0, 0, 0, 0, '', 0, 0, '0000-00-00', '0000-00-00', ''),
(686, '10686', 4, 1, 'BEACH BAG - Y14-29', 'Y14-29', 'PCS', 'B', '4010', '5010', '1510', '5040', '1530', 0, 0, 323, 323, 0, 0, 0, 0, 0, 0, '', 0, 0, '0000-00-00', '0000-00-00', ''),
(687, '10687', 4, 1, 'BEACH BAG - Y14-31', 'Y14-31', 'PCS', 'B', '4010', '5010', '1510', '5040', '1530', 0, 0, 323, 323, 0, 0, 0, 0, 0, 0, '', 0, 0, '0000-00-00', '0000-00-00', ''),
(688, '10688', 4, 1, 'BEACH BAG - Y14-32', 'Y14-32', 'PCS', 'B', '4010', '5010', '1510', '5040', '1530', 0, 0, 323, 323, 0, 0, 0, 0, 0, 0, '', 0, 0, '0000-00-00', '0000-00-00', ''),
(689, '10689', 4, 1, 'BEACH BAG - Y14-33', 'Y14-33', 'PCS', 'B', '4010', '5010', '1510', '5040', '1530', 0, 0, 323, 323, 0, 0, 0, 0, 0, 0, '', 0, 0, '0000-00-00', '0000-00-00', ''),
(690, '10690', 4, 1, 'BEACH BAG - Y14-34', 'Y14-34', 'PCS', 'B', '4010', '5010', '1510', '5040', '1530', 0, 0, 323, 323, 0, 0, 0, 0, 0, 0, '', 0, 0, '0000-00-00', '0000-00-00', ''),
(691, '10691', 4, 1, 'BEACH BAG - Y14-36', 'Y14-36', 'PCS', 'B', '4010', '5010', '1510', '5040', '1530', 0, 0, 323, 323, 0, 0, 0, 0, 0, 0, '', 0, 0, '0000-00-00', '0000-00-00', ''),
(692, '10692', 4, 1, 'BEACH BAG - Y14-37', 'Y14-37', 'PCS', 'B', '4010', '5010', '1510', '5040', '1530', 0, 0, 323, 323, 0, 0, 0, 0, 0, 0, '', 0, 0, '0000-00-00', '0000-00-00', ''),
(693, '10693', 4, 1, 'BEACH BAG - Y14-38', 'Y14-38', 'PCS', 'B', '4010', '5010', '1510', '5040', '1530', 0, 0, 323, 323, 0, 0, 0, 0, 0, 0, '', 0, 0, '0000-00-00', '0000-00-00', ''),
(694, '10694', 4, 1, 'BEACH BAG - Y14-40', 'Y14-40', 'PCS', 'B', '4010', '5010', '1510', '5040', '1530', 0, 0, 323, 323, 0, 0, 0, 0, 0, 0, '', 0, 0, '0000-00-00', '0000-00-00', ''),
(695, '10695', 4, 1, 'BEACH BAG - Y14-41', 'Y14-41', 'PCS', 'B', '4010', '5010', '1510', '5040', '1530', 0, 0, 323, 323, 0, 0, 0, 0, 0, 0, '', 0, 0, '0000-00-00', '0000-00-00', ''),
(696, '10696', 4, 1, 'BEACH BAG - Y14-45', 'Y14-45', 'PCS', 'B', '4010', '5010', '1510', '5040', '1530', 0, 0, 323, 323, 0, 0, 0, 0, 0, 0, '', 0, 0, '0000-00-00', '0000-00-00', ''),
(697, '10697', 4, 1, 'BEACH BAG - Y14-47', 'Y14-47', 'PCS', 'B', '4010', '5010', '1510', '5040', '1530', 0, 0, 323, 323, 0, 0, 0, 0, 0, 0, '', 0, 0, '0000-00-00', '0000-00-00', ''),
(698, '10698', 4, 1, 'BEACH BAG - Y14-53', 'Y14-53', 'PCS', 'B', '4010', '5010', '1510', '5040', '1530', 0, 0, 323, 323, 0, 0, 0, 0, 0, 0, '', 0, 0, '0000-00-00', '0000-00-00', ''),
(699, '10699', 4, 1, 'BEACH BAG - Y14-55', 'Y14-55', 'PCS', 'B', '4010', '5010', '1510', '5040', '1530', 0, 0, 323, 323, 0, 0, 0, 0, 0, 0, '', 0, 0, '0000-00-00', '0000-00-00', ''),
(700, '10700', 1, 1, 'HAND BAG - Y15-2', 'Y15-2', 'PCS', 'B', '4010', '5010', '1510', '5040', '1530', 0, 0, 1330, 1330, 0, 0, 0, 0, 0, 0, '', 0, 0, '0000-00-00', '0000-00-00', ''),
(701, '10701', 1, 1, 'HAND BAG - Y15-3', 'Y15-3', 'PCS', 'B', '4010', '5010', '1510', '5040', '1530', 0, 0, 2090, 2090, 0, 0, 0, 0, 0, 0, '', 0, 0, '0000-00-00', '0000-00-00', ''),
(702, '10702', 1, 1, 'HAND BAG - Y15-8', 'Y15-8', 'PCS', 'B', '4010', '5010', '1510', '5040', '1530', 0, 0, 1824, 1824, 0, 0, 0, 0, 0, 0, '', 0, 0, '0000-00-00', '0000-00-00', ''),
(703, '10703', 1, 1, 'HAND BAG - Y15-9', 'Y15-9', 'PCS', 'B', '4010', '5010', '1510', '5040', '1530', 0, 0, 1748, 1748, 0, 0, 0, 0, 0, 0, '', 0, 0, '0000-00-00', '0000-00-00', ''),
(704, '10704', 5, 1, 'BAGPACK - Y16-1', 'Y16-1', 'PCS', 'B', '4010', '5010', '1510', '5040', '1530', 0, 0, 760, 760, 0, 0, 0, 0, 0, 0, '', 0, 0, '0000-00-00', '0000-00-00', ''),
(705, '10705', 5, 1, 'BAGPACK - Y16-2', 'Y16-2', 'PCS', 'B', '4010', '5010', '1510', '5040', '1530', 0, 0, 760, 760, 0, 0, 0, 0, 0, 0, '', 0, 0, '0000-00-00', '0000-00-00', ''),
(706, '10706', 5, 1, 'BAGPACK - Y16-3', 'Y16-3', 'PCS', 'B', '4010', '5010', '1510', '5040', '1530', 0, 0, 646, 646, 0, 0, 0, 0, 0, 0, '', 0, 0, '0000-00-00', '0000-00-00', ''),
(707, '10707', 5, 1, 'BAGPACK - Y16-4', 'Y16-4', 'PCS', 'B', '4010', '5010', '1510', '5040', '1530', 0, 0, 627, 627, 0, 0, 0, 0, 0, 0, '', 0, 0, '0000-00-00', '0000-00-00', ''),
(708, '10708', 5, 1, 'BAGPACK - Y16-5', 'Y16-5', 'PCS', 'B', '4010', '5010', '1510', '5040', '1530', 0, 0, 760, 760, 0, 0, 0, 0, 0, 0, '', 0, 0, '0000-00-00', '0000-00-00', ''),
(709, '10709', 5, 1, 'BAGPACK - Y16-6', 'Y16-6', 'PCS', 'B', '4010', '5010', '1510', '5040', '1530', 0, 0, 760, 760, 0, 0, 0, 0, 0, 0, '', 0, 0, '0000-00-00', '0000-00-00', ''),
(710, '10710', 5, 1, 'BAGPACK - Y16-7', 'Y16-7', 'PCS', 'B', '4010', '5010', '1510', '5040', '1530', 0, 0, 760, 760, 0, 0, 0, 0, 0, 0, '', 0, 0, '0000-00-00', '0000-00-00', ''),
(711, '10711', 39, 1, 'SIDE PURSE - Y17-1', 'Y17-1', 'PCS', 'B', '4010', '5010', '1510', '5040', '1530', 0, 0, 437, 437, 0, 0, 0, 0, 0, 0, '', 0, 0, '0000-00-00', '0000-00-00', ''),
(712, '10712', 39, 1, 'SIDE PURSE - Y17-2', 'Y17-2', 'PCS', 'B', '4010', '5010', '1510', '5040', '1530', 0, 0, 437, 437, 0, 0, 0, 0, 0, 0, '', 0, 0, '0000-00-00', '0000-00-00', ''),
(713, '10713', 39, 1, 'SIDE PURSE - Y17-4', 'Y17-4', 'PCS', 'B', '4010', '5010', '1510', '5040', '1530', 0, 0, 437, 437, 0, 0, 0, 0, 0, 0, '', 0, 0, '0000-00-00', '0000-00-00', ''),
(714, '10714', 39, 1, 'SIDE PURSE - Y17-5', 'Y17-5', 'PCS', 'B', '4010', '5010', '1510', '5040', '1530', 0, 0, 437, 437, 0, 0, 0, 0, 0, 0, '', 0, 0, '0000-00-00', '0000-00-00', ''),
(715, '10715', 39, 1, 'SIDE PURSE - Y17-6', 'Y17-6', 'PCS', 'B', '4010', '5010', '1510', '5040', '1530', 0, 0, 437, 437, 0, 0, 0, 0, 0, 0, '', 0, 0, '0000-00-00', '0000-00-00', ''),
(716, '10716', 39, 1, 'SIDE PURSE - Y17-7', 'Y17-7', 'PCS', 'B', '4010', '5010', '1510', '5040', '1530', 0, 0, 437, 437, 0, 0, 0, 0, 0, 0, '', 0, 0, '0000-00-00', '0000-00-00', ''),
(717, '10717', 39, 1, 'SIDE PURSE - Y17-8', 'Y17-8', 'PCS', 'B', '4010', '5010', '1510', '5040', '1530', 0, 0, 437, 437, 0, 0, 0, 0, 0, 0, '', 0, 0, '0000-00-00', '0000-00-00', ''),
(718, '10718', 39, 1, 'SIDE PURSE - Y17-10', 'Y17-10', 'PCS', 'B', '4010', '5010', '1510', '5040', '1530', 0, 0, 437, 437, 0, 0, 0, 0, 0, 0, '', 0, 0, '0000-00-00', '0000-00-00', ''),
(719, '10719', 39, 1, 'SIDE PURSE - Y17-11', 'Y17-11', 'PCS', 'B', '4010', '5010', '1510', '5040', '1530', 0, 0, 437, 437, 0, 0, 0, 0, 0, 0, '', 0, 0, '0000-00-00', '0000-00-00', ''),
(720, '10720', 39, 1, 'SIDE PURSE - Y17-14', 'Y17-14', 'PCS', 'B', '4010', '5010', '1510', '5040', '1530', 0, 0, 1064, 1064, 0, 0, 0, 0, 0, 0, '', 0, 0, '0000-00-00', '0000-00-00', ''),
(721, '10721', 39, 1, 'SIDE PURSE - Y17-17', 'Y17-17', 'PCS', 'B', '4010', '5010', '1510', '5040', '1530', 0, 0, 1178, 1178, 0, 0, 0, 0, 0, 0, '', 0, 0, '0000-00-00', '0000-00-00', ''),
(722, '10722', 39, 1, 'SIDE PURSE - Y17-19', 'Y17-19', 'PCS', 'B', '4010', '5010', '1510', '5040', '1530', 0, 0, 1026, 1026, 0, 0, 0, 0, 0, 0, '', 0, 0, '0000-00-00', '0000-00-00', ''),
(723, '10723', 39, 1, 'SIDE PURSE - Y17-20', 'Y17-20', 'PCS', 'B', '4010', '5010', '1510', '5040', '1530', 0, 0, 608, 608, 0, 0, 0, 0, 0, 0, '', 0, 0, '0000-00-00', '0000-00-00', ''),
(724, '10724', 2, 1, 'LADIES PURSE - Y19-3', 'Y19-3', 'PCS', 'B', '4010', '5010', '1510', '5040', '1530', 0, 0, 342, 342, 0, 0, 0, 0, 0, 0, '', 0, 0, '0000-00-00', '0000-00-00', ''),
(725, '10725', 2, 1, 'LADIES PURSE - Y19-7', 'Y19-7', 'PCS', 'B', '4010', '5010', '1510', '5040', '1530', 0, 0, 475, 475, 0, 0, 0, 0, 0, 0, '', 0, 0, '0000-00-00', '0000-00-00', ''),
(726, '10726', 2, 1, 'LADIES PURSE - Y19-8', 'Y19-8', 'PCS', 'B', '4010', '5010', '1510', '5040', '1530', 0, 0, 475, 475, 0, 0, 0, 0, 0, 0, '', 0, 0, '0000-00-00', '0000-00-00', ''),
(727, '10727', 2, 1, 'LADIES PURSE - Y19-9', 'Y19-9', 'PCS', 'B', '4010', '5010', '1510', '5040', '1530', 0, 0, 494, 494, 0, 0, 0, 0, 0, 0, '', 0, 0, '0000-00-00', '0000-00-00', ''),
(728, '10728', 2, 1, 'LADIES PURSE - Y19-10', 'Y19-10', 'PCS', 'B', '4010', '5010', '1510', '5040', '1530', 0, 0, 418, 418, 0, 0, 0, 0, 0, 0, '', 0, 0, '0000-00-00', '0000-00-00', ''),
(729, '10729', 2, 1, 'LADIES PURSE - Y19-11', 'Y19-11', 'PCS', 'B', '4010', '5010', '1510', '5040', '1530', 0, 0, 475, 475, 0, 0, 0, 0, 0, 0, '', 0, 0, '0000-00-00', '0000-00-00', ''),
(730, '10730', 2, 1, 'LADIES PURSE - Y19-12', 'Y19-12', 'PCS', 'B', '4010', '5010', '1510', '5040', '1530', 0, 0, 342, 342, 0, 0, 0, 0, 0, 0, '', 0, 0, '0000-00-00', '0000-00-00', ''),
(731, '10731', 2, 1, 'LADIES PURSE - Y19-14', 'Y19-14', 'PCS', 'B', '4010', '5010', '1510', '5040', '1530', 0, 0, 334.4, 334.4, 0, 0, 0, 0, 0, 0, '', 0, 0, '0000-00-00', '0000-00-00', ''),
(732, '10732', 2, 1, 'LADIES PURSE - Y19-16', 'Y19-16', 'PCS', 'B', '4010', '5010', '1510', '5040', '1530', 0, 0, 475, 475, 0, 0, 0, 0, 0, 0, '', 0, 0, '0000-00-00', '0000-00-00', ''),
(733, '10733', 2, 1, 'LADIES PURSE - Y19-17', 'Y19-17', 'PCS', 'B', '4010', '5010', '1510', '5040', '1530', 0, 0, 494, 494, 0, 0, 0, 0, 0, 0, '', 0, 0, '0000-00-00', '0000-00-00', ''),
(734, '10734', 2, 1, 'LADIES PURSE - Y19-18', 'Y19-18', 'PCS', 'B', '4010', '5010', '1510', '5040', '1530', 0, 0, 475, 475, 0, 0, 0, 0, 0, 0, '', 0, 0, '0000-00-00', '0000-00-00', ''),
(735, '10735', 2, 1, 'LADIES PURSE - Y19-19', 'Y19-19', 'PCS', 'B', '4010', '5010', '1510', '5040', '1530', 0, 0, 456, 456, 0, 0, 0, 0, 0, 0, '', 0, 0, '0000-00-00', '0000-00-00', ''),
(736, '10736', 2, 1, 'LADIES PURSE - Y19-20', 'Y19-20', 'PCS', 'B', '4010', '5010', '1510', '5040', '1530', 0, 0, 494, 494, 0, 0, 0, 0, 0, 0, '', 0, 0, '0000-00-00', '0000-00-00', ''),
(737, '10737', 2, 1, 'LADIES PURSE - Y19-21', 'Y19-21', 'PCS', 'B', '4010', '5010', '1510', '5040', '1530', 0, 0, 513, 513, 0, 0, 0, 0, 0, 0, '', 0, 0, '0000-00-00', '0000-00-00', ''),
(738, '10738', 2, 1, 'LADIES PURSE - Y19-22', 'Y19-22', 'PCS', 'B', '4010', '5010', '1510', '5040', '1530', 0, 0, 437, 437, 0, 0, 0, 0, 0, 0, '', 0, 0, '0000-00-00', '0000-00-00', ''),
(739, '10739', 2, 1, 'LADIES PURSE - Y19-23', 'Y19-23', 'PCS', 'B', '4010', '5010', '1510', '5040', '1530', 0, 0, 418, 418, 0, 0, 0, 0, 0, 0, '', 0, 0, '0000-00-00', '0000-00-00', ''),
(740, '10740', 2, 1, 'LADIES PURSE - Y19-24', 'Y19-24', 'PCS', 'B', '4010', '5010', '1510', '5040', '1530', 0, 0, 494, 494, 0, 0, 0, 0, 0, 0, '', 0, 0, '0000-00-00', '0000-00-00', ''),
(741, '10741', 2, 1, 'LADIES PURSE - Y19-25', 'Y19-25', 'PCS', 'B', '4010', '5010', '1510', '5040', '1530', 0, 0, 513, 513, 0, 0, 0, 0, 0, 0, '', 0, 0, '0000-00-00', '0000-00-00', ''),
(742, '10742', 2, 1, 'LADIES PURSE - Y19-26', 'Y19-26', 'PCS', 'B', '4010', '5010', '1510', '5040', '1530', 0, 0, 570, 570, 0, 0, 0, 0, 0, 0, '', 0, 0, '0000-00-00', '0000-00-00', ''),
(743, '10743', 23, 1, 'GENTS PURSE - Y19-27', 'Y19-27', 'PCS', 'B', '4010', '5010', '1510', '5040', '1530', 0, 0, 1444, 1444, 0, 0, 0, 0, 0, 0, '', 0, 0, '0000-00-00', '0000-00-00', ''),
(744, '10744', 23, 1, 'GENTS PURSE - Y19-28', 'Y19-28', 'PCS', 'B', '4010', '5010', '1510', '5040', '1530', 0, 0, 1444, 1444, 0, 0, 0, 0, 0, 0, '', 0, 0, '0000-00-00', '0000-00-00', ''),
(745, '10745', 23, 1, 'GENTS PURSE - Y19-29', 'Y19-29', 'PCS', 'B', '4010', '5010', '1510', '5040', '1530', 0, 0, 988, 988, 0, 0, 0, 0, 0, 0, '', 0, 0, '0000-00-00', '0000-00-00', ''),
(746, '10746', 23, 1, 'GENTS PURSE - Y19-30', 'Y19-30', 'PCS', 'B', '4010', '5010', '1510', '5040', '1530', 0, 0, 684, 684, 0, 0, 0, 0, 0, 0, '', 0, 0, '0000-00-00', '0000-00-00', ''),
(747, '10747', 23, 1, 'GENTS PURSE - Y19-31', 'Y19-31', 'PCS', 'B', '4010', '5010', '1510', '5040', '1530', 0, 0, 1330, 1330, 0, 0, 0, 0, 0, 0, '', 0, 0, '0000-00-00', '0000-00-00', ''),
(748, '10748', 23, 1, 'GENTS PURSE - Y19-32', 'Y19-32', 'PCS', 'B', '4010', '5010', '1510', '5040', '1530', 0, 0, 1482, 1482, 0, 0, 0, 0, 0, 0, '', 0, 0, '0000-00-00', '0000-00-00', ''),
(749, '10749', 23, 1, 'GENTS PURSE - Y19-33', 'Y19-33', 'PCS', 'B', '4010', '5010', '1510', '5040', '1530', 0, 0, 608, 608, 0, 0, 0, 0, 0, 0, '', 0, 0, '0000-00-00', '0000-00-00', ''),
(750, '10750', 23, 1, 'GENTS PURSE - Y19-34', 'Y19-34', 'PCS', 'B', '4010', '5010', '1510', '5040', '1530', 0, 0, 418, 418, 0, 0, 0, 0, 0, 0, '', 0, 0, '0000-00-00', '0000-00-00', ''),
(751, '10751', 23, 1, 'GENTS PURSE - Y19-36', 'Y19-36', 'PCS', 'B', '4010', '5010', '1510', '5040', '1530', 0, 0, 418, 418, 0, 0, 0, 0, 0, 0, '', 0, 0, '0000-00-00', '0000-00-00', ''),
(752, '10752', 23, 1, 'GENTS PURSE - Y19-37', 'Y19-37', 'PCS', 'B', '4010', '5010', '1510', '5040', '1530', 0, 0, 418, 418, 0, 0, 0, 0, 0, 0, '', 0, 0, '0000-00-00', '0000-00-00', ''),
(753, '10753', 23, 1, 'GENTS PURSE - Y19-38', 'Y19-38', 'PCS', 'B', '4010', '5010', '1510', '5040', '1530', 0, 0, 418, 418, 0, 0, 0, 0, 0, 0, '', 0, 0, '0000-00-00', '0000-00-00', ''),
(754, '10754', 23, 1, 'GENTS PURSE - Y19-40', 'Y19-40', 'PCS', 'B', '4010', '5010', '1510', '5040', '1530', 0, 0, 418, 418, 0, 0, 0, 0, 0, 0, '', 0, 0, '0000-00-00', '0000-00-00', ''),
(755, '10755', 23, 1, 'GENTS PURSE - Y19-46', 'Y19-46', 'PCS', 'B', '4010', '5010', '1510', '5040', '1530', 0, 0, 456, 456, 0, 0, 0, 0, 0, 0, '', 0, 0, '0000-00-00', '0000-00-00', ''),
(756, '10756', 23, 1, 'GENTS PURSE - Y19-49', 'Y19-49', 'PCS', 'B', '4010', '5010', '1510', '5040', '1530', 0, 0, 456, 456, 0, 0, 0, 0, 0, 0, '', 0, 0, '0000-00-00', '0000-00-00', ''),
(757, '10757', 23, 1, 'GENTS PURSE - Y19-50', 'Y19-50', 'PCS', 'B', '4010', '5010', '1510', '5040', '1530', 0, 0, 456, 456, 0, 0, 0, 0, 0, 0, '', 0, 0, '0000-00-00', '0000-00-00', ''),
(758, '10758', 23, 1, 'GENTS PURSE - Y19-51', 'Y19-51', 'PCS', 'B', '4010', '5010', '1510', '5040', '1530', 0, 0, 361, 361, 0, 0, 0, 0, 0, 0, '', 0, 0, '0000-00-00', '0000-00-00', ''),
(759, '10759', 39, 1, 'SIDE PURSE - Y19-66', 'Y19-66', 'PCS', 'B', '4010', '5010', '1510', '5040', '1530', 0, 0, 627, 627, 0, 0, 0, 0, 0, 0, '', 0, 0, '0000-00-00', '0000-00-00', ''),
(760, '10760', 39, 1, 'SIDE PURSE - Y19-67', 'Y19-67', 'PCS', 'B', '4010', '5010', '1510', '5040', '1530', 0, 0, 950, 950, 0, 0, 0, 0, 0, 0, '', 0, 0, '0000-00-00', '0000-00-00', ''),
(761, '10761', 39, 1, 'SIDE PURSE - Y19-68', 'Y19-68', 'PCS', 'B', '4010', '5010', '1510', '5040', '1530', 0, 0, 570, 570, 0, 0, 0, 0, 0, 0, '', 0, 0, '0000-00-00', '0000-00-00', ''),
(762, '10762', 39, 1, 'SIDE PURSE - Y19-69', 'Y19-69', 'PCS', 'B', '4010', '5010', '1510', '5040', '1530', 0, 0, 912, 912, 0, 0, 0, 0, 0, 0, '', 0, 0, '0000-00-00', '0000-00-00', ''),
(763, '10763', 39, 1, 'SIDE PURSE - Y19-70', 'Y19-70', 'PCS', 'B', '4010', '5010', '1510', '5040', '1530', 0, 0, 570, 570, 0, 0, 0, 0, 0, 0, '', 0, 0, '0000-00-00', '0000-00-00', ''),
(764, '10764', 39, 1, 'SIDE PURSE - Y19-71', 'Y19-71', 'PCS', 'B', '4010', '5010', '1510', '5040', '1530', 0, 0, 570, 570, 0, 0, 0, 0, 0, 0, '', 0, 0, '0000-00-00', '0000-00-00', ''),
(765, '10765', 32, 1, 'KEY TAG - Y22-2', 'Y22-2', 'PCS', 'B', '4010', '5010', '1510', '5040', '1530', 0, 0, 171, 171, 0, 0, 0, 0, 0, 0, '', 0, 0, '0000-00-00', '0000-00-00', ''),
(766, '10766', 32, 1, 'KEY TAG - Y22-3', 'Y22-3', 'PCS', 'B', '4010', '5010', '1510', '5040', '1530', 0, 0, 114, 114, 0, 0, 0, 0, 0, 0, '', 0, 0, '0000-00-00', '0000-00-00', ''),
(767, '10767', 32, 1, 'KEY TAG - Y22-4', 'Y22-4', 'PCS', 'B', '4010', '5010', '1510', '5040', '1530', 0, 0, 133, 133, 0, 0, 0, 0, 0, 0, '', 0, 0, '0000-00-00', '0000-00-00', ''),
(768, '10768', 32, 1, 'KEY TAG - Y22-5', 'Y22-5', 'PCS', 'B', '4010', '5010', '1510', '5040', '1530', 0, 0, 190, 190, 0, 0, 0, 0, 0, 0, '', 0, 0, '0000-00-00', '0000-00-00', ''),
(769, '10769', 32, 1, 'KEY TAG - Y22-7', 'Y22-7', 'PCS', 'B', '4010', '5010', '1510', '5040', '1530', 0, 0, 133, 133, 0, 0, 0, 0, 0, 0, '', 0, 0, '0000-00-00', '0000-00-00', ''),
(770, '10770', 32, 1, 'KEY TAG - Y22-8', 'Y22-8', 'PCS', 'B', '4010', '5010', '1510', '5040', '1530', 0, 0, 34.2, 34.2, 0, 0, 0, 0, 0, 0, '', 0, 0, '0000-00-00', '0000-00-00', ''),
(771, '10771', 32, 1, 'KEY TAG - Y22-10', 'Y22-10', 'PCS', 'B', '4010', '5010', '1510', '5040', '1530', 0, 0, 133, 133, 0, 0, 0, 0, 0, 0, '', 0, 0, '0000-00-00', '0000-00-00', ''),
(772, '10772', 2, 1, 'LADIES PURSE - H5-1', 'H5-1', 'PCS', 'B', '4010', '5010', '1510', '5040', '1530', 0, 0, 530.1, 530.1, 0, 0, 0, 0, 0, 0, '', 0, 0, '0000-00-00', '0000-00-00', ''),
(773, '10773', 2, 1, 'LADIES PURSE - H5-2', 'H5-2', 'PCS', 'B', '4010', '5010', '1510', '5040', '1530', 0, 0, 530.1, 530.1, 0, 0, 0, 0, 0, 0, '', 0, 0, '0000-00-00', '0000-00-00', ''),
(774, '10774', 2, 1, 'LADIES PURSE - H5-3', 'H5-3', 'PCS', 'B', '4010', '5010', '1510', '5040', '1530', 0, 0, 530.1, 530.1, 0, 0, 0, 0, 0, 0, '', 0, 0, '0000-00-00', '0000-00-00', ''),
(775, '10775', 2, 1, 'LADIES PURSE - H5-4', 'H5-4', 'PCS', 'B', '4010', '5010', '1510', '5040', '1530', 0, 0, 530.1, 530.1, 0, 0, 0, 0, 0, 0, '', 0, 0, '0000-00-00', '0000-00-00', ''),
(776, '10776', 2, 1, 'LADIES PURSE - H5-5', 'H5-5', 'PCS', 'B', '4010', '5010', '1510', '5040', '1530', 0, 0, 530.1, 530.1, 0, 0, 0, 0, 0, 0, '', 0, 0, '0000-00-00', '0000-00-00', ''),
(777, '10777', 2, 1, 'LADIES PURSE - H5-6', 'H5-6', 'PCS', 'B', '4010', '5010', '1510', '5040', '1530', 0, 0, 530.1, 530.1, 0, 0, 0, 0, 0, 0, '', 0, 0, '0000-00-00', '0000-00-00', '');

-- --------------------------------------------------------

--
-- Table structure for table `0_stock_moves`
--

CREATE TABLE IF NOT EXISTS `0_stock_moves` (
  `trans_id` int(11) NOT NULL,
  `trans_no` int(11) NOT NULL DEFAULT '0',
  `stock_id` char(20) COLLATE utf8_unicode_ci NOT NULL DEFAULT '',
  `type` smallint(6) NOT NULL DEFAULT '0',
  `loc_code` char(5) COLLATE utf8_unicode_ci NOT NULL DEFAULT '',
  `tran_date` date NOT NULL DEFAULT '0000-00-00',
  `price` double NOT NULL DEFAULT '0',
  `reference` char(40) COLLATE utf8_unicode_ci NOT NULL DEFAULT '',
  `qty` double NOT NULL DEFAULT '1',
  `standard_cost` double NOT NULL DEFAULT '0'
) ENGINE=InnoDB AUTO_INCREMENT=777 DEFAULT CHARSET=utf8 COLLATE=utf8_unicode_ci;

--
-- Dumping data for table `0_stock_moves`
--

INSERT INTO `0_stock_moves` (`trans_id`, `trans_no`, `stock_id`, `type`, `loc_code`, `tran_date`, `price`, `reference`, `qty`, `standard_cost`) VALUES
(1, 1, '10001', 25, 'BER', '2018-04-30', 41.16, '', 15, 41.16),
(2, 1, '10002', 25, 'BER', '2018-04-30', 44.1, '', 40, 44.1),
(3, 1, '10003', 25, 'BER', '2018-04-30', 47.04, '', 70, 47.04),
(4, 1, '10004', 25, 'BER', '2018-04-30', 88.2, '', 510, 88.2),
(5, 1, '10005', 25, 'BER', '2018-04-30', 220.5, '', 8, 220.5),
(6, 1, '10006', 25, 'BER', '2018-04-30', 35.28, '', 208, 35.28),
(7, 1, '10007', 25, 'BER', '2018-04-30', 44.1, '', 66, 44.1),
(8, 1, '10008', 25, 'BER', '2018-04-30', 426.3, '', 302, 426.3),
(9, 1, '10009', 25, 'BER', '2018-04-30', 426.3, '', 641, 426.3),
(10, 1, '10010', 25, 'BER', '2018-04-30', 352.8, '', 16, 352.8),
(11, 1, '10011', 25, 'BER', '2018-04-30', 235.2, '', 21, 235.2),
(12, 1, '10012', 25, 'BER', '2018-04-30', 382.2, '', 7, 382.2),
(13, 1, '10013', 25, 'BER', '2018-04-30', 382.2, '', 21, 382.2),
(14, 1, '10014', 25, 'BER', '2018-04-30', 411.6, '', 24, 411.6),
(15, 1, '10015', 25, 'BER', '2018-04-30', 558.6, '', 18, 558.6),
(16, 1, '10016', 25, 'BER', '2018-04-30', 588, '', 18, 588),
(17, 1, '10017', 25, 'BER', '2018-04-30', 249.9, '', 40, 249.9),
(18, 1, '10018', 25, 'BER', '2018-04-30', 77.62, '', 45, 77.62),
(19, 1, '10019', 25, 'BER', '2018-04-30', 70.56, '', 12, 70.56),
(20, 1, '10020', 25, 'BER', '2018-04-30', 77.62, '', 121, 77.62),
(21, 1, '10021', 25, 'BER', '2018-04-30', 119.95, '', 37, 119.95),
(22, 1, '10022', 25, 'BER', '2018-04-30', 70.56, '', 82, 70.56),
(23, 1, '10023', 25, 'BER', '2018-04-30', 222.26, '', 6, 222.26),
(24, 1, '10024', 25, 'BER', '2018-04-30', 77.62, '', 102, 77.62),
(25, 1, '10025', 25, 'BER', '2018-04-30', 63.5, '', 27, 63.5),
(26, 1, '10026', 25, 'BER', '2018-04-30', 141.12, '', 27, 141.12),
(27, 1, '10027', 25, 'BER', '2018-04-30', 155.82, '', 1, 155.82),
(28, 1, '10028', 25, 'BER', '2018-04-30', 155.82, '', 1, 155.82),
(29, 1, '10029', 25, 'BER', '2018-04-30', 264.6, '', 1, 264.6),
(30, 1, '10030', 25, 'BER', '2018-04-30', 169.34, '', 40, 169.34),
(31, 1, '10031', 25, 'BER', '2018-04-30', 82.32, '', 200, 82.32),
(32, 1, '10032', 25, 'BER', '2018-04-30', 176.4, '', 124, 176.4),
(33, 1, '10033', 25, 'BER', '2018-04-30', 705.6, '', 16, 705.6),
(34, 1, '10034', 25, 'BER', '2018-04-30', 382.2, '', 5, 382.2),
(35, 1, '10035', 25, 'BER', '2018-04-30', 147, '', 17, 147),
(36, 1, '10036', 25, 'BER', '2018-04-30', 235.2, '', 17, 235.2),
(37, 1, '10037', 25, 'BER', '2018-04-30', 470.4, '', 31, 470.4),
(38, 1, '10038', 25, 'BER', '2018-04-30', 441, '', 16, 441),
(39, 1, '10039', 25, 'BER', '2018-04-30', 141.12, '', 35, 141.12),
(40, 1, '10040', 25, 'BER', '2018-04-30', 720, '', 11, 720),
(41, 1, '10041', 25, 'BER', '2018-04-30', 936, '', 125, 936),
(42, 1, '10042', 25, 'BER', '2018-04-30', 253.5, '', 63, 253.5),
(43, 1, '10043', 25, 'BER', '2018-04-30', 304.2, '', 33, 304.2),
(44, 1, '10044', 25, 'BER', '2018-04-30', 304.2, '', 2, 304.2),
(45, 1, '10045', 25, 'BER', '2018-04-30', 124.8, '', 71, 124.8),
(46, 1, '10046', 25, 'BER', '2018-04-30', 140.4, '', 2, 140.4),
(47, 1, '10047', 25, 'BER', '2018-04-30', 140.4, '', 7, 140.4),
(48, 1, '10048', 25, 'BER', '2018-04-30', 294.84, '', 6, 294.84),
(49, 1, '10049', 25, 'BER', '2018-04-30', 84.24, '', 3, 84.24),
(50, 1, '10050', 25, 'BER', '2018-04-30', 248.04, '', 1, 248.04),
(51, 1, '10051', 25, 'BER', '2018-04-30', 271.44, '', 32, 271.44),
(52, 1, '10052', 25, 'BER', '2018-04-30', 93.6, '', 47, 93.6),
(53, 1, '10053', 25, 'BER', '2018-04-30', 102.96, '', 4, 102.96),
(54, 1, '10054', 25, 'BER', '2018-04-30', 585, '', 14, 585),
(55, 1, '10055', 25, 'BER', '2018-04-30', 514.8, '', 2, 514.8),
(56, 1, '10056', 25, 'BER', '2018-04-30', 126.36, '', 27, 126.36),
(57, 1, '10057', 25, 'BER', '2018-04-30', 56.16, '', 40, 56.16),
(58, 1, '10058', 25, 'BER', '2018-04-30', 121.68, '', 5, 121.68),
(59, 1, '10059', 25, 'BER', '2018-04-30', 173.16, '', 23, 173.16),
(60, 1, '10060', 25, 'BER', '2018-04-30', 173.16, '', 31, 173.16),
(61, 1, '10061', 25, 'BER', '2018-04-30', 196.56, '', 34, 196.56),
(62, 1, '10062', 25, 'BER', '2018-04-30', 294.84, '', 1, 294.84),
(63, 1, '10063', 25, 'BER', '2018-04-30', 102.96, '', 3, 102.96),
(64, 1, '10064', 25, 'BER', '2018-04-30', 102.96, '', 1, 102.96),
(65, 1, '10065', 25, 'BER', '2018-04-30', 187.2, '', 1, 187.2),
(66, 1, '10066', 25, 'BER', '2018-04-30', 93.6, '', 2, 93.6),
(67, 1, '10067', 25, 'BER', '2018-04-30', 280.8, '', 8, 280.8),
(68, 1, '10068', 25, 'BER', '2018-04-30', 65.52, '', 4, 65.52),
(69, 1, '10069', 25, 'BER', '2018-04-30', 205.92, '', 1, 205.92),
(70, 1, '10070', 25, 'BER', '2018-04-30', 842.4, '', 1, 842.4),
(71, 1, '10071', 25, 'BER', '2018-04-30', 468, '', 36, 468),
(72, 1, '10072', 25, 'BER', '2018-04-30', 84.24, '', 100, 84.24),
(73, 1, '10073', 25, 'BER', '2018-04-30', 248.04, '', 5, 248.04),
(74, 1, '10074', 25, 'BER', '2018-04-30', 370.5, '', 4, 370.5),
(75, 1, '10075', 25, 'BER', '2018-04-30', 444.6, '', 22, 444.6),
(76, 1, '10076', 25, 'BER', '2018-04-30', 468, '', 20, 468),
(77, 1, '10077', 25, 'BER', '2018-04-30', 421.2, '', 169, 421.2),
(78, 1, '10078', 25, 'BER', '2018-04-30', 655.2, '', 60, 655.2),
(79, 1, '10079', 25, 'BER', '2018-04-30', 468, '', 12, 468),
(80, 1, '10080', 25, 'BER', '2018-04-30', 538.2, '', 3, 538.2),
(81, 1, '10081', 25, 'BER', '2018-04-30', 538.2, '', 24, 538.2),
(82, 1, '10082', 25, 'BER', '2018-04-30', 631.8, '', 5, 631.8),
(83, 1, '10083', 25, 'BER', '2018-04-30', 351, '', 396, 351),
(84, 1, '10084', 25, 'BER', '2018-04-30', 140.4, '', 60, 140.4),
(85, 1, '10085', 25, 'BER', '2018-04-30', 3120, '', 36, 3120),
(86, 1, '10086', 25, 'BER', '2018-04-30', 31.2, '', 34, 31.2),
(87, 1, '10087', 25, 'BER', '2018-04-30', 327.6, '', 38, 327.6),
(88, 1, '10088', 25, 'BER', '2018-04-30', 374.4, '', 37, 374.4),
(89, 1, '10089', 25, 'BER', '2018-04-30', 327.6, '', 14, 327.6),
(90, 1, '10090', 25, 'BER', '2018-04-30', 374.4, '', 2, 374.4),
(91, 1, '10091', 25, 'BER', '2018-04-30', 234, '', 1, 234),
(92, 1, '10092', 25, 'BER', '2018-04-30', 304.2, '', 2, 304.2),
(93, 1, '10093', 25, 'BER', '2018-04-30', 374.4, '', 24, 374.4),
(94, 1, '10094', 25, 'BER', '2018-04-30', 304.2, '', 37, 304.2),
(95, 1, '10095', 25, 'BER', '2018-04-30', 304.2, '', 5, 304.2),
(96, 1, '10096', 25, 'BER', '2018-04-30', 561.6, '', 22, 561.6),
(97, 1, '10097', 25, 'BER', '2018-04-30', 374.4, '', 4, 374.4),
(98, 1, '10098', 25, 'BER', '2018-04-30', 608.4, '', 22, 608.4),
(99, 1, '10099', 25, 'BER', '2018-04-30', 234, '', 8, 234),
(100, 1, '10100', 25, 'BER', '2018-04-30', 304.2, '', 25, 304.2),
(101, 1, '10101', 25, 'BER', '2018-04-30', 468, '', 5, 468),
(102, 1, '10102', 25, 'BER', '2018-04-30', 351, '', 2, 351),
(103, 1, '10103', 25, 'BER', '2018-04-30', 468, '', 3, 468),
(104, 1, '10104', 25, 'BER', '2018-04-30', 304.2, '', 6, 304.2),
(105, 1, '10105', 25, 'BER', '2018-04-30', 327.6, '', 1, 327.6),
(106, 1, '10106', 25, 'BER', '2018-04-30', 507, '', 38, 507),
(107, 1, '10107', 25, 'BER', '2018-04-30', 585, '', 1, 585),
(108, 1, '10108', 25, 'BER', '2018-04-30', 421.2, '', 28, 421.2),
(109, 1, '10109', 25, 'BER', '2018-04-30', 468, '', 2, 468),
(110, 1, '10110', 25, 'BER', '2018-04-30', 514.8, '', 27, 514.8),
(111, 1, '10111', 25, 'BER', '2018-04-30', 421.2, '', 17, 421.2),
(112, 1, '10112', 25, 'BER', '2018-04-30', 842.4, '', 4, 842.4),
(113, 1, '10113', 25, 'BER', '2018-04-30', 2574, '', 9, 2574),
(114, 1, '10114', 25, 'BER', '2018-04-30', 234, '', 7, 234),
(115, 1, '10115', 25, 'BER', '2018-04-30', 234, '', 49, 234),
(116, 1, '10116', 25, 'BER', '2018-04-30', 390, '', 36, 390),
(117, 1, '10117', 25, 'BER', '2018-04-30', 390, '', 18, 390),
(118, 1, '10118', 25, 'BER', '2018-04-30', 304.2, '', 46, 304.2),
(119, 1, '10119', 25, 'BER', '2018-04-30', 292.5, '', 37, 292.5),
(120, 1, '10120', 25, 'BER', '2018-04-30', 292.5, '', 27, 292.5),
(121, 1, '10121', 25, 'BER', '2018-04-30', 214.5, '', 47, 214.5),
(122, 1, '10122', 25, 'BER', '2018-04-30', 214.5, '', 41, 214.5),
(123, 1, '10123', 25, 'BER', '2018-04-30', 234, '', 10, 234),
(124, 1, '10124', 25, 'BER', '2018-04-30', 234, '', 39, 234),
(125, 1, '10125', 25, 'BER', '2018-04-30', 234, '', 23, 234),
(126, 1, '10126', 25, 'BER', '2018-04-30', 795.6, '', 123, 795.6),
(127, 1, '10127', 25, 'BER', '2018-04-30', 655.2, '', 48, 655.2),
(128, 1, '10128', 25, 'BER', '2018-04-30', 561.6, '', 68, 561.6),
(129, 1, '10129', 25, 'BER', '2018-04-30', 655.2, '', 20, 655.2),
(130, 1, '10130', 25, 'BER', '2018-04-30', 561.6, '', 47, 561.6),
(131, 1, '10131', 25, 'BER', '2018-04-30', 561.6, '', 33, 561.6),
(132, 1, '10132', 25, 'BER', '2018-04-30', 234, '', 363, 234),
(133, 1, '10133', 25, 'BER', '2018-04-30', 273, '', 203, 273),
(134, 1, '10134', 25, 'BER', '2018-04-30', 292.5, '', 12, 292.5),
(135, 1, '10135', 25, 'BER', '2018-04-30', 351, '', 10, 351),
(136, 1, '10136', 25, 'BER', '2018-04-30', 468, '', 20, 468),
(137, 1, '10137', 25, 'BER', '2018-04-30', 234, '', 3, 234),
(138, 1, '10138', 25, 'BER', '2018-04-30', 245.7, '', 3, 245.7),
(139, 1, '10139', 25, 'BER', '2018-04-30', 280.8, '', 3, 280.8),
(140, 1, '10140', 25, 'BER', '2018-04-30', 101.4, '', 2, 101.4),
(141, 1, '10141', 25, 'BER', '2018-04-30', 1170, '', 2, 1170),
(142, 1, '10142', 25, 'BER', '2018-04-30', 1170, '', 2, 1170),
(143, 1, '10143', 25, 'BER', '2018-04-30', 1170, '', 1, 1170),
(144, 1, '10144', 25, 'BER', '2018-04-30', 1170, '', 1, 1170),
(145, 1, '10145', 25, 'BER', '2018-04-30', 1170, '', 1, 1170),
(146, 1, '10146', 25, 'BER', '2018-04-30', 1170, '', 2, 1170),
(147, 1, '10147', 25, 'BER', '2018-04-30', 1170, '', 1, 1170),
(148, 1, '10148', 25, 'BER', '2018-04-30', 468, '', 8, 468),
(149, 1, '10149', 25, 'BER', '2018-04-30', 468, '', 9, 468),
(150, 1, '10150', 25, 'BER', '2018-04-30', 468, '', 59, 468),
(151, 1, '10151', 25, 'BER', '2018-04-30', 468, '', 15, 468),
(152, 1, '10152', 25, 'BER', '2018-04-30', 468, '', 43, 468),
(153, 1, '10153', 25, 'BER', '2018-04-30', 468, '', 6, 468),
(154, 1, '10154', 25, 'BER', '2018-04-30', 468, '', 11, 468),
(155, 1, '10155', 25, 'BER', '2018-04-30', 468, '', 10, 468),
(156, 1, '10156', 25, 'BER', '2018-04-30', 327.6, '', 13, 327.6),
(157, 1, '10157', 25, 'BER', '2018-04-30', 327.6, '', 7, 327.6),
(158, 1, '10158', 25, 'BER', '2018-04-30', 327.6, '', 33, 327.6),
(159, 1, '10159', 25, 'BER', '2018-04-30', 327.6, '', 37, 327.6),
(160, 1, '10160', 25, 'BER', '2018-04-30', 327.6, '', 29, 327.6),
(161, 1, '10161', 25, 'BER', '2018-04-30', 1404, '', 13, 1404),
(162, 1, '10162', 25, 'BER', '2018-04-30', 702, '', 7, 702),
(163, 1, '10163', 25, 'BER', '2018-04-30', 702, '', 3, 702),
(164, 1, '10164', 25, 'BER', '2018-04-30', 608.4, '', 1, 608.4),
(165, 1, '10165', 25, 'BER', '2018-04-30', 608.4, '', 3, 608.4),
(166, 1, '10166', 25, 'BER', '2018-04-30', 327.6, '', 3, 327.6),
(167, 1, '10167', 25, 'BER', '2018-04-30', 214.5, '', 10, 214.5),
(168, 1, '10168', 25, 'BER', '2018-04-30', 50.7, '', 640, 50.7),
(169, 1, '10169', 25, 'BER', '2018-04-30', 50.7, '', 1100, 50.7),
(170, 1, '10170', 25, 'BER', '2018-04-30', 50.7, '', 640, 50.7),
(171, 1, '10171', 25, 'BER', '2018-04-30', 50.7, '', 630, 50.7),
(172, 1, '10172', 25, 'BER', '2018-04-30', 50.7, '', 1100, 50.7),
(173, 1, '10173', 25, 'BER', '2018-04-30', 48.75, '', 89, 48.75),
(174, 1, '10174', 25, 'BER', '2018-04-30', 31.2, '', 340, 31.2),
(175, 1, '10175', 25, 'BER', '2018-04-30', 23.4, '', 14, 23.4),
(176, 1, '10176', 25, 'BER', '2018-04-30', 64.35, '', 131, 64.35),
(177, 1, '10177', 25, 'BER', '2018-04-30', 23.4, '', 19, 23.4),
(178, 1, '10178', 25, 'BER', '2018-04-30', 23.4, '', 15, 23.4),
(179, 1, '10179', 25, 'BER', '2018-04-30', 54.6, '', 2, 54.6),
(180, 1, '10180', 25, 'BER', '2018-04-30', 78, '', 4, 78),
(181, 1, '10181', 25, 'BER', '2018-04-30', 78, '', 3, 78),
(182, 1, '10182', 25, 'BER', '2018-04-30', 175.5, '', 12, 175.5),
(183, 1, '10183', 25, 'BER', '2018-04-30', 46.8, '', 22, 46.8),
(184, 1, '10184', 25, 'BER', '2018-04-30', 39, '', 1, 39),
(185, 1, '10185', 25, 'BER', '2018-04-30', 46.8, '', 8, 46.8),
(186, 1, '10186', 25, 'BER', '2018-04-30', 39, '', 1, 39),
(187, 1, '10187', 25, 'BER', '2018-04-30', 39, '', 61, 39),
(188, 1, '10188', 25, 'BER', '2018-04-30', 39, '', 16, 39),
(189, 1, '10189', 25, 'BER', '2018-04-30', 35.1, '', 9, 35.1),
(190, 1, '10190', 25, 'BER', '2018-04-30', 46.8, '', 31, 46.8),
(191, 1, '10191', 25, 'BER', '2018-04-30', 46.8, '', 24, 46.8),
(192, 1, '10192', 25, 'BER', '2018-04-30', 101.4, '', 703, 101.4),
(193, 1, '10193', 25, 'BER', '2018-04-30', 269.7, '', 96, 269.7),
(194, 1, '10194', 25, 'BER', '2018-04-30', 250.13, '', 1, 250.13),
(195, 1, '10195', 25, 'BER', '2018-04-30', 261, '', 36, 261),
(196, 1, '10196', 25, 'BER', '2018-04-30', 269.7, '', 30, 269.7),
(197, 1, '10197', 25, 'BER', '2018-04-30', 239.25, '', 131, 239.25),
(198, 1, '10198', 25, 'BER', '2018-04-30', 282.75, '', 5, 282.75),
(199, 1, '10199', 25, 'BER', '2018-04-30', 141.38, '', 1, 141.38),
(200, 1, '10200', 25, 'BER', '2018-04-30', 152.25, '', 12, 152.25),
(201, 1, '10201', 25, 'BER', '2018-04-30', 72.5, '', 14, 72.5),
(202, 1, '10202', 25, 'BER', '2018-04-30', 139.2, '', 4, 139.2),
(203, 1, '10203', 25, 'BER', '2018-04-30', 152.25, '', 2, 152.25),
(204, 1, '10204', 25, 'BER', '2018-04-30', 247.95, '', 2, 247.95),
(205, 1, '10205', 25, 'BER', '2018-04-30', 152.25, '', 1, 152.25),
(206, 1, '10206', 25, 'BER', '2018-04-30', 287.1, '', 1, 287.1),
(207, 1, '10207', 25, 'BER', '2018-04-30', 330.6, '', 1, 330.6),
(208, 1, '10208', 25, 'BER', '2018-04-30', 182.7, '', 49, 182.7),
(209, 1, '10209', 25, 'BER', '2018-04-30', 121.8, '', 12, 121.8),
(210, 1, '10210', 25, 'BER', '2018-04-30', 261, '', 7, 261),
(211, 1, '10211', 25, 'BER', '2018-04-30', 287.1, '', 27, 287.1),
(212, 1, '10212', 25, 'BER', '2018-04-30', 87, '', 195, 87),
(213, 1, '10213', 25, 'BER', '2018-04-30', 152.25, '', 148, 152.25),
(214, 1, '10214', 25, 'BER', '2018-04-30', 152.25, '', 1, 152.25),
(215, 1, '10215', 25, 'BER', '2018-04-30', 87, '', 4, 87),
(216, 1, '10216', 25, 'BER', '2018-04-30', 52.2, '', 25, 52.2),
(217, 1, '10217', 25, 'BER', '2018-04-30', 73.95, '', 16, 73.95),
(218, 1, '10218', 25, 'BER', '2018-04-30', 65.25, '', 1, 65.25),
(219, 1, '10219', 25, 'BER', '2018-04-30', 65.25, '', 1, 65.25),
(220, 1, '10220', 25, 'BER', '2018-04-30', 16.31, '', 1222, 16.31),
(221, 1, '10221', 25, 'BER', '2018-04-30', 68.88, '', 7, 68.88),
(222, 1, '10222', 25, 'BER', '2018-04-30', 97.88, '', 17, 97.88),
(223, 1, '10223', 25, 'BER', '2018-04-30', 50.75, '', 3, 50.75),
(224, 1, '10224', 25, 'BER', '2018-04-30', 58, '', 89, 58),
(225, 1, '10225', 25, 'BER', '2018-04-30', 29, '', 12, 29),
(226, 1, '10226', 25, 'BER', '2018-04-30', 54.38, '', 244, 54.38),
(227, 1, '10227', 25, 'BER', '2018-04-30', 39.88, '', 1, 39.88),
(228, 1, '10228', 25, 'BER', '2018-04-30', 65.25, '', 5, 65.25),
(229, 1, '10229', 25, 'BER', '2018-04-30', 130.5, '', 5, 130.5),
(230, 1, '10230', 25, 'BER', '2018-04-30', 65.25, '', 23, 65.25),
(231, 1, '10231', 25, 'BER', '2018-04-30', 97.88, '', 1, 97.88),
(232, 1, '10232', 25, 'BER', '2018-04-30', 65.25, '', 1, 65.25),
(233, 1, '10233', 25, 'BER', '2018-04-30', 65.25, '', 28, 65.25),
(234, 1, '10234', 25, 'BER', '2018-04-30', 73.95, '', 3, 73.95),
(235, 1, '10235', 25, 'BER', '2018-04-30', 73.95, '', 5, 73.95),
(236, 1, '10236', 25, 'BER', '2018-04-30', 123.25, '', 7, 123.25),
(237, 1, '10237', 25, 'BER', '2018-04-30', 280, '', 3, 280),
(238, 1, '10238', 25, 'BER', '2018-04-30', 35.7, '', 652, 35.7),
(239, 1, '10239', 25, 'BER', '2018-04-30', 39.9, '', 634, 39.9),
(240, 1, '10240', 25, 'BER', '2018-04-30', 30, '', 11, 30),
(241, 2, '10241', 25, 'BER', '2018-04-30', 176, '', 62, 176),
(242, 2, '10242', 25, 'BER', '2018-04-30', 384, '', 12, 384),
(243, 2, '10243', 25, 'BER', '2018-04-30', 384, '', 4, 384),
(244, 2, '10244', 25, 'BER', '2018-04-30', 416, '', 3, 416),
(245, 2, '10245', 25, 'BER', '2018-04-30', 416, '', 39, 416),
(246, 2, '10246', 25, 'BER', '2018-04-30', 416, '', 7, 416),
(247, 2, '10247', 25, 'BER', '2018-04-30', 416, '', 6, 416),
(248, 2, '10248', 25, 'BER', '2018-04-30', 448, '', 2, 448),
(249, 2, '10249', 25, 'BER', '2018-04-30', 432, '', 7, 432),
(250, 2, '10250', 25, 'BER', '2018-04-30', 304, '', 17, 304),
(251, 2, '10251', 25, 'BER', '2018-04-30', 416, '', 35, 416),
(252, 2, '10252', 25, 'BER', '2018-04-30', 288, '', 2, 288),
(253, 2, '10253', 25, 'BER', '2018-04-30', 352, '', 1, 352),
(254, 2, '10254', 25, 'BER', '2018-04-30', 304, '', 26, 304),
(255, 2, '10255', 25, 'BER', '2018-04-30', 528, '', 23, 528),
(256, 2, '10256', 25, 'BER', '2018-04-30', 400, '', 1, 400),
(257, 2, '10257', 25, 'BER', '2018-04-30', 560, '', 13, 560),
(258, 2, '10258', 25, 'BER', '2018-04-30', 448, '', 1, 448),
(259, 2, '10259', 25, 'BER', '2018-04-30', 400, '', 6, 400),
(260, 2, '10260', 25, 'BER', '2018-04-30', 400, '', 4, 400),
(261, 2, '10261', 25, 'BER', '2018-04-30', 217.6, '', 23, 217.6),
(262, 2, '10262', 25, 'BER', '2018-04-30', 217.6, '', 137, 217.6),
(263, 2, '10263', 25, 'BER', '2018-04-30', 217.6, '', 84, 217.6),
(264, 2, '10264', 25, 'BER', '2018-04-30', 624, '', 10, 624),
(265, 2, '10265', 25, 'BER', '2018-04-30', 345.6, '', 4, 345.6),
(266, 2, '10266', 25, 'BER', '2018-04-30', 496, '', 18, 496),
(267, 2, '10267', 25, 'BER', '2018-04-30', 1440, '', 17, 1440),
(268, 2, '10268', 25, 'BER', '2018-04-30', 1536, '', 4, 1536),
(269, 2, '10269', 25, 'BER', '2018-04-30', 1760, '', 6, 1760),
(270, 2, '10270', 25, 'BER', '2018-04-30', 1760, '', 19, 1760),
(271, 2, '10271', 25, 'BER', '2018-04-30', 1760, '', 12, 1760),
(272, 2, '10272', 25, 'BER', '2018-04-30', 1472, '', 3, 1472),
(273, 2, '10274', 25, 'BER', '2018-04-30', 2016, '', 2, 2016),
(274, 2, '10275', 25, 'BER', '2018-04-30', 1760, '', 5, 1760),
(275, 2, '10276', 25, 'BER', '2018-04-30', 1760, '', 7, 1760),
(276, 2, '10277', 25, 'BER', '2018-04-30', 1792, '', 2, 1792),
(277, 2, '10278', 25, 'BER', '2018-04-30', 464, '', 9, 464),
(278, 2, '10279', 25, 'BER', '2018-04-30', 464, '', 29, 464),
(279, 2, '10280', 25, 'BER', '2018-04-30', 464, '', 53, 464),
(280, 2, '10281', 25, 'BER', '2018-04-30', 464, '', 103, 464),
(281, 2, '10282', 25, 'BER', '2018-04-30', 464, '', 110, 464),
(282, 2, '10283', 25, 'BER', '2018-04-30', 464, '', 69, 464),
(283, 2, '10284', 25, 'BER', '2018-04-30', 416, '', 2, 416),
(284, 2, '10285', 25, 'BER', '2018-04-30', 432, '', 2, 432),
(285, 2, '10286', 25, 'BER', '2018-04-30', 416, '', 1, 416),
(286, 2, '10287', 25, 'BER', '2018-04-30', 432, '', 2, 432),
(287, 2, '10288', 25, 'BER', '2018-04-30', 432, '', 7, 432),
(288, 2, '10289', 25, 'BER', '2018-04-30', 416, '', 42, 416),
(289, 2, '10290', 25, 'BER', '2018-04-30', 416, '', 6, 416),
(290, 2, '10291', 25, 'BER', '2018-04-30', 176, '', 93, 176),
(291, 2, '10292', 25, 'BER', '2018-04-30', 224, '', 99, 224),
(292, 2, '10293', 25, 'BER', '2018-04-30', 224, '', 272, 224),
(293, 2, '10294', 25, 'BER', '2018-04-30', 224, '', 279, 224),
(294, 2, '10295', 25, 'BER', '2018-04-30', 224, '', 145, 224),
(295, 2, '10296', 25, 'BER', '2018-04-30', 224, '', 97, 224),
(296, 2, '10297', 25, 'BER', '2018-04-30', 448, '', 65, 448),
(297, 2, '10298', 25, 'BER', '2018-04-30', 480, '', 89, 480),
(298, 2, '10299', 25, 'BER', '2018-04-30', 448, '', 24, 448),
(299, 2, '10300', 25, 'BER', '2018-04-30', 448, '', 201, 448),
(300, 2, '10301', 25, 'BER', '2018-04-30', 480, '', 138, 480),
(301, 2, '10302', 25, 'BER', '2018-04-30', 448, '', 157, 448),
(302, 2, '10303', 25, 'BER', '2018-04-30', 352, '', 99, 352),
(303, 2, '10304', 25, 'BER', '2018-04-30', 448, '', 129, 448),
(304, 2, '10305', 25, 'BER', '2018-04-30', 448, '', 95, 448),
(305, 2, '10306', 25, 'BER', '2018-04-30', 448, '', 100, 448),
(306, 2, '10307', 25, 'BER', '2018-04-30', 448, '', 61, 448),
(307, 2, '10308', 25, 'BER', '2018-04-30', 448, '', 148, 448),
(308, 2, '10309', 25, 'BER', '2018-04-30', 240, '', 64, 240),
(309, 2, '10310', 25, 'BER', '2018-04-30', 480, '', 7, 480),
(310, 2, '10311', 25, 'BER', '2018-04-30', 480, '', 2, 480),
(311, 2, '10312', 25, 'BER', '2018-04-30', 480, '', 2, 480),
(312, 2, '10313', 25, 'BER', '2018-04-30', 512, '', 8, 512),
(313, 2, '10314', 25, 'BER', '2018-04-30', 480, '', 5, 480),
(314, 2, '10315', 25, 'BER', '2018-04-30', 480, '', 54, 480),
(315, 2, '10316', 25, 'BER', '2018-04-30', 480, '', 91, 480),
(316, 2, '10317', 25, 'BER', '2018-04-30', 512, '', 102, 512),
(317, 2, '10318', 25, 'BER', '2018-04-30', 512, '', 94, 512),
(318, 2, '10319', 25, 'BER', '2018-04-30', 1120, '', 1, 1120),
(319, 2, '10320', 25, 'BER', '2018-04-30', 1120, '', 1, 1120),
(320, 2, '10321', 25, 'BER', '2018-04-30', 1152, '', 5, 1152),
(321, 2, '10322', 25, 'BER', '2018-04-30', 1440, '', 1, 1440),
(322, 2, '10323', 25, 'BER', '2018-04-30', 1056, '', 4, 1056),
(323, 2, '10324', 25, 'BER', '2018-04-30', 1120, '', 1, 1120),
(324, 2, '10325', 25, 'BER', '2018-04-30', 240, '', 112, 240),
(325, 2, '10326', 25, 'BER', '2018-04-30', 608, '', 8, 608),
(326, 2, '10327', 25, 'BER', '2018-04-30', 304, '', 145, 304),
(327, 2, '10328', 25, 'BER', '2018-04-30', 249.6, '', 69, 249.6),
(328, 2, '10329', 25, 'BER', '2018-04-30', 704, '', 2, 704),
(329, 2, '10330', 25, 'BER', '2018-04-30', 272, '', 1, 272),
(330, 2, '10331', 25, 'BER', '2018-04-30', 304, '', 1, 304),
(331, 2, '10332', 25, 'BER', '2018-04-30', 137.6, '', 102, 137.6),
(332, 2, '10333', 25, 'BER', '2018-04-30', 272, '', 1, 272),
(333, 2, '10334', 25, 'BER', '2018-04-30', 249.6, '', 23, 249.6),
(334, 2, '10335', 25, 'BER', '2018-04-30', 185.6, '', 76, 185.6),
(335, 2, '10336', 25, 'BER', '2018-04-30', 185.6, '', 35, 185.6),
(336, 2, '10337', 25, 'BER', '2018-04-30', 384, '', 4, 384),
(337, 2, '10338', 25, 'BER', '2018-04-30', 249.6, '', 1, 249.6),
(338, 2, '10339', 25, 'BER', '2018-04-30', 320, '', 26, 320),
(339, 2, '10340', 25, 'BER', '2018-04-30', 288, '', 74, 288),
(340, 2, '10341', 25, 'BER', '2018-04-30', 256, '', 2, 256),
(341, 2, '10342', 25, 'BER', '2018-04-30', 27.2, '', 106, 27.2),
(342, 2, '10343', 25, 'BER', '2018-04-30', 89.6, '', 44, 89.6),
(343, 2, '10344', 25, 'BER', '2018-04-30', 21.76, '', 12, 21.76),
(344, 2, '10345', 25, 'BER', '2018-04-30', 32, '', 96, 32),
(345, 2, '10346', 25, 'BER', '2018-04-30', 89.6, '', 288, 89.6),
(346, 2, '10347', 25, 'BER', '2018-04-30', 13.44, '', 132, 13.44),
(347, 2, '10348', 25, 'BER', '2018-04-30', 54.4, '', 60, 54.4),
(348, 2, '10349', 25, 'BER', '2018-04-30', 24.96, '', 1667, 24.96),
(349, 2, '10350', 25, 'BER', '2018-04-30', 64, '', 203, 64),
(350, 2, '10351', 25, 'BER', '2018-04-30', 24.96, '', 11, 24.96),
(351, 2, '10352', 25, 'BER', '2018-04-30', 30.4, '', 84, 30.4),
(352, 2, '10353', 25, 'BER', '2018-04-30', 21.44, '', 380, 21.44),
(353, 2, '10354', 25, 'BER', '2018-04-30', 12.48, '', 12, 12.48),
(354, 2, '10355', 25, 'BER', '2018-04-30', 14.4, '', 24, 14.4),
(355, 2, '10356', 25, 'BER', '2018-04-30', 25.6, '', 360, 25.6),
(356, 2, '10357', 25, 'BER', '2018-04-30', 19.2, '', 8, 19.2),
(357, 2, '10358', 25, 'BER', '2018-04-30', 12.48, '', 192, 12.48),
(358, 2, '10359', 25, 'BER', '2018-04-30', 12.48, '', 309, 12.48),
(359, 2, '10360', 25, 'BER', '2018-04-30', 38.4, '', 48, 38.4),
(360, 2, '10361', 25, 'BER', '2018-04-30', 44.8, '', 575, 44.8),
(361, 2, '10362', 25, 'BER', '2018-04-30', 60.8, '', 672, 60.8),
(362, 3, '10363', 25, 'BER', '2018-05-17', 342, '', 35, 342),
(363, 3, '10364', 25, 'BER', '2018-05-17', 378, '', 42, 378),
(364, 3, '10365', 25, 'BER', '2018-05-17', 378, '', 33, 378),
(365, 3, '10366', 25, 'BER', '2018-05-17', 378, '', 8, 378),
(366, 3, '10367', 25, 'BER', '2018-05-17', 450, '', 3, 450),
(367, 3, '10368', 25, 'BER', '2018-05-17', 378, '', 7, 378),
(368, 3, '10369', 25, 'BER', '2018-05-17', 288, '', 62, 288),
(369, 3, '10370', 25, 'BER', '2018-05-17', 288, '', 9, 288),
(370, 3, '10371', 25, 'BER', '2018-05-17', 378, '', 2, 378),
(371, 3, '10372', 25, 'BER', '2018-05-17', 1728, '', 2, 1728),
(372, 3, '10373', 25, 'BER', '2018-05-17', 543.96, '', 47, 543.96),
(373, 3, '10374', 25, 'BER', '2018-05-17', 543.96, '', 22, 543.96),
(374, 3, '10375', 25, 'BER', '2018-05-17', 543.96, '', 9, 543.96),
(375, 3, '10376', 25, 'BER', '2018-05-17', 702, '', 14, 702),
(376, 3, '10377', 25, 'BER', '2018-05-17', 702, '', 32, 702),
(377, 3, '10378', 25, 'BER', '2018-05-17', 702, '', 11, 702),
(378, 3, '10379', 25, 'BER', '2018-05-17', 702, '', 41, 702),
(379, 3, '10380', 25, 'BER', '2018-05-17', 702, '', 8, 702),
(380, 3, '10381', 25, 'BER', '2018-05-17', 702, '', 12, 702),
(381, 3, '10382', 25, 'BER', '2018-05-17', 702, '', 17, 702),
(382, 3, '10383', 25, 'BER', '2018-05-17', 702, '', 1, 702),
(383, 3, '10384', 25, 'BER', '2018-05-17', 702, '', 15, 702),
(384, 3, '10385', 25, 'BER', '2018-05-17', 702, '', 12, 702),
(385, 3, '10386', 25, 'BER', '2018-05-17', 990, '', 1, 990),
(386, 3, '10387', 25, 'BER', '2018-05-17', 1026, '', 1, 1026),
(387, 3, '10388', 25, 'BER', '2018-05-17', 468, '', 16, 468),
(388, 3, '10389', 25, 'BER', '2018-05-17', 396, '', 16, 396),
(389, 3, '10390', 25, 'BER', '2018-05-17', 468, '', 51, 468),
(390, 3, '10391', 25, 'BER', '2018-05-17', 468, '', 20, 468),
(391, 3, '10392', 25, 'BER', '2018-05-17', 540, '', 13, 540),
(392, 3, '10393', 25, 'BER', '2018-05-17', 540, '', 75, 540),
(393, 3, '10394', 25, 'BER', '2018-05-17', 504, '', 14, 504),
(394, 3, '10395', 25, 'BER', '2018-05-17', 1512, '', 12, 1512),
(395, 3, '10396', 25, 'BER', '2018-05-17', 2088, '', 1, 2088),
(396, 3, '10397', 25, 'BER', '2018-05-17', 1872, '', 5, 1872),
(397, 3, '10398', 25, 'BER', '2018-05-17', 2232, '', 5, 2232),
(398, 3, '10399', 25, 'BER', '2018-05-17', 2232, '', 5, 2232),
(399, 3, '10400', 25, 'BER', '2018-05-17', 2088, '', 4, 2088),
(400, 3, '10401', 25, 'BER', '2018-05-17', 2232, '', 10, 2232),
(401, 3, '10402', 25, 'BER', '2018-05-17', 1512, '', 17, 1512),
(402, 3, '10403', 25, 'BER', '2018-05-17', 2232, '', 7, 2232),
(403, 3, '10404', 25, 'BER', '2018-05-17', 324, '', 3, 324),
(404, 3, '10405', 25, 'BER', '2018-05-17', 324, '', 1, 324),
(405, 3, '10406', 25, 'BER', '2018-05-17', 1080, '', 6, 1080),
(406, 3, '10407', 25, 'BER', '2018-05-17', 1116, '', 4, 1116),
(407, 3, '10408', 25, 'BER', '2018-05-17', 504, '', 22, 504),
(408, 3, '10409', 25, 'BER', '2018-05-17', 486, '', 46, 486),
(409, 3, '10410', 25, 'BER', '2018-05-17', 486, '', 49, 486),
(410, 3, '10411', 25, 'BER', '2018-05-17', 720, '', 39, 720),
(411, 3, '10412', 25, 'BER', '2018-05-17', 684, '', 27, 684),
(412, 3, '10413', 25, 'BER', '2018-05-17', 684, '', 18, 684),
(413, 3, '10414', 25, 'BER', '2018-05-17', 558, '', 24, 558),
(414, 3, '10415', 25, 'BER', '2018-05-17', 684, '', 1, 684),
(415, 3, '10416', 25, 'BER', '2018-05-17', 684, '', 3, 684),
(416, 3, '10417', 25, 'BER', '2018-05-17', 684, '', 54, 684),
(417, 3, '10418', 25, 'BER', '2018-05-17', 396, '', 2, 396),
(418, 3, '10419', 25, 'BER', '2018-05-17', 432, '', 1, 432),
(419, 3, '10420', 25, 'BER', '2018-05-17', 432, '', 3, 432),
(420, 3, '10421', 25, 'BER', '2018-05-17', 432, '', 3, 432),
(421, 3, '10422', 25, 'BER', '2018-05-17', 432, '', 3, 432),
(422, 3, '10423', 25, 'BER', '2018-05-17', 432, '', 2, 432),
(423, 3, '10424', 25, 'BER', '2018-05-17', 432, '', 1, 432),
(424, 3, '10425', 25, 'BER', '2018-05-17', 396, '', 3, 396),
(425, 3, '10426', 25, 'BER', '2018-05-17', 396, '', 3, 396),
(426, 3, '10427', 25, 'BER', '2018-05-17', 396, '', 13, 396),
(427, 3, '10428', 25, 'BER', '2018-05-17', 396, '', 7, 396),
(428, 3, '10429', 25, 'BER', '2018-05-17', 396, '', 1, 396),
(429, 3, '10430', 25, 'BER', '2018-05-17', 396, '', 9, 396),
(430, 3, '10431', 25, 'BER', '2018-05-17', 396, '', 13, 396),
(431, 3, '10432', 25, 'BER', '2018-05-17', 396, '', 9, 396),
(432, 3, '10433', 25, 'BER', '2018-05-17', 396, '', 8, 396),
(433, 3, '10434', 25, 'BER', '2018-05-17', 396, '', 1, 396),
(434, 3, '10435', 25, 'BER', '2018-05-17', 396, '', 1, 396),
(435, 3, '10436', 25, 'BER', '2018-05-17', 720, '', 1, 720),
(436, 3, '10437', 25, 'BER', '2018-05-17', 324, '', 3, 324),
(437, 3, '10438', 25, 'BER', '2018-05-17', 324, '', 3, 324),
(438, 3, '10439', 25, 'BER', '2018-05-17', 468, '', 59, 468),
(439, 3, '10440', 25, 'BER', '2018-05-17', 576, '', 3, 576),
(440, 3, '10441', 25, 'BER', '2018-05-17', 576, '', 28, 576),
(441, 3, '10442', 25, 'BER', '2018-05-17', 576, '', 44, 576),
(442, 3, '10443', 25, 'BER', '2018-05-17', 576, '', 25, 576),
(443, 3, '10444', 25, 'BER', '2018-05-17', 576, '', 60, 576),
(444, 3, '10445', 25, 'BER', '2018-05-17', 540, '', 43, 540),
(445, 3, '10446', 25, 'BER', '2018-05-17', 360, '', 1, 360),
(446, 3, '10447', 25, 'BER', '2018-05-17', 360, '', 1, 360),
(447, 3, '10448', 25, 'BER', '2018-05-17', 360, '', 6, 360),
(448, 3, '10449', 25, 'BER', '2018-05-17', 540, '', 137, 540),
(449, 3, '10450', 25, 'BER', '2018-05-17', 540, '', 183, 540),
(450, 3, '10451', 25, 'BER', '2018-05-17', 540, '', 217, 540),
(451, 3, '10452', 25, 'BER', '2018-05-17', 540, '', 218, 540),
(452, 3, '10453', 25, 'BER', '2018-05-17', 414, '', 142, 414),
(453, 3, '10454', 25, 'BER', '2018-05-17', 396, '', 1, 396),
(454, 3, '10455', 25, 'BER', '2018-05-17', 378, '', 50, 378),
(455, 3, '10456', 25, 'BER', '2018-05-17', 432, '', 42, 432),
(456, 3, '10457', 25, 'BER', '2018-05-17', 450, '', 14, 450),
(457, 3, '10458', 25, 'BER', '2018-05-17', 468, '', 8, 468),
(458, 3, '10459', 25, 'BER', '2018-05-17', 576, '', 225, 576),
(459, 3, '10460', 25, 'BER', '2018-05-17', 468, '', 109, 468),
(460, 3, '10461', 25, 'BER', '2018-05-17', 468, '', 63, 468),
(461, 3, '10462', 25, 'BER', '2018-05-17', 450, '', 149, 450),
(462, 3, '10463', 25, 'BER', '2018-05-17', 288, '', 4, 288),
(463, 3, '10464', 25, 'BER', '2018-05-17', 360, '', 78, 360),
(464, 3, '10465', 25, 'BER', '2018-05-17', 298.8, '', 4, 298.8),
(465, 3, '10466', 25, 'BER', '2018-05-17', 342, '', 1, 342),
(466, 3, '10467', 25, 'BER', '2018-05-17', 306, '', 1, 306),
(467, 3, '10468', 25, 'BER', '2018-05-17', 306, '', 3, 306),
(468, 3, '10469', 25, 'BER', '2018-05-17', 522, '', 48, 522),
(469, 3, '10470', 25, 'BER', '2018-05-17', 46.8, '', 799, 46.8),
(470, 3, '10471', 25, 'BER', '2018-05-17', 54, '', 801, 54),
(471, 3, '10472', 25, 'BER', '2018-05-17', 64.8, '', 921, 64.8),
(472, 3, '10473', 25, 'BER', '2018-05-17', 64.8, '', 967, 64.8),
(473, 3, '10474', 25, 'BER', '2018-05-17', 46.8, '', 564, 46.8),
(474, 3, '10475', 25, 'BER', '2018-05-17', 25.2, '', 899, 25.2),
(475, 3, '10476', 25, 'BER', '2018-05-17', 18, '', 660, 18),
(476, 3, '10477', 25, 'BER', '2018-05-17', 21.6, '', 660, 21.6),
(477, 3, '10478', 25, 'BER', '2018-05-17', 54, '', 1028, 54),
(478, 3, '10479', 25, 'BER', '2018-05-17', 46.8, '', 684, 46.8),
(479, 3, '10480', 25, 'BER', '2018-05-17', 54, '', 936, 54),
(480, 3, '10481', 25, 'BER', '2018-05-17', 57.6, '', 979, 57.6),
(481, 3, '10482', 25, 'BER', '2018-05-17', 28.8, '', 706, 28.8),
(482, 3, '10483', 25, 'BER', '2018-05-17', 18, '', 71, 18),
(483, 3, '10484', 25, 'BER', '2018-05-17', 54, '', 779, 54),
(484, 3, '10485', 25, 'BER', '2018-05-17', 46.8, '', 700, 46.8),
(485, 3, '10486', 25, 'BER', '2018-05-17', 46.8, '', 899, 46.8),
(486, 3, '10487', 25, 'BER', '2018-05-17', 46.8, '', 1060, 46.8),
(487, 3, '10488', 25, 'BER', '2018-05-17', 21.6, '', 445, 21.6),
(488, 3, '10489', 25, 'BER', '2018-05-17', 18, '', 515, 18),
(489, 3, '10490', 25, 'BER', '2018-05-17', 72, '', 815, 72),
(490, 3, '10491', 25, 'BER', '2018-05-17', 50.4, '', 636, 50.4),
(491, 3, '10492', 25, 'BER', '2018-05-17', 46.8, '', 815, 46.8),
(492, 3, '10493', 25, 'BER', '2018-05-17', 34.2, '', 758, 34.2),
(493, 3, '10494', 25, 'BER', '2018-05-17', 34.2, '', 468, 34.2),
(494, 3, '10495', 25, 'BER', '2018-05-17', 18, '', 1091, 18),
(495, 3, '10496', 25, 'BER', '2018-05-17', 16.2, '', 659, 16.2),
(496, 4, '10497', 25, 'BER', '2018-05-17', 30.4, '', 300, 30.4),
(497, 4, '10498', 25, 'BER', '2018-05-17', 32.3, '', 75, 32.3),
(498, 4, '10499', 25, 'BER', '2018-05-17', 20.9, '', 85, 20.9),
(499, 4, '10500', 25, 'BER', '2018-05-17', 26.6, '', 200, 26.6),
(500, 4, '10501', 25, 'BER', '2018-05-17', 32.3, '', 100, 32.3),
(501, 4, '10502', 25, 'BER', '2018-05-17', 17.1, '', 100, 17.1),
(502, 4, '10503', 25, 'BER', '2018-05-17', 32.3, '', 82, 32.3),
(503, 4, '10504', 25, 'BER', '2018-05-17', 24.7, '', 100, 24.7),
(504, 4, '10505', 25, 'BER', '2018-05-17', 20.9, '', 137, 20.9),
(505, 4, '10506', 25, 'BER', '2018-05-17', 38, '', 78, 38),
(506, 4, '10507', 25, 'BER', '2018-05-17', 20.9, '', 100, 20.9),
(507, 4, '10508', 25, 'BER', '2018-05-17', 19, '', 163, 19),
(508, 4, '10509', 25, 'BER', '2018-05-17', 24.7, '', 288, 24.7),
(509, 4, '10510', 25, 'BER', '2018-05-17', 32.3, '', 300, 32.3),
(510, 4, '10511', 25, 'BER', '2018-05-17', 34.2, '', 100, 34.2),
(511, 4, '10512', 25, 'BER', '2018-05-17', 32.3, '', 100, 32.3),
(512, 4, '10513', 25, 'BER', '2018-05-17', 38, '', 61, 38),
(513, 4, '10514', 25, 'BER', '2018-05-17', 32.3, '', 200, 32.3),
(514, 4, '10515', 25, 'BER', '2018-05-17', 30.4, '', 400, 30.4),
(515, 4, '10516', 25, 'BER', '2018-05-17', 38, '', 100, 38),
(516, 4, '10517', 25, 'BER', '2018-05-17', 19, '', 100, 19),
(517, 4, '10518', 25, 'BER', '2018-05-17', 53.2, '', 346, 53.2),
(518, 4, '10519', 25, 'BER', '2018-05-17', 9.5, '', 100, 9.5),
(519, 4, '10520', 25, 'BER', '2018-05-17', 197.6, '', 145, 197.6),
(520, 4, '10521', 25, 'BER', '2018-05-17', 197.6, '', 138, 197.6),
(521, 4, '10522', 25, 'BER', '2018-05-17', 171, '', 124, 171),
(522, 4, '10523', 25, 'BER', '2018-05-17', 114, '', 27, 114),
(523, 4, '10524', 25, 'BER', '2018-05-17', 171, '', 492, 171),
(524, 4, '10525', 25, 'BER', '2018-05-17', 171, '', 114, 171),
(525, 4, '10526', 25, 'BER', '2018-05-17', 247, '', 126, 247),
(526, 4, '10527', 25, 'BER', '2018-05-17', 209, '', 17, 209),
(527, 4, '10528', 25, 'BER', '2018-05-17', 68.4, '', 252, 68.4),
(528, 4, '10529', 25, 'BER', '2018-05-17', 171, '', 354, 171),
(529, 4, '10530', 25, 'BER', '2018-05-17', 133, '', 3630, 133),
(530, 4, '10531', 25, 'BER', '2018-05-17', 22.8, '', 57, 22.8),
(531, 4, '10532', 25, 'BER', '2018-05-17', 38, '', 264, 38),
(532, 4, '10533', 25, 'BER', '2018-05-17', 38, '', 168, 38),
(533, 4, '10534', 25, 'BER', '2018-05-17', 15.2, '', 988, 15.2),
(534, 4, '10535', 25, 'BER', '2018-05-17', 38, '', 30, 38),
(535, 4, '10536', 25, 'BER', '2018-05-17', 22.8, '', 288, 22.8),
(536, 4, '10537', 25, 'BER', '2018-05-17', 38, '', 172, 38),
(537, 4, '10538', 25, 'BER', '2018-05-17', 38, '', 229, 38),
(538, 4, '10539', 25, 'BER', '2018-05-17', 22.8, '', 98, 22.8),
(539, 4, '10540', 25, 'BER', '2018-05-17', 26.6, '', 46, 26.6),
(540, 4, '10541', 25, 'BER', '2018-05-17', 26.6, '', 100, 26.6),
(541, 4, '10542', 25, 'BER', '2018-05-17', 30.4, '', 500, 30.4),
(542, 4, '10543', 25, 'BER', '2018-05-17', 32.3, '', 187, 32.3),
(543, 4, '10544', 25, 'BER', '2018-05-17', 30.4, '', 100, 30.4),
(544, 4, '10545', 25, 'BER', '2018-05-17', 22.8, '', 100, 22.8),
(545, 4, '10546', 25, 'BER', '2018-05-17', 30.4, '', 322, 30.4),
(546, 4, '10547', 25, 'BER', '2018-05-17', 32.3, '', 87, 32.3),
(547, 4, '10548', 25, 'BER', '2018-05-17', 26.6, '', 200, 26.6),
(548, 4, '10549', 25, 'BER', '2018-05-17', 41.8, '', 100, 41.8),
(549, 4, '10550', 25, 'BER', '2018-05-17', 342, '', 89, 342),
(550, 4, '10551', 25, 'BER', '2018-05-17', 380, '', 4, 380),
(551, 4, '10552', 25, 'BER', '2018-05-17', 266, '', 96, 266),
(552, 4, '10553', 25, 'BER', '2018-05-17', 29.64, '', 20, 29.64),
(553, 4, '10554', 25, 'BER', '2018-05-17', 32.3, '', 20, 32.3),
(554, 4, '10555', 25, 'BER', '2018-05-17', 30.4, '', 20, 30.4),
(555, 4, '10556', 25, 'BER', '2018-05-17', 31.16, '', 20, 31.16),
(556, 4, '10557', 25, 'BER', '2018-05-17', 33.44, '', 20, 33.44),
(557, 4, '10558', 25, 'BER', '2018-05-17', 31.16, '', 20, 31.16),
(558, 4, '10559', 25, 'BER', '2018-05-17', 33.44, '', 40, 33.44),
(559, 4, '10560', 25, 'BER', '2018-05-17', 33.44, '', 20, 33.44),
(560, 4, '10561', 25, 'BER', '2018-05-17', 34.2, '', 20, 34.2),
(561, 4, '10562', 25, 'BER', '2018-05-17', 31.16, '', 20, 31.16),
(562, 4, '10563', 25, 'BER', '2018-05-17', 31.16, '', 40, 31.16),
(563, 4, '10564', 25, 'BER', '2018-05-17', 31.16, '', 40, 31.16),
(564, 4, '10565', 25, 'BER', '2018-05-17', 34.2, '', 20, 34.2),
(565, 4, '10566', 25, 'BER', '2018-05-17', 31.16, '', 20, 31.16),
(566, 4, '10567', 25, 'BER', '2018-05-17', 31.16, '', 40, 31.16),
(567, 4, '10568', 25, 'BER', '2018-05-17', 38, '', 40, 38),
(568, 4, '10569', 25, 'BER', '2018-05-17', 247, '', 36, 247),
(569, 4, '10570', 25, 'BER', '2018-05-17', 133, '', 48, 133),
(570, 4, '10571', 25, 'BER', '2018-05-17', 133, '', 48, 133),
(571, 4, '10572', 25, 'BER', '2018-05-17', 133, '', 42, 133),
(572, 4, '10573', 25, 'BER', '2018-05-17', 133, '', 48, 133),
(573, 4, '10574', 25, 'BER', '2018-05-17', 133, '', 64, 133),
(574, 4, '10575', 25, 'BER', '2018-05-17', 133, '', 64, 133),
(575, 4, '10576', 25, 'BER', '2018-05-17', 133, '', 64, 133),
(576, 4, '10577', 25, 'BER', '2018-05-17', 133, '', 64, 133),
(577, 4, '10578', 25, 'BER', '2018-05-17', 133, '', 32, 133),
(578, 4, '10579', 25, 'BER', '2018-05-17', 133, '', 10, 133),
(579, 4, '10580', 25, 'BER', '2018-05-17', 133, '', 64, 133),
(580, 4, '10581', 25, 'BER', '2018-05-17', 114, '', 18, 114),
(581, 4, '10582', 25, 'BER', '2018-05-17', 114, '', 18, 114),
(582, 4, '10583', 25, 'BER', '2018-05-17', 114, '', 18, 114),
(583, 4, '10584', 25, 'BER', '2018-05-17', 114, '', 36, 114),
(584, 4, '10585', 25, 'BER', '2018-05-17', 114, '', 24, 114),
(585, 4, '10586', 25, 'BER', '2018-05-17', 114, '', 24, 114),
(586, 4, '10587', 25, 'BER', '2018-05-17', 76, '', 24, 76),
(587, 4, '10588', 25, 'BER', '2018-05-17', 76, '', 48, 76),
(588, 4, '10589', 25, 'BER', '2018-05-17', 76, '', 36, 76),
(589, 4, '10590', 25, 'BER', '2018-05-17', 76, '', 48, 76),
(590, 4, '10591', 25, 'BER', '2018-05-17', 36.1, '', 470, 36.1),
(591, 4, '10592', 25, 'BER', '2018-05-17', 39.9, '', 1118, 39.9),
(592, 4, '10593', 25, 'BER', '2018-05-17', 34.2, '', 407, 34.2),
(593, 4, '10594', 25, 'BER', '2018-05-17', 39.9, '', 127, 39.9),
(594, 4, '10595', 25, 'BER', '2018-05-17', 39.9, '', 369, 39.9),
(595, 4, '10596', 25, 'BER', '2018-05-17', 22.8, '', 1, 22.8),
(596, 4, '10597', 25, 'BER', '2018-05-17', 24.7, '', 19, 24.7),
(597, 4, '10598', 25, 'BER', '2018-05-17', 38, '', 1, 38),
(598, 4, '10599', 25, 'BER', '2018-05-17', 39.9, '', 428, 39.9),
(599, 4, '10600', 25, 'BER', '2018-05-17', 39.9, '', 164, 39.9),
(600, 4, '10601', 25, 'BER', '2018-05-17', 38, '', 281, 38),
(601, 4, '10602', 25, 'BER', '2018-05-17', 39.9, '', 264, 39.9),
(602, 4, '10603', 25, 'BER', '2018-05-17', 39.9, '', 298, 39.9),
(603, 4, '10604', 25, 'BER', '2018-05-17', 39.9, '', 360, 39.9),
(604, 4, '10605', 25, 'BER', '2018-05-17', 39.9, '', 348, 39.9),
(605, 4, '10606', 25, 'BER', '2018-05-17', 39.9, '', 348, 39.9),
(606, 4, '10607', 25, 'BER', '2018-05-17', 39.9, '', 336, 39.9),
(607, 4, '10608', 25, 'BER', '2018-05-17', 39.9, '', 372, 39.9),
(608, 4, '10609', 25, 'BER', '2018-05-17', 39.9, '', 348, 39.9),
(609, 4, '10610', 25, 'BER', '2018-05-17', 51.3, '', 372, 51.3),
(610, 4, '10611', 25, 'BER', '2018-05-17', 51.3, '', 408, 51.3),
(611, 4, '10612', 25, 'BER', '2018-05-17', 51.3, '', 348, 51.3),
(612, 4, '10613', 25, 'BER', '2018-05-17', 51.3, '', 444, 51.3),
(613, 4, '10614', 25, 'BER', '2018-05-17', 39.9, '', 348, 39.9),
(614, 4, '10615', 25, 'BER', '2018-05-17', 39.9, '', 372, 39.9),
(615, 4, '10616', 25, 'BER', '2018-05-17', 53.2, '', 375, 53.2),
(616, 4, '10617', 25, 'BER', '2018-05-17', 53.2, '', 360, 53.2),
(617, 4, '10618', 25, 'BER', '2018-05-17', 53.2, '', 396, 53.2),
(618, 4, '10619', 25, 'BER', '2018-05-17', 47.5, '', 468, 47.5),
(619, 4, '10620', 25, 'BER', '2018-05-17', 72.2, '', 438, 72.2),
(620, 4, '10621', 25, 'BER', '2018-05-17', 57, '', 336, 57),
(621, 4, '10622', 25, 'BER', '2018-05-17', 57, '', 396, 57),
(622, 4, '10623', 25, 'BER', '2018-05-17', 95, '', 70, 95),
(623, 4, '10624', 25, 'BER', '2018-05-17', 24.7, '', 264, 24.7),
(624, 4, '10625', 25, 'BER', '2018-05-17', 13.3, '', 36, 13.3),
(625, 4, '10626', 25, 'BER', '2018-05-17', 13.3, '', 96, 13.3),
(626, 4, '10627', 25, 'BER', '2018-05-17', 13.3, '', 108, 13.3),
(627, 4, '10628', 25, 'BER', '2018-05-17', 15.2, '', 84, 15.2),
(628, 4, '10629', 25, 'BER', '2018-05-17', 15.2, '', 264, 15.2),
(629, 4, '10630', 25, 'BER', '2018-05-17', 15.2, '', 240, 15.2),
(630, 4, '10631', 25, 'BER', '2018-05-17', 15.2, '', 240, 15.2),
(631, 4, '10632', 25, 'BER', '2018-05-17', 15.2, '', 84, 15.2),
(632, 4, '10633', 25, 'BER', '2018-05-17', 15.2, '', 48, 15.2),
(633, 4, '10634', 25, 'BER', '2018-05-17', 15.2, '', 204, 15.2),
(634, 4, '10635', 25, 'BER', '2018-05-17', 15.2, '', 216, 15.2),
(635, 4, '10636', 25, 'BER', '2018-05-17', 57, '', 355, 57),
(636, 4, '10637', 25, 'BER', '2018-05-17', 57, '', 372, 57),
(637, 4, '10638', 25, 'BER', '2018-05-17', 41.8, '', 300, 41.8),
(638, 4, '10639', 25, 'BER', '2018-05-17', 41.8, '', 229, 41.8),
(639, 4, '10640', 25, 'BER', '2018-05-17', 41.8, '', 288, 41.8),
(640, 4, '10641', 25, 'BER', '2018-05-17', 41.8, '', 348, 41.8),
(641, 4, '10642', 25, 'BER', '2018-05-17', 39.9, '', 330, 39.9),
(642, 4, '10643', 25, 'BER', '2018-05-17', 34.2, '', 360, 34.2),
(643, 4, '10644', 25, 'BER', '2018-05-17', 34.2, '', 296, 34.2),
(644, 4, '10645', 25, 'BER', '2018-05-17', 39.9, '', 360, 39.9),
(645, 4, '10646', 25, 'BER', '2018-05-17', 39.9, '', 360, 39.9),
(646, 4, '10647', 25, 'BER', '2018-05-17', 26.6, '', 180, 26.6),
(647, 4, '10648', 25, 'BER', '2018-05-17', 30.4, '', 360, 30.4),
(648, 4, '10649', 25, 'BER', '2018-05-17', 30.4, '', 360, 30.4),
(649, 4, '10650', 25, 'BER', '2018-05-17', 30.4, '', 372, 30.4),
(650, 4, '10651', 25, 'BER', '2018-05-17', 49.4, '', 345, 49.4),
(651, 4, '10652', 25, 'BER', '2018-05-17', 45.6, '', 372, 45.6),
(652, 4, '10653', 25, 'BER', '2018-05-17', 45.6, '', 408, 45.6),
(653, 4, '10654', 25, 'BER', '2018-05-17', 45.6, '', 396, 45.6),
(654, 4, '10655', 25, 'BER', '2018-05-17', 45.6, '', 360, 45.6),
(655, 4, '10656', 25, 'BER', '2018-05-17', 45.6, '', 408, 45.6),
(656, 4, '10657', 25, 'BER', '2018-05-17', 57, '', 396, 57),
(657, 4, '10658', 25, 'BER', '2018-05-17', 45.6, '', 384, 45.6),
(658, 4, '10659', 25, 'BER', '2018-05-17', 45.6, '', 396, 45.6),
(659, 4, '10660', 25, 'BER', '2018-05-17', 45.6, '', 348, 45.6),
(660, 4, '10661', 25, 'BER', '2018-05-17', 53.2, '', 480, 53.2),
(661, 4, '10662', 25, 'BER', '2018-05-17', 79.8, '', 444, 79.8),
(662, 4, '10663', 25, 'BER', '2018-05-17', 323, '', 13, 323),
(663, 4, '10664', 25, 'BER', '2018-05-17', 323, '', 2, 323),
(664, 4, '10665', 25, 'BER', '2018-05-17', 323, '', 19, 323),
(665, 4, '10666', 25, 'BER', '2018-05-17', 323, '', 33, 323),
(666, 4, '10667', 25, 'BER', '2018-05-17', 323, '', 17, 323),
(667, 4, '10668', 25, 'BER', '2018-05-17', 323, '', 39, 323),
(668, 4, '10669', 25, 'BER', '2018-05-17', 323, '', 15, 323),
(669, 4, '10670', 25, 'BER', '2018-05-17', 323, '', 13, 323),
(670, 4, '10671', 25, 'BER', '2018-05-17', 323, '', 7, 323),
(671, 4, '10672', 25, 'BER', '2018-05-17', 323, '', 19, 323),
(672, 4, '10673', 25, 'BER', '2018-05-17', 323, '', 46, 323),
(673, 4, '10674', 25, 'BER', '2018-05-17', 323, '', 66, 323),
(674, 4, '10675', 25, 'BER', '2018-05-17', 323, '', 17, 323),
(675, 4, '10676', 25, 'BER', '2018-05-17', 323, '', 65, 323),
(676, 4, '10677', 25, 'BER', '2018-05-17', 323, '', 20, 323),
(677, 4, '10678', 25, 'BER', '2018-05-17', 323, '', 55, 323),
(678, 4, '10679', 25, 'BER', '2018-05-17', 323, '', 19, 323),
(679, 4, '10680', 25, 'BER', '2018-05-17', 323, '', 3, 323),
(680, 4, '10681', 25, 'BER', '2018-05-17', 323, '', 49, 323),
(681, 4, '10682', 25, 'BER', '2018-05-17', 323, '', 18, 323),
(682, 4, '10683', 25, 'BER', '2018-05-17', 323, '', 3, 323),
(683, 4, '10684', 25, 'BER', '2018-05-17', 323, '', 23, 323),
(684, 4, '10685', 25, 'BER', '2018-05-17', 323, '', 11, 323),
(685, 4, '10686', 25, 'BER', '2018-05-17', 323, '', 12, 323),
(686, 4, '10687', 25, 'BER', '2018-05-17', 323, '', 1, 323),
(687, 4, '10688', 25, 'BER', '2018-05-17', 323, '', 34, 323),
(688, 4, '10689', 25, 'BER', '2018-05-17', 323, '', 27, 323),
(689, 4, '10690', 25, 'BER', '2018-05-17', 323, '', 38, 323),
(690, 4, '10691', 25, 'BER', '2018-05-17', 323, '', 1, 323),
(691, 4, '10692', 25, 'BER', '2018-05-17', 323, '', 22, 323),
(692, 4, '10693', 25, 'BER', '2018-05-17', 323, '', 39, 323),
(693, 4, '10694', 25, 'BER', '2018-05-17', 323, '', 14, 323),
(694, 4, '10695', 25, 'BER', '2018-05-17', 323, '', 44, 323),
(695, 4, '10696', 25, 'BER', '2018-05-17', 323, '', 40, 323),
(696, 4, '10697', 25, 'BER', '2018-05-17', 323, '', 71, 323),
(697, 4, '10698', 25, 'BER', '2018-05-17', 323, '', 6, 323),
(698, 4, '10699', 25, 'BER', '2018-05-17', 323, '', 1, 323),
(699, 4, '10700', 25, 'BER', '2018-05-17', 1330, '', 2, 1330),
(700, 4, '10701', 25, 'BER', '2018-05-17', 2090, '', 4, 2090),
(701, 4, '10702', 25, 'BER', '2018-05-17', 1824, '', 3, 1824),
(702, 4, '10703', 25, 'BER', '2018-05-17', 1748, '', 2, 1748),
(703, 4, '10704', 25, 'BER', '2018-05-17', 760, '', 20, 760),
(704, 4, '10705', 25, 'BER', '2018-05-17', 760, '', 41, 760),
(705, 4, '10706', 25, 'BER', '2018-05-17', 646, '', 18, 646),
(706, 4, '10707', 25, 'BER', '2018-05-17', 627, '', 36, 627),
(707, 4, '10708', 25, 'BER', '2018-05-17', 760, '', 42, 760),
(708, 4, '10709', 25, 'BER', '2018-05-17', 760, '', 41, 760),
(709, 4, '10710', 25, 'BER', '2018-05-17', 760, '', 15, 760),
(710, 4, '10711', 25, 'BER', '2018-05-17', 437, '', 5, 437),
(711, 4, '10712', 25, 'BER', '2018-05-17', 437, '', 26, 437),
(712, 4, '10713', 25, 'BER', '2018-05-17', 437, '', 2, 437),
(713, 4, '10714', 25, 'BER', '2018-05-17', 437, '', 1, 437),
(714, 4, '10715', 25, 'BER', '2018-05-17', 437, '', 1, 437),
(715, 4, '10716', 25, 'BER', '2018-05-17', 437, '', 13, 437),
(716, 4, '10717', 25, 'BER', '2018-05-17', 437, '', 24, 437),
(717, 4, '10718', 25, 'BER', '2018-05-17', 437, '', 11, 437),
(718, 4, '10719', 25, 'BER', '2018-05-17', 437, '', 1, 437),
(719, 4, '10720', 25, 'BER', '2018-05-17', 1064, '', 1, 1064),
(720, 4, '10721', 25, 'BER', '2018-05-17', 1178, '', 1, 1178),
(721, 4, '10722', 25, 'BER', '2018-05-17', 1026, '', 1, 1026),
(722, 4, '10723', 25, 'BER', '2018-05-17', 608, '', 1, 608),
(723, 4, '10724', 25, 'BER', '2018-05-17', 342, '', 4, 342),
(724, 4, '10725', 25, 'BER', '2018-05-17', 475, '', 4, 475),
(725, 4, '10726', 25, 'BER', '2018-05-17', 475, '', 22, 475),
(726, 4, '10727', 25, 'BER', '2018-05-17', 494, '', 1, 494),
(727, 4, '10728', 25, 'BER', '2018-05-17', 418, '', 1, 418),
(728, 4, '10729', 25, 'BER', '2018-05-17', 475, '', 2, 475),
(729, 4, '10730', 25, 'BER', '2018-05-17', 342, '', 8, 342),
(730, 4, '10731', 25, 'BER', '2018-05-17', 334.4, '', 1, 334.4),
(731, 4, '10732', 25, 'BER', '2018-05-17', 475, '', 2, 475),
(732, 4, '10733', 25, 'BER', '2018-05-17', 494, '', 2, 494),
(733, 4, '10734', 25, 'BER', '2018-05-17', 475, '', 1, 475),
(734, 4, '10735', 25, 'BER', '2018-05-17', 456, '', 14, 456),
(735, 4, '10736', 25, 'BER', '2018-05-17', 494, '', 2, 494),
(736, 4, '10737', 25, 'BER', '2018-05-17', 513, '', 5, 513),
(737, 4, '10738', 25, 'BER', '2018-05-17', 437, '', 6, 437),
(738, 4, '10739', 25, 'BER', '2018-05-17', 418, '', 1, 418),
(739, 4, '10740', 25, 'BER', '2018-05-17', 494, '', 1, 494),
(740, 4, '10741', 25, 'BER', '2018-05-17', 513, '', 2, 513),
(741, 4, '10742', 25, 'BER', '2018-05-17', 570, '', 1, 570),
(742, 4, '10743', 25, 'BER', '2018-05-17', 1444, '', 19, 1444),
(743, 4, '10744', 25, 'BER', '2018-05-17', 1444, '', 17, 1444),
(744, 4, '10745', 25, 'BER', '2018-05-17', 988, '', 21, 988),
(745, 4, '10746', 25, 'BER', '2018-05-17', 684, '', 6, 684),
(746, 4, '10747', 25, 'BER', '2018-05-17', 1330, '', 20, 1330),
(747, 4, '10748', 25, 'BER', '2018-05-17', 1482, '', 22, 1482),
(748, 4, '10749', 25, 'BER', '2018-05-17', 608, '', 8, 608),
(749, 4, '10750', 25, 'BER', '2018-05-17', 418, '', 6, 418),
(750, 4, '10751', 25, 'BER', '2018-05-17', 418, '', 8, 418),
(751, 4, '10752', 25, 'BER', '2018-05-17', 418, '', 5, 418),
(752, 4, '10753', 25, 'BER', '2018-05-17', 418, '', 7, 418),
(753, 4, '10754', 25, 'BER', '2018-05-17', 418, '', 1, 418),
(754, 4, '10755', 25, 'BER', '2018-05-17', 456, '', 1, 456),
(755, 4, '10756', 25, 'BER', '2018-05-17', 456, '', 12, 456),
(756, 4, '10757', 25, 'BER', '2018-05-17', 456, '', 14, 456),
(757, 4, '10758', 25, 'BER', '2018-05-17', 361, '', 8, 361),
(758, 4, '10759', 25, 'BER', '2018-05-17', 627, '', 1, 627),
(759, 4, '10760', 25, 'BER', '2018-05-17', 950, '', 3, 950),
(760, 4, '10761', 25, 'BER', '2018-05-17', 570, '', 1, 570),
(761, 4, '10762', 25, 'BER', '2018-05-17', 912, '', 2, 912),
(762, 4, '10763', 25, 'BER', '2018-05-17', 570, '', 4, 570),
(763, 4, '10764', 25, 'BER', '2018-05-17', 570, '', 2, 570),
(764, 4, '10765', 25, 'BER', '2018-05-17', 171, '', 71, 171),
(765, 4, '10766', 25, 'BER', '2018-05-17', 114, '', 102, 114),
(766, 4, '10767', 25, 'BER', '2018-05-17', 133, '', 81, 133),
(767, 4, '10768', 25, 'BER', '2018-05-17', 190, '', 63, 190),
(768, 4, '10769', 25, 'BER', '2018-05-17', 133, '', 98, 133),
(769, 4, '10770', 25, 'BER', '2018-05-17', 34.2, '', 93, 34.2),
(770, 4, '10771', 25, 'BER', '2018-05-17', 133, '', 82, 133),
(771, 4, '10772', 25, 'BER', '2018-05-17', 530.1, '', 1, 530.1),
(772, 4, '10773', 25, 'BER', '2018-05-17', 530.1, '', 3, 530.1),
(773, 4, '10774', 25, 'BER', '2018-05-17', 530.1, '', 13, 530.1),
(774, 4, '10775', 25, 'BER', '2018-05-17', 530.1, '', 63, 530.1),
(775, 4, '10776', 25, 'BER', '2018-05-17', 530.1, '', 39, 530.1),
(776, 4, '10777', 25, 'BER', '2018-05-17', 530.1, '', 57, 530.1);

-- --------------------------------------------------------

--
-- Table structure for table `0_suppliers`
--

CREATE TABLE IF NOT EXISTS `0_suppliers` (
  `supplier_id` int(11) NOT NULL,
  `supp_name` varchar(60) COLLATE utf8_unicode_ci NOT NULL DEFAULT '',
  `supp_ref` varchar(30) COLLATE utf8_unicode_ci NOT NULL DEFAULT '',
  `address` tinytext COLLATE utf8_unicode_ci NOT NULL,
  `supp_address` tinytext COLLATE utf8_unicode_ci NOT NULL,
  `gst_no` varchar(25) COLLATE utf8_unicode_ci NOT NULL DEFAULT '',
  `contact` varchar(60) COLLATE utf8_unicode_ci NOT NULL DEFAULT '',
  `supp_account_no` varchar(40) COLLATE utf8_unicode_ci NOT NULL DEFAULT '',
  `website` varchar(100) COLLATE utf8_unicode_ci NOT NULL DEFAULT '',
  `bank_account` varchar(60) COLLATE utf8_unicode_ci NOT NULL DEFAULT '',
  `curr_code` char(3) COLLATE utf8_unicode_ci DEFAULT NULL,
  `payment_terms` int(11) DEFAULT NULL,
  `tax_included` tinyint(1) NOT NULL DEFAULT '0',
  `dimension_id` int(11) DEFAULT '0',
  `dimension2_id` int(11) DEFAULT '0',
  `tax_group_id` int(11) DEFAULT NULL,
  `credit_limit` double NOT NULL DEFAULT '0',
  `purchase_account` varchar(15) COLLATE utf8_unicode_ci NOT NULL DEFAULT '',
  `payable_account` varchar(15) COLLATE utf8_unicode_ci NOT NULL DEFAULT '',
  `payment_discount_account` varchar(15) COLLATE utf8_unicode_ci NOT NULL DEFAULT '',
  `notes` tinytext COLLATE utf8_unicode_ci NOT NULL,
  `inactive` tinyint(1) NOT NULL DEFAULT '0'
) ENGINE=InnoDB AUTO_INCREMENT=5 DEFAULT CHARSET=utf8 COLLATE=utf8_unicode_ci;

--
-- Dumping data for table `0_suppliers`
--

INSERT INTO `0_suppliers` (`supplier_id`, `supp_name`, `supp_ref`, `address`, `supp_address`, `gst_no`, `contact`, `supp_account_no`, `website`, `bank_account`, `curr_code`, `payment_terms`, `tax_included`, `dimension_id`, `dimension2_id`, `tax_group_id`, `credit_limit`, `purchase_account`, `payable_account`, `payment_discount_account`, `notes`, `inactive`) VALUES
(1, 'Symi-Old Stock Shipment 1', 'SYMI-OS-1', '', '', '', '', '', '', '', 'LKR', 1, 0, 0, 0, 1, 0, '', '2100', '5060', '', 0),
(2, 'Symi-Old Stock Shipment 2', 'SYMI-OS-2', '', '', '', '', '', '', '', 'LKR', 1, 0, 0, 0, 1, 0, '', '2100', '5060', '', 0),
(3, 'Symi-Old Stock Shipment 3', 'SYMI-OS-3', '', '', '', '', '', '', '', 'LKR', 1, 0, 0, 0, 1, 0, '', '2100', '5060', '', 0),
(4, 'Symi-Old Stock Shipment 4', 'SYMI-OS-4', '', '', '', '', '', '', '', 'LKR', 1, 0, 0, 0, 1, 0, '', '2100', '5060', '', 0);

-- --------------------------------------------------------

--
-- Table structure for table `0_supp_allocations`
--

CREATE TABLE IF NOT EXISTS `0_supp_allocations` (
  `id` int(11) NOT NULL,
  `person_id` int(11) DEFAULT NULL,
  `amt` double unsigned DEFAULT NULL,
  `date_alloc` date NOT NULL DEFAULT '0000-00-00',
  `trans_no_from` int(11) DEFAULT NULL,
  `trans_type_from` int(11) DEFAULT NULL,
  `trans_no_to` int(11) DEFAULT NULL,
  `trans_type_to` int(11) DEFAULT NULL
) ENGINE=InnoDB DEFAULT CHARSET=utf8 COLLATE=utf8_unicode_ci;

-- --------------------------------------------------------

--
-- Table structure for table `0_supp_invoice_items`
--

CREATE TABLE IF NOT EXISTS `0_supp_invoice_items` (
  `id` int(11) NOT NULL,
  `supp_trans_no` int(11) DEFAULT NULL,
  `supp_trans_type` int(11) DEFAULT NULL,
  `gl_code` varchar(15) COLLATE utf8_unicode_ci NOT NULL DEFAULT '',
  `grn_item_id` int(11) DEFAULT NULL,
  `po_detail_item_id` int(11) DEFAULT NULL,
  `stock_id` varchar(20) COLLATE utf8_unicode_ci NOT NULL DEFAULT '',
  `description` tinytext COLLATE utf8_unicode_ci,
  `quantity` double NOT NULL DEFAULT '0',
  `unit_price` double NOT NULL DEFAULT '0',
  `unit_tax` double NOT NULL DEFAULT '0',
  `memo_` tinytext COLLATE utf8_unicode_ci,
  `dimension_id` int(11) NOT NULL DEFAULT '0',
  `dimension2_id` int(11) NOT NULL DEFAULT '0'
) ENGINE=InnoDB AUTO_INCREMENT=1017 DEFAULT CHARSET=utf8 COLLATE=utf8_unicode_ci;

--
-- Dumping data for table `0_supp_invoice_items`
--

INSERT INTO `0_supp_invoice_items` (`id`, `supp_trans_no`, `supp_trans_type`, `gl_code`, `grn_item_id`, `po_detail_item_id`, `stock_id`, `description`, `quantity`, `unit_price`, `unit_tax`, `memo_`, `dimension_id`, `dimension2_id`) VALUES
(1, 1, 20, '0', 1, 1, '10001', 'EARRING - 3-1', 0, 0, 0, '', 0, 0),
(2, 1, 20, '0', 2, 2, '10002', 'EARRING - 3-2', 0, 0, 0, '', 0, 0),
(3, 1, 20, '0', 3, 3, '10003', 'EARRING - 3-3', 0, 0, 0.0000000000000064963907269495, '', 0, 0),
(4, 1, 20, '0', 4, 4, '10004', 'BANGLE - 5-1', 0, 0, 0, '', 0, 0),
(5, 1, 20, '0', 5, 5, '10005', 'BANGLE - 5-4', 0, 0, 0, '', 0, 0),
(6, 1, 20, '0', 6, 6, '10006', 'BANGLE - 5-5', 0, 0, 0, '', 0, 0),
(7, 1, 20, '0', 7, 7, '10007', 'BANGLE - 5-7', 0, 0, 0, '', 0, 0),
(8, 1, 20, '0', 8, 8, '10008', 'NECKLACE SETS - 7-1', 0, 0, 0, '', 0, 0),
(9, 1, 20, '0', 9, 9, '10009', 'NECKLACE SETS - 7-2', 0, 0, 0, '', 0, 0),
(10, 1, 20, '0', 10, 10, '10010', 'WOOL BAND - 8-1', 0, 0, 0, '', 0, 0),
(11, 1, 20, '0', 11, 11, '10011', 'WOOL BAND - 8-2', 0, 0, 0, '', 0, 0),
(12, 1, 20, '0', 12, 12, '10012', 'WOOL BAND - 8-3', 0, 0, 0, '', 0, 0),
(13, 1, 20, '0', 13, 13, '10013', 'WOOL BAND - 8-4', 0, 0, 0, '', 0, 0),
(14, 1, 20, '0', 14, 14, '10014', 'WOOL BAND - 8-5', 0, 0, -0.000000000000075791225147744, '', 0, 0),
(15, 1, 20, '0', 15, 15, '10015', 'WOOL BAND - 8-8', 0, 0, -0.00000000000010105496686366, '', 0, 0),
(16, 1, 20, '0', 16, 16, '10016', 'WOOL BAND - 8-9', 0, 0, 0, '', 0, 0),
(17, 1, 20, '0', 17, 17, '10017', 'WOOL BAND - 8-10', 0, 0, 0, '', 0, 0),
(18, 1, 20, '0', 18, 18, '10018', 'HAIR CLIP - 10-4', 0, 0, 0, '', 0, 0),
(19, 1, 20, '0', 19, 19, '10019', 'HAIR CLIP - 10-5', 0, 0, 0, '', 0, 0),
(20, 1, 20, '0', 20, 20, '10020', 'HAIR CLIP - 10-11', 0, 0, 0, '', 0, 0),
(21, 1, 20, '0', 21, 21, '10021', 'HAIR CLIP - 10-19', 0, 0, -0.000000000000024580937885755, '', 0, 0),
(22, 1, 20, '0', 22, 22, '10022', 'HAIR CLIP - 10-20', 0, 0, 0, '', 0, 0),
(23, 1, 20, '0', 23, 23, '10023', 'HAIR CLIP - 10-21', 0, 0, 0, '', 0, 0),
(24, 1, 20, '0', 24, 24, '10024', 'HAIR CLIP - 10-22', 0, 0, -0.000000000000008916614723264, '', 0, 0),
(25, 1, 20, '0', 25, 25, '10025', 'HAIR CLIP - 10-24', 0, 0, 0, '', 0, 0),
(26, 1, 20, '0', 26, 26, '10026', 'HAIR CLIP - 10-25', 0, 0, -0.000000000000016842494477276, '', 0, 0),
(27, 1, 20, '0', 27, 27, '10027', 'HAIR CLIP - 10-31', 0, 0, 0, '', 0, 0),
(28, 1, 20, '0', 28, 28, '10028', 'HAIR CLIP - 10-32', 0, 0, 0, '', 0, 0),
(29, 1, 20, '0', 29, 29, '10029', 'HAIR CLIP - 10-33', 0, 0, 0, '', 0, 0),
(30, 1, 20, '0', 30, 30, '10030', 'HAIR CLIP - 10-34', 0, 0, 0, '', 0, 0),
(31, 1, 20, '0', 31, 31, '10031', 'SOLER POWER - 30-1', 0, 0, 0, '', 0, 0),
(32, 1, 20, '0', 32, 32, '10032', 'HAIR CLIP - 31-2', 0, 0, -0.000000000000029338538766869, '', 0, 0),
(33, 1, 20, '0', 33, 33, '10033', 'HAIR CLIP - 32-6', 0, 0, 0, '', 0, 0),
(34, 1, 20, '0', 34, 34, '10034', 'HAIR CLIP - 35-1', 0, 0, 0, '', 0, 0),
(35, 1, 20, '0', 35, 35, '10035', 'HAIR CLIP - 35-4', 0, 0, 0, '', 0, 0),
(36, 1, 20, '0', 36, 36, '10036', 'HAIR CLIP - 35-5', 0, 0, 0.000000000000026749844169792, '', 0, 0),
(37, 1, 20, '0', 37, 37, '10037', 'HAIR CLIP - 35-10', 0, 0, 0, '', 0, 0),
(38, 1, 20, '0', 38, 38, '10038', 'HAIR CLIP - 35-11', 0, 0, 0, '', 0, 0),
(39, 1, 20, '0', 39, 39, '10039', 'HAIR CLIP - 36-1', 0, 0, 0, '', 0, 0),
(40, 1, 20, '0', 40, 40, '10040', 'BROOCH - 32--2', 0, 0, 0, '', 0, 0),
(41, 1, 20, '0', 41, 41, '10041', 'Wedding Purse - 2-1', 0, 0, 0, '', 0, 0),
(42, 1, 20, '0', 42, 42, '10042', 'Purse - 5-2', 0, 0, 0, '', 0, 0),
(43, 1, 20, '0', 43, 43, '10043', 'Ladies Purse - 6-1', 0, 0, 0, '', 0, 0),
(44, 1, 20, '0', 44, 44, '10044', 'Hand Band - 6-2', 0, 0, 0, '', 0, 0),
(45, 1, 20, '0', 45, 45, '10045', 'Ladies Purse - 7-9', 0, 0, 0, '', 0, 0),
(46, 1, 20, '0', 46, 46, '10046', 'HAIR PEG - 11-2', 0, 0, 0, '', 0, 0),
(47, 1, 20, '0', 47, 47, '10047', 'HAIR PEG - 11-3', 0, 0, -0.000000000000016240976817374, '', 0, 0),
(48, 1, 20, '0', 48, 48, '10048', 'HAIR PEG - 11-7', 0, 0, 0, '', 0, 0),
(49, 1, 20, '0', 49, 49, '10049', 'HAIR PEG - 11-8', 0, 0, 0.000000000000009473903143468, '', 0, 0),
(50, 1, 20, '0', 50, 50, '10050', 'HAIR PEG - 11-12', 0, 0, 0, '', 0, 0),
(51, 1, 20, '0', 51, 51, '10051', 'HAIR PEG - 11-14', 0, 0, 0, '', 0, 0),
(52, 1, 20, '0', 52, 52, '10052', 'HAIR PEG - 11-18', 0, 0, 0, '', 0, 0),
(53, 1, 20, '0', 53, 53, '10053', 'HAIR PEG - 11-20', 0, 0, 0, '', 0, 0),
(54, 1, 20, '0', 54, 54, '10054', 'HAIR PEG - 11-22', 0, 0, 0, '', 0, 0),
(55, 1, 20, '0', 55, 55, '10055', 'HAIR PEG - 11-23', 0, 0, 0, '', 0, 0),
(56, 1, 20, '0', 56, 56, '10056', 'HAIR PEG - 11-24', 0, 0, 0, '', 0, 0),
(57, 1, 20, '0', 57, 57, '10057', 'HAIR PEG - 11-27', 0, 0, 0.000000000000011368683772162, '', 0, 0),
(58, 1, 20, '0', 58, 58, '10058', 'HAIR PEG - 11-33', 0, 0, -0.000000000000022737367544323, '', 0, 0),
(59, 1, 20, '0', 59, 59, '10059', 'HAIR PEG - 11-37', 0, 0, 0, '', 0, 0),
(60, 1, 20, '0', 60, 60, '10060', 'HAIR PEG - 11-38', 0, 0, 0, '', 0, 0),
(61, 1, 20, '0', 61, 61, '10061', 'HAIR PEG - 11-41', 0, 0, 0, '', 0, 0),
(62, 1, 20, '0', 62, 62, '10062', 'HAIR PEG - 11-47', 0, 0, 0, '', 0, 0),
(63, 1, 20, '0', 63, 63, '10063', 'HAIR PEG - 11-50', 0, 0, 0, '', 0, 0),
(64, 1, 20, '0', 64, 64, '10064', 'HAIR PEG - 11-51', 0, 0, 0, '', 0, 0),
(65, 1, 20, '0', 65, 65, '10065', 'HAIR PEG - 11-54', 0, 0, 0, '', 0, 0),
(66, 1, 20, '0', 66, 66, '10066', 'HAIR PEG - 11-55', 0, 0, 0, '', 0, 0),
(67, 1, 20, '0', 67, 67, '10067', 'HAIR PEG - 11-56', 0, 0, 0, '', 0, 0),
(68, 1, 20, '0', 68, 68, '10068', 'HAIR PEG - 11-57', 0, 0, 0, '', 0, 0),
(69, 1, 20, '0', 69, 69, '10069', 'HAIR PEG - 11-58', 0, 0, 0, '', 0, 0),
(70, 1, 20, '0', 70, 70, '10070', 'HAIR PEG - 11-61', 0, 0, 0, '', 0, 0),
(71, 1, 20, '0', 71, 71, '10071', 'HAIR PEG - 11-62', 0, 0, 0, '', 0, 0),
(72, 1, 20, '0', 72, 72, '10072', 'HAIR PEG - 11-65', 0, 0, 0, '', 0, 0),
(73, 1, 20, '0', 73, 73, '10073', 'HAIR PEG - 11-66', 0, 0, 0, '', 0, 0),
(74, 1, 20, '0', 74, 74, '10074', 'HAIR PEG - 11-70', 0, 0, 0, '', 0, 0),
(75, 1, 20, '0', 75, 75, '10075', 'HAIR PEG - 11-72', 0, 0, 0, '', 0, 0),
(76, 1, 20, '0', 76, 76, '10076', 'HAIR PEG - 11-73', 0, 0, 0, '', 0, 0),
(77, 1, 20, '0', 77, 77, '10077', 'HAIR PEG - 11-74', 0, 0, 0, '', 0, 0),
(78, 1, 20, '0', 78, 78, '10078', 'ELIS BAND - 11-76', 0, 0, 0, '', 0, 0),
(79, 1, 20, '0', 79, 79, '10079', 'ELIS BAND - 11-79', 0, 0, 0, '', 0, 0),
(80, 1, 20, '0', 80, 80, '10080', 'ELIS BAND - 11-80', 0, 0, -0.000000000000075791225147744, '', 0, 0),
(81, 1, 20, '0', 81, 81, '10081', 'ELIS BAND - 11-81', 0, 0, -0.000000000000075791225147744, '', 0, 0),
(82, 1, 20, '0', 82, 82, '10082', 'ELIS BAND - 11-82', 0, 0, 0, '', 0, 0),
(83, 1, 20, '0', 83, 83, '10083', 'HAIR PEG - 11-83', 0, 0, 0, '', 0, 0),
(84, 1, 20, '0', 84, 84, '10084', 'ELIS BAND - 11-88', 0, 0, 0, '', 0, 0),
(85, 1, 20, '0', 85, 85, '10085', 'RING - 12-1', 0, 0, 0, '', 0, 0),
(86, 1, 20, '0', 86, 86, '10086', 'RING - 12-2', 0, 0, 0, '', 0, 0),
(87, 1, 20, '0', 87, 87, '10087', 'BRESLET - 13-1', 0, 0, -0.000000000000047868142198575, '', 0, 0),
(88, 1, 20, '0', 88, 88, '10088', 'BRESLET - 13-2', 0, 0, 0, '', 0, 0),
(89, 1, 20, '0', 89, 89, '10089', 'BRESLET - 13-5', 0, 0, -0.000000000000064963907269495, '', 0, 0),
(90, 1, 20, '0', 90, 90, '10090', 'BRESLET - 13-6', 0, 0, 0, '', 0, 0),
(91, 1, 20, '0', 91, 91, '10091', 'BRESLET - 13-7', 0, 0, 0, '', 0, 0),
(92, 1, 20, '0', 92, 92, '10092', 'BANGLE - 13-8', 0, 0, 0, '', 0, 0),
(93, 1, 20, '0', 93, 93, '10093', 'BRESLET - 13-10', 0, 0, 0.000000000000075791225147744, '', 0, 0),
(94, 1, 20, '0', 94, 94, '10094', 'BRESLET - 13-11', 0, 0, 0, '', 0, 0),
(95, 1, 20, '0', 95, 95, '10095', 'BRESLET - 13-12', 0, 0, 0, '', 0, 0),
(96, 1, 20, '0', 96, 96, '10096', 'BRESLET - 13-13', 0, 0, 0, '', 0, 0),
(97, 1, 20, '0', 97, 97, '10097', 'BRESLET - 13-14', 0, 0, 0, '', 0, 0),
(98, 1, 20, '0', 98, 98, '10098', 'BRESLET - 13-17', 0, 0, 0, '', 0, 0),
(99, 1, 20, '0', 99, 99, '10099', 'BRESLET - 13-15', 0, 0, 0, '', 0, 0),
(100, 1, 20, '0', 100, 100, '10100', 'BRESLET - 13-18', 0, 0, 0, '', 0, 0),
(101, 1, 20, '0', 101, 101, '10101', 'BRESLET - 13-19', 0, 0, 0, '', 0, 0),
(102, 1, 20, '0', 102, 102, '10102', 'BRESLET - 13-20', 0, 0, 0, '', 0, 0),
(103, 1, 20, '0', 103, 103, '10103', 'BRESLET - 13-21', 0, 0, 0, '', 0, 0),
(104, 1, 20, '0', 104, 104, '10104', 'BRESLET - 13-22', 0, 0, 0.000000000000037895612573872, '', 0, 0),
(105, 1, 20, '0', 105, 105, '10105', 'BRESLET - 13-23', 0, 0, 0, '', 0, 0),
(106, 1, 20, '0', 106, 106, '10106', 'EARING - 14-1', 0, 0, 0, '', 0, 0),
(107, 1, 20, '0', 107, 107, '10107', 'EARING - 14-5', 0, 0, 0, '', 0, 0),
(108, 1, 20, '0', 108, 108, '10108', 'BRESLET - 15-8', 0, 0, 0, '', 0, 0),
(109, 1, 20, '0', 109, 109, '10109', 'BRESLET - 15-2', 0, 0, 0, '', 0, 0),
(110, 1, 20, '0', 110, 110, '10110', 'BRESLET - 15-7', 0, 0, 0.000000000000067369977909106, '', 0, 0),
(111, 1, 20, '0', 111, 111, '10111', 'BRESLET - 15-4', 0, 0, 0, '', 0, 0),
(112, 1, 20, '0', 112, 112, '10112', 'BRESLET - 15-5', 0, 0, 0, '', 0, 0),
(113, 1, 20, '0', 113, 113, '10113', 'BRESLET - 15-6', 0, 0, 0, '', 0, 0),
(114, 1, 20, '0', 114, 114, '10114', 'PABALU CHAIN - 16-1', 0, 0, 0, '', 0, 0),
(115, 1, 20, '0', 115, 115, '10115', 'PABALU CHAIN - 16-2', 0, 0, 0, '', 0, 0),
(116, 1, 20, '0', 116, 116, '10116', 'PABALU CHAIN - 16-3', 0, 0, 0, '', 0, 0),
(117, 1, 20, '0', 117, 117, '10117', 'PABALU CHAIN - 16-4', 0, 0, 0, '', 0, 0),
(118, 1, 20, '0', 118, 118, '10118', 'PABALU CHAIN - 16-5', 0, 0, 0.000000000000039543247903171, '', 0, 0),
(119, 1, 20, '0', 119, 119, '10119', 'PABALU CHAIN - 16-6', 0, 0, 0, '', 0, 0),
(120, 1, 20, '0', 120, 120, '10120', 'PABALU CHAIN - 16-7', 0, 0, 0, '', 0, 0),
(121, 1, 20, '0', 121, 121, '10121', 'PABALU CHAIN - 16-8', 0, 0, 0, '', 0, 0),
(122, 1, 20, '0', 122, 122, '10122', 'PABALU CHAIN - 16-9', 0, 0, 0, '', 0, 0),
(123, 1, 20, '0', 123, 123, '10123', 'PABALU CHAIN - 16-10', 0, 0, 0, '', 0, 0),
(124, 1, 20, '0', 124, 124, '10124', 'PABALU CHAIN - 16-11', 0, 0, 0, '', 0, 0),
(125, 1, 20, '0', 125, 125, '10125', 'PABALU CHAIN - 16-12', 0, 0, 0, '', 0, 0),
(126, 1, 20, '0', 126, 126, '10126', 'PABALU CHAIN - 16-13', 0, 0, 0, '', 0, 0),
(127, 1, 20, '0', 127, 127, '10127', 'PABALU CHAIN - 16-16', 0, 0, -0.000000000000075791225147744, '', 0, 0),
(128, 1, 20, '0', 128, 128, '10128', 'PABALU CHAIN - 16-17', 0, 0, 0, '', 0, 0),
(129, 1, 20, '0', 129, 129, '10129', 'PABALU CHAIN - 16-18', 0, 0, 0, '', 0, 0),
(130, 1, 20, '0', 130, 130, '10130', 'PABALU CHAIN - 16-19', 0, 0, 0, '', 0, 0),
(131, 1, 20, '0', 131, 131, '10131', 'PABALU CHAIN - 16-20', 0, 0, 0, '', 0, 0),
(132, 1, 20, '0', 132, 132, '10132', 'NECKLACE - 18-5', 0, 0, 0, '', 0, 0),
(133, 1, 20, '0', 133, 133, '10133', 'NECKLACE - 18-17', 0, 0, 0, '', 0, 0),
(134, 1, 20, '0', 134, 134, '10134', 'NECKLACE - 19-2', 0, 0, 0, '', 0, 0),
(135, 1, 20, '0', 135, 135, '10135', 'HEAD BAND - 21-10', 0, 0, 0, '', 0, 0),
(136, 1, 20, '0', 136, 136, '10136', 'HEAD BAND - 21-11', 0, 0, 0, '', 0, 0),
(137, 1, 20, '0', 137, 137, '10137', 'WOOL BAND - 22-1', 0, 0, 0, '', 0, 0),
(138, 1, 20, '0', 138, 138, '10138', 'WOOL BAND - 22-3', 0, 0, 0.000000000000037895612573872, '', 0, 0),
(139, 1, 20, '0', 139, 139, '10139', 'WOOL BAND - 22-4', 0, 0, -0.000000000000037895612573872, '', 0, 0),
(140, 1, 20, '0', 140, 140, '10140', 'WOOL BAND - 22-12', 0, 0, 0, '', 0, 0),
(141, 1, 20, '0', 141, 141, '10141', 'SAREE BROOCH - 23-24', 0, 0, 0, '', 0, 0),
(142, 1, 20, '0', 142, 142, '10142', 'SAREE BROOCH - 23-38', 0, 0, 0, '', 0, 0),
(143, 1, 20, '0', 143, 143, '10143', 'SAREE BROOCH - 23-44', 0, 0, 0, '', 0, 0),
(144, 1, 20, '0', 144, 144, '10144', 'SAREE BROOCH - 23-50', 0, 0, 0, '', 0, 0),
(145, 1, 20, '0', 145, 145, '10145', 'SAREE BROOCH - 23-51', 0, 0, 0, '', 0, 0),
(146, 1, 20, '0', 146, 146, '10146', 'SAREE BROOCH - 23-73', 0, 0, 0, '', 0, 0),
(147, 1, 20, '0', 147, 147, '10147', 'SAREE BROOCH - 23-74', 0, 0, 0, '', 0, 0),
(148, 1, 20, '0', 148, 148, '10148', 'SAREE BROOCH - 23-99', 0, 0, 0, '', 0, 0),
(149, 1, 20, '0', 149, 149, '10149', 'SAREE BROOCH - 23-100', 0, 0, 0, '', 0, 0),
(150, 1, 20, '0', 150, 150, '10150', 'SAREE BROOCH - 23-101', 0, 0, 0, '', 0, 0),
(151, 1, 20, '0', 151, 151, '10151', 'SAREE BROOCH - 23-102', 0, 0, 0, '', 0, 0),
(152, 1, 20, '0', 152, 152, '10152', 'SAREE BROOCH - 23-103', 0, 0, 0, '', 0, 0),
(153, 1, 20, '0', 153, 153, '10153', 'SAREE BROOCH - 23-104', 0, 0, 0, '', 0, 0),
(154, 1, 20, '0', 154, 154, '10154', 'SAREE BROOCH - 23-105', 0, 0, 0, '', 0, 0),
(155, 1, 20, '0', 155, 155, '10155', 'SAREE BROOCH - 23-106', 0, 0, 0, '', 0, 0),
(156, 1, 20, '0', 156, 156, '10156', 'SAREE BROOCH - 23-107', 0, 0, 0, '', 0, 0),
(157, 1, 20, '0', 157, 157, '10157', 'SAREE BROOCH - 23-108', 0, 0, -0.000000000000064963907269495, '', 0, 0),
(158, 1, 20, '0', 158, 158, '10158', 'SAREE BROOCH - 23-110', 0, 0, -0.000000000000055120891016541, '', 0, 0),
(159, 1, 20, '0', 159, 159, '10159', 'SAREE BROOCH - 23-111', 0, 0, 0, '', 0, 0),
(160, 1, 20, '0', 160, 160, '10160', 'SAREE BROOCH - 23-112', 0, 0, -0.000000000000062723772536064, '', 0, 0),
(161, 1, 20, '0', 161, 161, '10161', 'HAIR PIN - 23-113', 0, 0, 0, '', 0, 0),
(162, 1, 20, '0', 162, 162, '10162', 'SAREE BROOCH - 23-115', 0, 0, 0, '', 0, 0),
(163, 1, 20, '0', 163, 163, '10163', 'SAREE BROOCH - 23-116', 0, 0, 0, '', 0, 0),
(164, 1, 20, '0', 164, 164, '10164', 'HABAYA PIN - 23-118', 0, 0, 0, '', 0, 0),
(165, 1, 20, '0', 165, 165, '10165', 'HABAYA PIN - 23-119', 0, 0, 0.000000000000075791225147744, '', 0, 0),
(166, 1, 20, '0', 166, 166, '10166', 'SAREE BROOCH - 23-125', 0, 0, -0.000000000000037895612573872, '', 0, 0),
(167, 1, 20, '0', 167, 167, '10167', 'WOOL BAND - 24-9', 0, 0, 0, '', 0, 0),
(168, 1, 20, '0', 168, 168, '10168', 'HAIR PEG - 25-1', 0, 0, 0, '', 0, 0),
(169, 1, 20, '0', 169, 169, '10169', 'HAIR PEG - 25-2', 0, 0, 0, '', 0, 0),
(170, 1, 20, '0', 171, 171, '10171', 'HAIR PEG - 25-4', 0, 0, 0, '', 0, 0),
(171, 1, 20, '0', 170, 170, '10170', 'HAIR PEG - 25-3', 0, 0, 0, '', 0, 0),
(172, 1, 20, '0', 172, 172, '10172', 'HAIR PEG - 25-5', 0, 0, 0, '', 0, 0),
(173, 1, 20, '0', 173, 173, '10173', 'HAIR PEG - 25-6', 0, 0, 0, '', 0, 0),
(174, 1, 20, '0', 174, 174, '10174', 'HAIR CLIP - 26-2', 0, 0, 0, '', 0, 0),
(175, 1, 20, '0', 175, 175, '10175', 'HAIR CLIP - 26-7', 0, 0, 0.0000000000000040602442043434, '', 0, 0),
(176, 1, 20, '0', 176, 176, '10176', 'HAIR CLIP - 26-9', 0, 0, 0.000000000000013885415294243, '', 0, 0),
(177, 1, 20, '0', 177, 177, '10177', 'HAIR CLIP - 26-10', 0, 0, 0.0000000000000029917588874109, '', 0, 0),
(178, 1, 20, '0', 178, 178, '10178', 'HAIR CLIP - 26-11', 0, 0, 0, '', 0, 0),
(179, 1, 20, '0', 179, 179, '10179', 'HAIR CLIP - 26-12', 0, 0, 0, '', 0, 0),
(180, 1, 20, '0', 180, 180, '10180', 'HAIR CLIP - 26-14', 0, 0, 0, '', 0, 0),
(181, 1, 20, '0', 181, 181, '10181', 'HAIR CLIP - 26-15', 0, 0, 0, '', 0, 0),
(182, 1, 20, '0', 182, 182, '10182', 'HAIR CLIP - 26-17', 0, 0, 0, '', 0, 0),
(183, 1, 20, '0', 183, 183, '10183', 'HAIR CLIP - 26-20', 0, 0, 0, '', 0, 0),
(184, 1, 20, '0', 184, 184, '10184', 'HAIR CLIP - 26-23', 0, 0, 0, '', 0, 0),
(185, 1, 20, '0', 185, 185, '10185', 'HAIR CLIP - 26-25', 0, 0, 0, '', 0, 0),
(186, 1, 20, '0', 186, 186, '10186', 'HAIR CLIP - 26-27', 0, 0, 0, '', 0, 0),
(187, 1, 20, '0', 187, 187, '10187', 'HAIR CLIP - 26-29', 0, 0, 0, '', 0, 0),
(188, 1, 20, '0', 188, 188, '10188', 'HAIR CLIP - 26-30', 0, 0, 0, '', 0, 0),
(189, 1, 20, '0', 189, 189, '10189', 'HAIR CLIP - 26-32', 0, 0, -0.0000000000000063159354289787, '', 0, 0),
(190, 1, 20, '0', 190, 190, '10190', 'HAIR CLIP - 26-33', 0, 0, 0, '', 0, 0),
(191, 1, 20, '0', 191, 191, '10191', 'HAIR CLIP - 26-34', 0, 0, 0.000000000000009473903143468, '', 0, 0),
(192, 1, 20, '0', 192, 192, '10192', 'BELTS - 27', 0, 0, 0, '', 0, 0),
(193, 1, 20, '0', 193, 193, '10193', 'SARI BROOCH - I001', 0, 0, 0.000000000000037895612573872, '', 0, 0),
(194, 1, 20, '0', 194, 194, '10194', 'SARI BROOCH - I002', 0, 0, 0, '', 0, 0),
(195, 1, 20, '0', 195, 195, '10195', 'SARI BROOCH - I003', 0, 0, 0, '', 0, 0),
(196, 1, 20, '0', 196, 196, '10196', 'SARI BROOCH - I004', 0, 0, 0, '', 0, 0),
(197, 1, 20, '0', 197, 197, '10197', 'SARI BROOCH - I006', 0, 0, 0, '', 0, 0),
(198, 1, 20, '0', 198, 198, '10198', 'SARI BROOCH - I007', 0, 0, 0, '', 0, 0),
(199, 1, 20, '0', 199, 199, '10199', 'SARI BROOCH - I008', 0, 0, 0, '', 0, 0),
(200, 1, 20, '0', 200, 200, '10200', 'SARI BROOCH - I009', 0, 0, 0, '', 0, 0),
(201, 1, 20, '0', 201, 201, '10201', 'SARI BROOCH - I010', 0, 0, 0, '', 0, 0),
(202, 1, 20, '0', 202, 202, '10202', 'SARI BROOCH - I011', 0, 0, 0, '', 0, 0),
(203, 1, 20, '0', 203, 203, '10203', 'SARI BROOCH - I012', 0, 0, 0, '', 0, 0),
(204, 1, 20, '0', 204, 204, '10204', 'SARI BROOCH - I013', 0, 0, 0, '', 0, 0),
(205, 1, 20, '0', 205, 205, '10205', 'SARI BROOCH - I014', 0, 0, 0, '', 0, 0),
(206, 1, 20, '0', 206, 206, '10206', 'SARI BROOCH - I015', 0, 0, 0, '', 0, 0),
(207, 1, 20, '0', 207, 207, '10207', 'SARI BROOCH - I016', 0, 0, 0, '', 0, 0),
(208, 1, 20, '0', 208, 208, '10208', 'EARING - I017', 0, 0, 0, '', 0, 0),
(209, 1, 20, '0', 209, 209, '10209', 'EARING - I018', 0, 0, 0, '', 0, 0),
(210, 1, 20, '0', 210, 210, '10210', 'EARING - I019', 0, 0, 0, '', 0, 0),
(211, 1, 20, '0', 211, 211, '10211', 'EARING - I021', 0, 0, -0.000000000000033684988954553, '', 0, 0),
(212, 1, 20, '0', 212, 212, '10212', 'EARING - I022', 0, 0, 0, '', 0, 0),
(213, 1, 20, '0', 213, 213, '10213', 'EARING - I023', 0, 0, 0, '', 0, 0),
(214, 1, 20, '0', 214, 214, '10214', 'EARING - I024', 0, 0, 0, '', 0, 0),
(215, 1, 20, '0', 215, 215, '10215', 'HAIR PEG - I026', 0, 0, 0, '', 0, 0),
(216, 1, 20, '0', 216, 216, '10216', 'SLIDE - I035', 0, 0, 0, '', 0, 0),
(217, 1, 20, '0', 217, 217, '10217', 'SLIDE - I036', 0, 0, 0, '', 0, 0),
(218, 1, 20, '0', 218, 218, '10218', 'SLIDE - I038', 0, 0, 0, '', 0, 0),
(219, 1, 20, '0', 219, 219, '10219', 'SLIDE - I039', 0, 0, 0, '', 0, 0),
(220, 1, 20, '0', 220, 220, '10220', 'KEY TAG - I040', 0, 0, 0, '', 0, 0),
(221, 1, 20, '0', 221, 221, '10221', 'HAIR ORNAMENT - I055', 0, 0, 0.0000000000000081204884086869, '', 0, 0),
(222, 1, 20, '0', 222, 222, '10222', 'SLIDE - I056', 0, 0, 0, '', 0, 0),
(223, 1, 20, '0', 223, 223, '10223', 'HAIR ORNAMENT - I058', 0, 0, 0, '', 0, 0),
(224, 1, 20, '0', 224, 224, '10224', 'SARI BROOCH - I060', 0, 0, 0, '', 0, 0),
(225, 1, 20, '0', 225, 225, '10225', 'HAIR ORNAMENT - I062', 0, 0, 0, '', 0, 0),
(226, 1, 20, '0', 226, 226, '10226', 'HAIR ORNAMENT - I065', 0, 0, -0.0000000000000074548746046961, '', 0, 0),
(227, 1, 20, '0', 227, 227, '10227', 'HAIR ORNAMENT - I066', 0, 0, 0, '', 0, 0),
(228, 1, 20, '0', 228, 228, '10228', 'SLIDE - I075', 0, 0, 0, '', 0, 0),
(229, 1, 20, '0', 229, 229, '10229', 'SLIDE - I076', 0, 0, 0, '', 0, 0),
(230, 1, 20, '0', 230, 230, '10230', 'SLIDE - I080', 0, 0, 0, '', 0, 0),
(231, 1, 20, '0', 231, 231, '10231', 'SLIDE - I081', 0, 0, 0, '', 0, 0),
(232, 1, 20, '0', 232, 232, '10232', 'SLIDE - I082', 0, 0, 0, '', 0, 0),
(233, 1, 20, '0', 233, 233, '10233', 'SLIDE - I083', 0, 0, 0, '', 0, 0),
(234, 1, 20, '0', 234, 234, '10234', 'SLIDE - I084', 0, 0, -0.000000000000009473903143468, '', 0, 0),
(235, 1, 20, '0', 235, 235, '10235', 'SLIDE - I085', 0, 0, 0, '', 0, 0),
(236, 1, 20, '0', 236, 236, '10236', 'WOOL BAND - I090', 0, 0, 0, '', 0, 0),
(237, 1, 20, '0', 237, 237, '10237', 'BROOCH - I128', 0, 0, 0, '', 0, 0),
(238, 1, 20, '0', 238, 238, '10238', 'SLIDE - I130', 0, 0, 0, '', 0, 0),
(239, 1, 20, '0', 239, 239, '10239', 'SLIDE - I131', 0, 0, 0, '', 0, 0),
(240, 1, 20, '0', 240, 240, '10240', 'HAIR CLIP - 184-2', 0, 0, 0, '', 0, 0),
(241, 2, 20, '0', 241, 241, '10241', 'Gents Purse - S4-1', 62, 176, 0, '', 0, 0),
(242, 2, 20, '0', 242, 242, '10242', 'Purse - S5-1', 12, 384, 0, '', 0, 0),
(243, 2, 20, '0', 243, 243, '10243', 'Purse - S5-2', 4, 384, 0, '', 0, 0),
(244, 2, 20, '0', 244, 244, '10244', 'Purse - S5-3', 3, 416, 0, '', 0, 0),
(245, 2, 20, '0', 245, 245, '10245', 'Purse - S5-4', 39, 416, 0, '', 0, 0),
(246, 2, 20, '0', 246, 246, '10246', 'Purse - S5-5', 7, 416, 0, '', 0, 0),
(247, 2, 20, '0', 247, 247, '10247', 'Purse - S5-6', 6, 416, 0, '', 0, 0),
(248, 2, 20, '0', 248, 248, '10248', 'Purse - S5-7', 2, 448, 0, '', 0, 0),
(249, 2, 20, '0', 249, 249, '10249', 'Purse - S5-9', 7, 432, 0, '', 0, 0),
(250, 2, 20, '0', 250, 250, '10250', 'Purse - S5-10', 17, 304, 0, '', 0, 0),
(251, 2, 20, '0', 251, 251, '10251', 'Purse - S5-11', 35, 416, 0, '', 0, 0),
(252, 2, 20, '0', 252, 252, '10252', 'Purse - S5-12', 2, 288, 0, '', 0, 0),
(253, 2, 20, '0', 253, 253, '10253', 'Purse - S5-13', 1, 352, 0, '', 0, 0),
(254, 2, 20, '0', 254, 254, '10254', 'Purse - S5-14', 26, 304, 0, '', 0, 0),
(255, 2, 20, '0', 255, 255, '10255', 'Purse - S5-15', 23, 528, 0, '', 0, 0),
(256, 2, 20, '0', 256, 256, '10256', 'Purse - S5-16', 1, 400, 0, '', 0, 0),
(257, 2, 20, '0', 257, 257, '10257', 'Purse - S5-19', 13, 560, 0, '', 0, 0),
(258, 2, 20, '0', 258, 258, '10258', 'Purse - S5-21', 1, 448, 0, '', 0, 0),
(259, 2, 20, '0', 259, 259, '10259', 'Purse - S5-22', 6, 400, 0, '', 0, 0),
(260, 2, 20, '0', 260, 260, '10260', 'Purse - S5-24', 4, 400, 0, '', 0, 0),
(261, 2, 20, '0', 261, 261, '10261', 'Purse - S6-1', 23, 217.6, 0, '', 0, 0),
(262, 2, 20, '0', 262, 262, '10262', 'Purse - S6-2', 137, 217.6, 0, '', 0, 0),
(263, 2, 20, '0', 263, 263, '10263', 'Purse - S6-3', 84, 217.6, 0.000000000000043309271512997, '', 0, 0),
(264, 2, 20, '0', 264, 264, '10264', 'Purse - S6-16', 10, 624, 0, '', 0, 0),
(265, 2, 20, '0', 265, 265, '10265', 'Purse - S6-12', 4, 345.6, 0, '', 0, 0),
(266, 2, 20, '0', 266, 266, '10266', 'Purse - S6-13', 18, 496, 0, '', 0, 0),
(267, 2, 20, '0', 267, 267, '10267', 'Ladies Bag - S7-1', 17, 1440, 0, '', 0, 0),
(268, 2, 20, '0', 268, 268, '10268', 'Ladies Bag - S7-10', 4, 1536, 0, '', 0, 0),
(269, 2, 20, '0', 269, 269, '10269', 'Ladies Bag - S7-16', 6, 1760, 0, '', 0, 0),
(270, 2, 20, '0', 270, 270, '10270', 'Ladies Bag - S8-3', 19, 1760, 0, '', 0, 0),
(271, 2, 20, '0', 271, 271, '10271', 'Ladies Bag - S8-4', 12, 1760, 0, '', 0, 0),
(272, 2, 20, '0', 272, 272, '10272', 'Ladies Bag - S8-5', 3, 1472, 0, '', 0, 0),
(273, 2, 20, '0', 273, 274, '10274', 'Ladies Bag - S9-4', 2, 2016, 0, '', 0, 0),
(274, 2, 20, '0', 274, 275, '10275', 'Ladies Bag - S9-5', 5, 1760, 0, '', 0, 0),
(275, 2, 20, '0', 275, 276, '10276', 'Ladies Bag - S9-6', 7, 1760, 0, '', 0, 0),
(276, 2, 20, '0', 276, 277, '10277', 'Ladies Bag - S9-7', 2, 1792, 0, '', 0, 0),
(277, 2, 20, '0', 277, 278, '10278', 'Purse - S10-1', 9, 464, 0, '', 0, 0),
(278, 2, 20, '0', 278, 279, '10279', 'Purse - S10-3', 29, 464, 0, '', 0, 0),
(279, 2, 20, '0', 279, 280, '10280', 'Purse - S10-6', 53, 464, 0, '', 0, 0),
(280, 2, 20, '0', 280, 281, '10281', 'Purse - S10-8', 103, 464, 0, '', 0, 0),
(281, 2, 20, '0', 281, 282, '10282', 'Purse - S10-10', 110, 464, 0, '', 0, 0),
(282, 2, 20, '0', 282, 283, '10283', 'Purse - S10-11', 69, 464, 0, '', 0, 0),
(283, 2, 20, '0', 283, 284, '10284', 'Purse - S11-1', 2, 416, 0, '', 0, 0),
(284, 2, 20, '0', 284, 285, '10285', 'Purse - S11-2', 2, 432, 0, '', 0, 0),
(285, 2, 20, '0', 285, 286, '10286', 'Purse - S11-3', 1, 416, 0, '', 0, 0),
(286, 2, 20, '0', 286, 287, '10287', 'Purse - S11-4', 2, 432, 0, '', 0, 0),
(287, 2, 20, '0', 287, 288, '10288', 'Purse - S11-5', 7, 432, 0, '', 0, 0),
(288, 2, 20, '0', 288, 289, '10289', 'Purse - S11-6', 42, 416, 0, '', 0, 0),
(289, 2, 20, '0', 289, 290, '10290', 'Purse - S11-7', 6, 416, 0, '', 0, 0),
(290, 2, 20, '0', 290, 291, '10291', 'Gents Purse - S12-1', 93, 176, 0, '', 0, 0),
(291, 2, 20, '0', 291, 292, '10292', 'Gents Purse - S12-2', 99, 224, 0, '', 0, 0),
(292, 2, 20, '0', 292, 293, '10293', 'Gents Purse - S12-3', 272, 224, 0, '', 0, 0),
(293, 2, 20, '0', 293, 294, '10294', 'Gents Purse - S12-4', 279, 224, 0, '', 0, 0),
(294, 2, 20, '0', 294, 295, '10295', 'Gents Purse - S12-5', 145, 224, 0, '', 0, 0),
(295, 2, 20, '0', 295, 296, '10296', 'Gents Purse - S12-6', 97, 224, 0, '', 0, 0),
(296, 2, 20, '0', 296, 297, '10297', 'Purse - S13-1', 65, 448, 0, '', 0, 0),
(297, 2, 20, '0', 297, 298, '10298', 'Purse - S13-2', 89, 480, 0, '', 0, 0),
(298, 2, 20, '0', 298, 299, '10299', 'Purse - S13-3', 24, 448, 0, '', 0, 0),
(299, 2, 20, '0', 299, 300, '10300', 'Purse - S13-4', 201, 448, 0, '', 0, 0),
(300, 2, 20, '0', 300, 301, '10301', 'Purse - S13-5', 138, 480, 0, '', 0, 0),
(301, 2, 20, '0', 301, 302, '10302', 'Purse - S13-6', 157, 448, 0, '', 0, 0),
(302, 2, 20, '0', 302, 303, '10303', 'Purse - S13-7', 99, 352, 0, '', 0, 0),
(303, 2, 20, '0', 303, 304, '10304', 'Purse - S13-8', 129, 448, 0, '', 0, 0),
(304, 2, 20, '0', 304, 305, '10305', 'Purse - S13-9', 95, 448, 0, '', 0, 0),
(305, 2, 20, '0', 305, 306, '10306', 'Purse - S13-10', 100, 448, 0, '', 0, 0),
(306, 2, 20, '0', 306, 307, '10307', 'Purse - S13-11', 61, 448, 0, '', 0, 0),
(307, 2, 20, '0', 307, 308, '10308', 'Purse - S13-12', 148, 448, 0, '', 0, 0),
(308, 2, 20, '0', 308, 309, '10309', 'Purse - S13-13', 64, 240, 0, '', 0, 0),
(309, 2, 20, '0', 309, 310, '10310', 'Purse - S14-1', 7, 480, 0, '', 0, 0),
(310, 2, 20, '0', 310, 311, '10311', 'Purse - S14-2', 2, 480, 0, '', 0, 0),
(311, 2, 20, '0', 311, 312, '10312', 'Purse - S14-3', 2, 480, 0, '', 0, 0),
(312, 2, 20, '0', 312, 313, '10313', 'Purse - S14-4', 8, 512, 0, '', 0, 0),
(313, 2, 20, '0', 313, 314, '10314', 'Purse - S14-5', 5, 480, 0, '', 0, 0),
(314, 2, 20, '0', 314, 315, '10315', 'Purse - S14-6', 54, 480, 0, '', 0, 0),
(315, 2, 20, '0', 315, 316, '10316', 'Purse - S14-7', 91, 480, 0, '', 0, 0),
(316, 2, 20, '0', 316, 317, '10317', 'Purse - S14-8', 102, 512, 0, '', 0, 0),
(317, 2, 20, '0', 317, 318, '10318', 'Purse - S14-9', 94, 512, 0, '', 0, 0),
(318, 2, 20, '0', 318, 319, '10319', 'Gents Purse - S15-13', 1, 1120, 0, '', 0, 0),
(319, 2, 20, '0', 319, 320, '10320', 'Gents Purse - S15-14', 1, 1120, 0, '', 0, 0),
(320, 2, 20, '0', 320, 321, '10321', 'Gents Purse - S15-11', 5, 1152, 0, '', 0, 0),
(321, 2, 20, '0', 321, 322, '10322', 'Gents Purse - S15-12', 1, 1440, 0, '', 0, 0),
(322, 2, 20, '0', 322, 323, '10323', 'Gents Purse - S15-15', 4, 1056, 0, '', 0, 0),
(323, 2, 20, '0', 323, 324, '10324', 'Gents Purse - S15-16', 1, 1120, 0, '', 0, 0),
(324, 2, 20, '0', 324, 325, '10325', 'Purse - S15-21', 112, 240, 0, '', 0, 0),
(325, 2, 20, '0', 325, 326, '10326', 'Purse - S15-22', 8, 608, 0, '', 0, 0),
(326, 2, 20, '0', 326, 327, '10327', 'Purse - S15-23', 145, 304, 0, '', 0, 0),
(327, 2, 20, '0', 327, 328, '10328', 'Purse - S15-25', 69, 249.6, 0.000000000000052724330537561, '', 0, 0),
(328, 2, 20, '0', 328, 329, '10329', 'Purse - S15-26', 2, 704, 0, '', 0, 0),
(329, 2, 20, '0', 329, 330, '10330', 'Purse - S16-1', 1, 272, 0, '', 0, 0),
(330, 2, 20, '0', 330, 331, '10331', 'Purse - S16-2', 1, 304, 0, '', 0, 0),
(331, 2, 20, '0', 331, 332, '10332', 'Purse - S16-3', 102, 137.6, 0.000000000000017833229446528, '', 0, 0),
(332, 2, 20, '0', 332, 333, '10333', 'Purse - S16-4', 1, 272, 0, '', 0, 0),
(333, 2, 20, '0', 333, 334, '10334', 'Purse - S16-5', 23, 249.6, 0, '', 0, 0),
(334, 2, 20, '0', 334, 335, '10335', 'Purse - S16-6', 76, 185.6, 0, '', 0, 0),
(335, 2, 20, '0', 335, 336, '10336', 'Purse - S16-7', 35, 185.6, 0, '', 0, 0),
(336, 2, 20, '0', 336, 337, '10337', 'Purse - S16-8', 4, 384, 0, '', 0, 0),
(337, 2, 20, '0', 337, 338, '10338', 'Purse - S16-9', 1, 249.6, 0, '', 0, 0),
(338, 2, 20, '0', 338, 339, '10339', 'Purse - S16-12', 26, 320, 0, '', 0, 0),
(339, 2, 20, '0', 339, 340, '10340', 'Purse - S16-13', 74, 288, 0, '', 0, 0),
(340, 2, 20, '0', 340, 341, '10341', 'Purse - S16-14', 2, 256, 0, '', 0, 0),
(341, 2, 20, '0', 341, 342, '10342', 'Serviets - S17-18', 106, 27.2, 0, '', 0, 0),
(342, 2, 20, '0', 342, 343, '10343', 'Serviets - S17-3', 44, 89.6, 0.000000000000010335167065601, '', 0, 0),
(343, 2, 20, '0', 343, 344, '10344', 'Serviets - S17-5', 12, 21.76, 0, '', 0, 0),
(344, 2, 20, '0', 344, 345, '10345', 'Serviets - S17-6', 96, 32, 0, '', 0, 0),
(345, 2, 20, '0', 345, 346, '10346', 'Serviets - S17-7', 288, 89.6, 0, '', 0, 0),
(346, 2, 20, '0', 346, 347, '10347', 'Serviets - S17-9', 132, 13.44, 0, '', 0, 0),
(347, 2, 20, '0', 347, 348, '10348', 'Serviets - S17-11', 60, 54.4, 0, '', 0, 0),
(348, 2, 20, '0', 348, 349, '10349', 'Serviets - S17-13', 1667, 24.96, 0, '', 0, 0),
(349, 2, 20, '0', 349, 350, '10350', 'Serviets - S17-15', 203, 64, 0, '', 0, 0),
(350, 2, 20, '0', 350, 351, '10351', 'Serviets - S17-19', 11, 24.96, 0, '', 0, 0),
(351, 2, 20, '0', 351, 352, '10352', 'Serviets - S18-1', 84, 30.4, 0, '', 0, 0),
(352, 2, 20, '0', 352, 353, '10353', 'Serviets - S18-2', 380, 21.44, -0.0000000000000023934071099288, '', 0, 0),
(353, 2, 20, '0', 353, 354, '10354', 'Serviets - S18-3', 12, 12.48, 0, '', 0, 0),
(354, 2, 20, '0', 354, 355, '10355', 'Serviets - S18-4', 24, 14.4, 0, '', 0, 0),
(355, 2, 20, '0', 355, 356, '10356', 'Serviets - S18-5', 360, 25.6, 0, '', 0, 0),
(356, 2, 20, '0', 356, 357, '10357', 'Serviets - S18-6', 8, 19.2, 0, '', 0, 0),
(357, 2, 20, '0', 357, 358, '10358', 'Serviets - S18-7', 192, 12.48, 0, '', 0, 0),
(358, 2, 20, '0', 358, 359, '10359', 'Serviets - S18-8', 309, 12.48, 0, '', 0, 0),
(359, 2, 20, '0', 359, 360, '10360', 'Serviets - S18-9', 48, 38.4, 0.000000000000004736951571734, '', 0, 0),
(360, 2, 20, '0', 360, 361, '10361', 'Serviets - S18-10', 575, 44.8, 0, '', 0, 0),
(361, 2, 20, '0', 361, 362, '10362', 'Serviets - S18-11', 672, 60.8, 0, '', 0, 0),
(362, 3, 20, '0', 362, 363, '10363', 'SIDE PURSE - H1-1', 35, 342, 0, '', 0, 0),
(363, 3, 20, '0', 363, 364, '10364', 'SIDE PURSE - H1-3', 42, 378, 0, '', 0, 0),
(364, 3, 20, '0', 364, 365, '10365', 'SIDE PURSE - H1-4', 33, 378, 0, '', 0, 0),
(365, 3, 20, '0', 365, 366, '10366', 'SIDE PURSE - H1-6', 8, 378, 0, '', 0, 0),
(366, 3, 20, '0', 366, 367, '10367', 'SIDE PURSE - H1-8', 3, 450, 0, '', 0, 0),
(367, 3, 20, '0', 367, 368, '10368', 'SIDE PURSE - H1-9', 7, 378, 0, '', 0, 0),
(368, 3, 20, '0', 368, 369, '10369', 'SIDE PURSE - H1-11', 62, 288, 0, '', 0, 0),
(369, 3, 20, '0', 369, 370, '10370', 'SIDE PURSE - H1-12', 9, 288, 0, '', 0, 0),
(370, 3, 20, '0', 370, 371, '10371', 'SIDE PURSE - H1-13', 2, 378, 0, '', 0, 0),
(371, 3, 20, '0', 371, 372, '10372', 'HAND BAG - H3-4', 2, 1728, 0, '', 0, 0),
(372, 3, 20, '0', 372, 373, '10373', 'PURSE - H5-2', 47, 543.96, -0.000000000000077403804406207, '', 0, 0),
(373, 3, 20, '0', 373, 374, '10374', 'PURSE - H5-3', 22, 543.96, 0, '', 0, 0),
(374, 3, 20, '0', 374, 375, '10375', 'PURSE - H5-4', 9, 543.96, 0, '', 0, 0),
(375, 3, 20, '0', 375, 376, '10376', 'PURSE - H4-1', 14, 702, 0, '', 0, 0),
(376, 3, 20, '0', 376, 377, '10377', 'PURSE - H4-3', 32, 702, 0, '', 0, 0),
(377, 3, 20, '0', 377, 378, '10378', 'PURSE - H4-4', 11, 702, 0, '', 0, 0),
(378, 3, 20, '0', 378, 379, '10379', 'PURSE - H4-5', 41, 702, 0, '', 0, 0),
(379, 3, 20, '0', 379, 380, '10380', 'PURSE - H4-6', 8, 702, 0, '', 0, 0),
(380, 3, 20, '0', 380, 381, '10381', 'PURSE - H4-7', 12, 702, 0, '', 0, 0),
(381, 3, 20, '0', 381, 382, '10382', 'PURSE - H4-9', 17, 702, 0, '', 0, 0),
(382, 3, 20, '0', 382, 383, '10383', 'PURSE - H4-10', 1, 702, 0, '', 0, 0),
(383, 3, 20, '0', 383, 384, '10384', 'PURSE - H4-11', 15, 702, 0, '', 0, 0),
(384, 3, 20, '0', 384, 385, '10385', 'PURSE - H4-12', 12, 702, 0, '', 0, 0),
(385, 3, 20, '0', 385, 386, '10386', 'SIDE BAG - H4-19', 1, 990, 0, '', 0, 0),
(386, 3, 20, '0', 386, 387, '10387', 'SIDE BAG - H4-23', 1, 1026, 0, '', 0, 0),
(387, 3, 20, '0', 387, 388, '10388', 'PURSE - H6-1', 16, 468, 0, '', 0, 0),
(388, 3, 20, '0', 388, 389, '10389', 'PURSE - H6-3', 16, 396, 0, '', 0, 0),
(389, 3, 20, '0', 389, 390, '10390', 'PURSE - H6-5', 51, 468, 0, '', 0, 0),
(390, 3, 20, '0', 390, 391, '10391', 'PURSE - H6-6', 20, 468, 0, '', 0, 0),
(391, 3, 20, '0', 391, 392, '10392', 'SIDE BAG - H6-8', 13, 540, 0, '', 0, 0),
(392, 3, 20, '0', 392, 393, '10393', 'SIDE BAG - H6-9', 75, 540, 0, '', 0, 0),
(393, 3, 20, '0', 393, 394, '10394', 'SIDE BAG - H6-10', 14, 504, 0, '', 0, 0),
(394, 3, 20, '0', 394, 395, '10395', 'HAND BAG - H9-2', 12, 1512, 0, '', 0, 0),
(395, 3, 20, '0', 395, 396, '10396', 'HAND BAG - H9-3', 1, 2088, 0, '', 0, 0),
(396, 3, 20, '0', 396, 397, '10397', 'HAND BAG - H9-4', 5, 1872, 0, '', 0, 0),
(397, 3, 20, '0', 397, 398, '10398', 'HAND BAG - H9-5', 5, 2232, 0, '', 0, 0),
(398, 3, 20, '0', 398, 399, '10399', 'HAND BAG - H9-7', 5, 2232, 0, '', 0, 0),
(399, 3, 20, '0', 399, 400, '10400', 'HAND BAG - H9-8', 4, 2088, 0, '', 0, 0),
(400, 3, 20, '0', 400, 401, '10401', 'HAND BAG - H9-9', 10, 2232, 0, '', 0, 0),
(401, 3, 20, '0', 401, 402, '10402', 'HAND BAG - H9-11', 17, 1512, 0, '', 0, 0),
(402, 3, 20, '0', 402, 403, '10403', 'HAND BAG - H9-12', 7, 2232, 0, '', 0, 0),
(403, 3, 20, '0', 403, 404, '10404', 'PURSE - H11-1', 3, 324, 0, '', 0, 0),
(404, 3, 20, '0', 404, 405, '10405', 'PURSE - H11-3', 1, 324, 0, '', 0, 0),
(405, 3, 20, '0', 405, 406, '10406', 'SIDE BAG - H11-11', 6, 1080, 0, '', 0, 0),
(406, 3, 20, '0', 406, 407, '10407', 'SIDE BAG - H11-12', 4, 1116, 0, '', 0, 0),
(407, 3, 20, '0', 407, 408, '10408', 'PURSE - H12-1', 22, 504, 0, '', 0, 0),
(408, 3, 20, '0', 408, 409, '10409', 'PURSE - H12-2', 46, 486, 0, '', 0, 0),
(409, 3, 20, '0', 409, 410, '10410', 'PURSE - H12-3', 49, 486, 0, '', 0, 0),
(410, 3, 20, '0', 410, 411, '10411', 'PURSE - H12-4', 39, 720, 0, '', 0, 0),
(411, 3, 20, '0', 411, 412, '10412', 'PURSE - H12-5', 27, 684, 0, '', 0, 0),
(412, 3, 20, '0', 412, 413, '10413', 'PURSE - H12-6', 18, 684, 0, '', 0, 0),
(413, 3, 20, '0', 413, 414, '10414', 'PURSE - H12-7', 24, 558, 0, '', 0, 0),
(414, 3, 20, '0', 414, 415, '10415', 'PURSE - H12-10', 1, 684, 0, '', 0, 0),
(415, 3, 20, '0', 415, 416, '10416', 'PURSE - H12-12', 3, 684, 0, '', 0, 0),
(416, 3, 20, '0', 416, 417, '10417', 'PURSE - H12-11', 54, 684, 0, '', 0, 0),
(417, 3, 20, '0', 417, 418, '10418', 'PURSE - H12-13', 2, 396, 0, '', 0, 0),
(418, 3, 20, '0', 418, 419, '10419', 'PURSE - H12-15', 1, 432, 0, '', 0, 0),
(419, 3, 20, '0', 419, 420, '10420', 'PURSE - H12-16', 3, 432, 0, '', 0, 0),
(420, 3, 20, '0', 420, 421, '10421', 'PURSE - H12-17', 3, 432, 0, '', 0, 0),
(421, 3, 20, '0', 421, 422, '10422', 'PURSE - H12-18', 3, 432, 0, '', 0, 0),
(422, 3, 20, '0', 422, 423, '10423', 'PURSE - H12-19', 2, 432, 0, '', 0, 0),
(423, 3, 20, '0', 423, 424, '10424', 'PURSE - H12-22', 1, 432, 0, '', 0, 0),
(424, 3, 20, '0', 424, 425, '10425', 'PURSE - H12-24', 3, 396, 0, '', 0, 0),
(425, 3, 20, '0', 425, 426, '10426', 'PURSE - H12-25', 3, 396, 0, '', 0, 0),
(426, 3, 20, '0', 426, 427, '10427', 'PURSE - H12-26', 13, 396, 0, '', 0, 0),
(427, 3, 20, '0', 427, 428, '10428', 'PURSE - H12-27', 7, 396, 0, '', 0, 0),
(428, 3, 20, '0', 428, 429, '10429', 'PURSE - H12-28', 1, 396, 0, '', 0, 0),
(429, 3, 20, '0', 429, 430, '10430', 'PURSE - H12-29', 9, 396, 0, '', 0, 0),
(430, 3, 20, '0', 430, 431, '10431', 'PURSE - H12-30', 13, 396, 0, '', 0, 0),
(431, 3, 20, '0', 431, 432, '10432', 'PURSE - H12-32', 9, 396, 0, '', 0, 0),
(432, 3, 20, '0', 432, 433, '10433', 'PURSE - H12-33', 8, 396, 0, '', 0, 0),
(433, 3, 20, '0', 433, 434, '10434', 'PURSE - H12-35', 1, 396, 0, '', 0, 0),
(434, 3, 20, '0', 434, 435, '10435', 'PURSE - H12-38', 1, 396, 0, '', 0, 0),
(435, 3, 20, '0', 435, 436, '10436', 'PURSE - H12-41', 1, 720, 0, '', 0, 0),
(436, 3, 20, '0', 436, 437, '10437', 'PURSE - H12-43', 3, 324, 0, '', 0, 0),
(437, 3, 20, '0', 437, 438, '10438', 'PURSE - H12-47', 3, 324, 0, '', 0, 0),
(438, 3, 20, '0', 438, 439, '10439', 'PURSE - H13-5', 59, 468, 0, '', 0, 0),
(439, 3, 20, '0', 439, 440, '10440', 'PURSE - H13-6', 3, 576, 0, '', 0, 0),
(440, 3, 20, '0', 440, 441, '10441', 'PURSE - H13-7', 28, 576, 0, '', 0, 0),
(441, 3, 20, '0', 441, 442, '10442', 'PURSE - H13-8', 44, 576, 0, '', 0, 0),
(442, 3, 20, '0', 442, 443, '10443', 'PURSE - H13-9', 25, 576, 0, '', 0, 0),
(443, 3, 20, '0', 443, 444, '10444', 'PURSE - H13-10', 60, 576, 0, '', 0, 0),
(444, 3, 20, '0', 444, 445, '10445', 'SIDE BAG - H13-13', 43, 540, 0, '', 0, 0),
(445, 3, 20, '0', 445, 446, '10446', 'PURSE - H13-16', 1, 360, 0, '', 0, 0),
(446, 3, 20, '0', 446, 447, '10447', 'PURSE - H13-17', 1, 360, 0, '', 0, 0),
(447, 3, 20, '0', 447, 448, '10448', 'PURSE - H13-18', 6, 360, 0, '', 0, 0),
(448, 3, 20, '0', 448, 449, '10449', 'PURSE - H14-1', 137, 540, 0, '', 0, 0),
(449, 3, 20, '0', 449, 450, '10450', 'PURSE - H14-2', 183, 540, 0, '', 0, 0),
(450, 3, 20, '0', 450, 451, '10451', 'PURSE - H14-3', 217, 540, 0, '', 0, 0),
(451, 3, 20, '0', 451, 452, '10452', 'PURSE - H14-4', 218, 540, 0, '', 0, 0),
(452, 3, 20, '0', 452, 453, '10453', 'PURSE - H14-5', 142, 414, 0, '', 0, 0),
(453, 3, 20, '0', 453, 454, '10454', 'PURSE - H16-1', 1, 396, 0, '', 0, 0),
(454, 3, 20, '0', 454, 455, '10455', 'PURSE - H16-2', 50, 378, 0, '', 0, 0),
(455, 3, 20, '0', 455, 456, '10456', 'PURSE - H16-4', 42, 432, 0, '', 0, 0),
(456, 3, 20, '0', 456, 457, '10457', 'PURSE - H16-5', 14, 450, 0, '', 0, 0),
(457, 3, 20, '0', 457, 458, '10458', 'PURSE - H16-6', 8, 468, 0, '', 0, 0),
(458, 3, 20, '0', 458, 459, '10459', 'PURSE - H17-1', 225, 576, 0, '', 0, 0),
(459, 3, 20, '0', 459, 460, '10460', 'PURSE - H17-2', 109, 468, 0, '', 0, 0),
(460, 3, 20, '0', 460, 461, '10461', 'PURSE - H17-3', 63, 468, 0, '', 0, 0),
(461, 3, 20, '0', 461, 462, '10462', 'PURSE - H17-4', 149, 450, 0, '', 0, 0),
(462, 3, 20, '0', 462, 463, '10463', 'PURSE - H18-1', 4, 288, 0, '', 0, 0),
(463, 3, 20, '0', 463, 464, '10464', 'PURSE - H19-1', 78, 360, 0, '', 0, 0),
(464, 3, 20, '0', 464, 465, '10465', 'PURSE - H19-2', 4, 298.8, 0, '', 0, 0),
(465, 3, 20, '0', 465, 466, '10466', 'PURSE - H19-4', 1, 342, 0, '', 0, 0),
(466, 3, 20, '0', 466, 467, '10467', 'PURSE - H19-5', 1, 306, 0, '', 0, 0),
(467, 3, 20, '0', 467, 468, '10468', 'PURSE - H19-6', 3, 306, 0, '', 0, 0),
(468, 3, 20, '0', 468, 469, '10469', 'PURSE - H19-7', 48, 522, 0, '', 0, 0),
(469, 3, 20, '0', 469, 470, '10470', 'SERVIET - H20-1', 799, 46.8, 0, '', 0, 0),
(470, 3, 20, '0', 470, 471, '10471', 'SERVIET - H20-2', 801, 54, 0, '', 0, 0),
(471, 3, 20, '0', 471, 472, '10472', 'SERVIET - H20-3', 921, 64.8, 0.0000000000000079000625561166, '', 0, 0),
(472, 3, 20, '0', 472, 473, '10473', 'SERVIET - H20-4', 967, 64.8, 0, '', 0, 0),
(473, 3, 20, '0', 473, 474, '10474', 'SERVIET - H20-5', 564, 46.8, 0.0000000000000064503170338506, '', 0, 0),
(474, 3, 20, '0', 474, 475, '10475', 'SERVIET - H20-6', 899, 25.2, 0, '', 0, 0),
(475, 3, 20, '0', 475, 476, '10476', 'SERVIET - H20-7', 660, 18, 0, '', 0, 0),
(476, 3, 20, '0', 476, 477, '10477', 'SERVIET - H20-8', 660, 21.6, -0.0000000000000027560445508271, '', 0, 0),
(477, 3, 20, '0', 477, 478, '10478', 'SERVIET - H20-9', 1028, 54, 0, '', 0, 0),
(478, 3, 20, '0', 478, 479, '10479', 'SERVIET - H20-10', 684, 46.8, 0.0000000000000053186824665084, '', 0, 0),
(479, 3, 20, '0', 479, 480, '10480', 'SERVIET - H20-11', 936, 54, 0, '', 0, 0),
(480, 3, 20, '0', 480, 481, '10481', 'SERVIET - H20-12', 979, 57.6, 0, '', 0, 0),
(481, 3, 20, '0', 481, 482, '10482', 'SERVIET - H20-13', 706, 28.8, 0, '', 0, 0),
(482, 3, 20, '0', 482, 483, '10483', 'SERVIET - H20-14', 71, 18, 0, '', 0, 0),
(483, 3, 20, '0', 483, 484, '10484', 'SERVIET - H20-15', 779, 54, 0, '', 0, 0),
(484, 3, 20, '0', 484, 485, '10485', 'SERVIET - H20-16', 700, 46.8, 0.0000000000000051971125815596, '', 0, 0),
(485, 3, 20, '0', 485, 486, '10486', 'SERVIET - H20-18', 899, 46.8, 0, '', 0, 0),
(486, 3, 20, '0', 486, 487, '10487', 'SERVIET - H20-19', 1060, 46.8, 0, '', 0, 0),
(487, 3, 20, '0', 487, 488, '10488', 'SERVIET - H20-20', 445, 21.6, 0, '', 0, 0),
(488, 3, 20, '0', 488, 489, '10489', 'SERVIET - H20-21', 515, 18, 0, '', 0, 0),
(489, 3, 20, '0', 489, 490, '10490', 'SERVIET - H20-23', 815, 72, 0, '', 0, 0),
(490, 3, 20, '0', 490, 491, '10491', 'SERVIET - H22-1', 636, 50.4, 0.0000000000000057200924639807, '', 0, 0),
(491, 3, 20, '0', 491, 492, '10492', 'SERVIET - H22-2', 815, 46.8, 0, '', 0, 0),
(492, 3, 20, '0', 492, 493, '10493', 'SERVIET - H22-3', 758, 34.2, -0.0000000000000047994443365326, '', 0, 0),
(493, 3, 20, '0', 493, 494, '10494', 'SERVIET - H22-6', 468, 34.2, -0.0000000000000038867294947561, '', 0, 0),
(494, 3, 20, '0', 494, 495, '10495', 'SERVIET - H22-8', 1091, 18, 0, '', 0, 0),
(495, 3, 20, '0', 495, 496, '10496', 'SERVIET - H22-9', 659, 16.2, 0, '', 0, 0),
(496, 4, 20, '0', 496, 497, '10497', 'WOOL BAND - Y1-1', 300, 30.4, 0, '', 0, 0),
(497, 4, 20, '0', 497, 498, '10498', 'WOOL BAND - Y1-3', 75, 32.3, 0, '', 0, 0),
(498, 4, 20, '0', 498, 499, '10499', 'WOOL BAND - Y1-4', 85, 20.9, 0.0000000000000026749844169792, '', 0, 0),
(499, 4, 20, '0', 499, 500, '10500', 'WOOL BAND - Y1-5', 200, 26.6, 0, '', 0, 0),
(500, 4, 20, '0', 500, 501, '10501', 'WOOL BAND - Y1-7', 100, 32.3, 0.0000000000000045474735088646, '', 0, 0),
(501, 4, 20, '0', 501, 502, '10502', 'WOOL BAND - Y1-8', 100, 17.1, -0.0000000000000022737367544323, '', 0, 0),
(502, 4, 20, '0', 502, 503, '10503', 'WOOL BAND - Y1-9', 82, 32.3, 0, '', 0, 0),
(503, 4, 20, '0', 503, 504, '10504', 'WOOL BAND - Y1-10', 100, 24.7, 0, '', 0, 0),
(504, 4, 20, '0', 504, 505, '10505', 'WOOL BAND - Y1-11', 137, 20.9, 0.0000000000000033193237290983, '', 0, 0),
(505, 4, 20, '0', 505, 506, '10506', 'WOOL BAND - Y1-12', 78, 38, 0, '', 0, 0),
(506, 4, 20, '0', 506, 507, '10507', 'WOOL BAND - Y1-14', 100, 20.9, 0, '', 0, 0),
(507, 4, 20, '0', 507, 508, '10508', 'WOOL BAND - Y1-15', 163, 19, 0, '', 0, 0),
(508, 4, 20, '0', 508, 509, '10509', 'WOOL BAND - Y1-16', 288, 24.7, 0.0000000000000031579677144893, '', 0, 0),
(509, 4, 20, '0', 509, 510, '10510', 'WOOL BAND - Y1-17', 300, 32.3, 0, '', 0, 0),
(510, 4, 20, '0', 510, 511, '10511', 'WOOL BAND - Y1-18', 100, 34.2, -0.0000000000000045474735088646, '', 0, 0),
(511, 4, 20, '0', 511, 512, '10512', 'WOOL BAND - Y1-19', 100, 32.3, 0.0000000000000045474735088646, '', 0, 0),
(512, 4, 20, '0', 512, 513, '10513', 'WOOL BAND - Y1-20', 61, 38, 0, '', 0, 0),
(513, 4, 20, '0', 513, 514, '10514', 'WOOL BAND - Y1-21', 200, 32.3, 0.0000000000000045474735088646, '', 0, 0),
(514, 4, 20, '0', 514, 515, '10515', 'WOOL BAND - Y1-22', 400, 30.4, 0, '', 0, 0),
(515, 4, 20, '0', 515, 516, '10516', 'WOOL BAND - Y1-23', 100, 38, 0, '', 0, 0),
(516, 4, 20, '0', 516, 517, '10517', 'WOOL BAND - Y1-24', 100, 19, 0, '', 0, 0),
(517, 4, 20, '0', 517, 518, '10518', 'WOOL BAND - Y1-25', 346, 53.2, 0, '', 0, 0),
(518, 4, 20, '0', 518, 519, '10519', 'WOOL BAND - Y1-26', 100, 9.5, 0, '', 0, 0),
(519, 4, 20, '0', 519, 520, '10520', 'WOOL BAND - Y1-27', 145, 197.6, 0, '', 0, 0),
(520, 4, 20, '0', 520, 521, '10521', 'WOOL BAND - Y1-28', 138, 197.6, 0, '', 0, 0),
(521, 4, 20, '0', 521, 522, '10522', 'WOOL BAND - Y1-30', 124, 171, 0, '', 0, 0),
(522, 4, 20, '0', 522, 523, '10523', 'KEY TAG - Y3-1', 27, 114, 0, '', 0, 0),
(523, 4, 20, '0', 523, 524, '10524', 'KEY TAG - Y3-2', 492, 171, 0, '', 0, 0),
(524, 4, 20, '0', 524, 525, '10525', 'KEY TAG - Y3-3', 114, 171, 0, '', 0, 0),
(525, 4, 20, '0', 525, 526, '10526', 'KEY TAG - Y3-4', 126, 247, 0, '', 0, 0),
(526, 4, 20, '0', 526, 527, '10527', 'KEY TAG - Y3-5', 17, 209, 0, '', 0, 0),
(527, 4, 20, '0', 527, 528, '10528', 'KEY TAG - Y3-9', 252, 68.4, -0.000000000000014436423837666, '', 0, 0),
(528, 4, 20, '0', 528, 529, '10529', 'SAREE BROOCH - Y5-1', 354, 171, 0, '', 0, 0),
(529, 4, 20, '0', 529, 530, '10530', 'SAREE BROOCH - Y5-2', 3630, 133, 0, '', 0, 0),
(530, 4, 20, '0', 530, 531, '10531', 'WOOL BAND - Y6-1', 57, 22.8, -0.0000000000000039890118498813, '', 0, 0),
(531, 4, 20, '0', 531, 532, '10532', 'WOOL BAND - Y6-2', 264, 38, 0, '', 0, 0),
(532, 4, 20, '0', 532, 533, '10533', 'WOOL BAND - Y6-3', 168, 38, 0, '', 0, 0),
(533, 4, 20, '0', 533, 534, '10534', 'WOOL BAND - Y6-6', 988, 15.2, 0.0000000000000018410823922529, '', 0, 0),
(534, 4, 20, '0', 534, 535, '10535', 'WOOL BAND - Y6-7', 30, 38, 0, '', 0, 0),
(535, 4, 20, '0', 535, 536, '10536', 'WOOL BAND - Y6-8', 288, 22.8, -0.0000000000000031579677144893, '', 0, 0),
(536, 4, 20, '0', 536, 537, '10537', 'WOOL BAND - Y6-9', 172, 38, 0, '', 0, 0),
(537, 4, 20, '0', 537, 538, '10538', 'WOOL BAND - Y6-10', 229, 38, 0, '', 0, 0),
(538, 4, 20, '0', 538, 539, '10539', 'WOOL BAND - Y6-11', 98, 22.8, 0, '', 0, 0),
(539, 4, 20, '0', 539, 540, '10540', 'WOOL BAND - Y6-13', 46, 26.6, -0.0000000000000049429059878963, '', 0, 0),
(540, 4, 20, '0', 540, 541, '10541', 'WOOL BAND - Y6-14', 100, 26.6, 0, '', 0, 0),
(541, 4, 20, '0', 541, 542, '10542', 'WOOL BAND - Y6-16', 500, 30.4, 0, '', 0, 0),
(542, 4, 20, '0', 542, 543, '10543', 'WOOL BAND - Y6-17', 187, 32.3, 0.0000000000000048636080308713, '', 0, 0),
(543, 4, 20, '0', 543, 544, '10544', 'WOOL BAND - Y6-19', 100, 30.4, 0, '', 0, 0),
(544, 4, 20, '0', 544, 545, '10545', 'WOOL BAND - Y6-20', 100, 22.8, 0, '', 0, 0),
(545, 4, 20, '0', 545, 546, '10546', 'WOOL BAND - Y6-21', 322, 30.4, 0, '', 0, 0),
(546, 4, 20, '0', 546, 547, '10547', 'WOOL BAND - Y6-22', 87, 32.3, 0, '', 0, 0),
(547, 4, 20, '0', 547, 548, '10548', 'WOOL BAND - Y6-24', 200, 26.6, 0, '', 0, 0),
(548, 4, 20, '0', 548, 549, '10549', 'WOOL BAND - Y6-25', 100, 41.8, 0, '', 0, 0),
(549, 4, 20, '0', 549, 550, '10550', 'BABY CLIP - Y8-3', 89, 342, 0, '', 0, 0),
(550, 4, 20, '0', 550, 551, '10551', 'BABY CLIP - Y8-4', 4, 380, 0, '', 0, 0),
(551, 4, 20, '0', 551, 552, '10552', 'BABY CLIP - Y8-5', 96, 266, 0, '', 0, 0),
(552, 4, 20, '0', 552, 553, '10553', 'WOOL BAND - Y9-2', 20, 29.64, 0, '', 0, 0),
(553, 4, 20, '0', 553, 554, '10554', 'WOOL BAND - Y9-3', 20, 32.3, 0, '', 0, 0),
(554, 4, 20, '0', 554, 555, '10555', 'WOOL BAND - Y9-4', 20, 30.4, 0, '', 0, 0),
(555, 4, 20, '0', 555, 556, '10556', 'WOOL BAND - Y9-5', 20, 31.16, 0, '', 0, 0),
(556, 4, 20, '0', 556, 557, '10557', 'WOOL BAND - Y9-6', 20, 33.44, 0, '', 0, 0),
(557, 4, 20, '0', 557, 558, '10558', 'WOOL BAND - Y9-8', 20, 31.16, 0, '', 0, 0),
(558, 4, 20, '0', 558, 559, '10559', 'WOOL BAND - Y9-9', 40, 33.44, 0, '', 0, 0),
(559, 4, 20, '0', 559, 560, '10560', 'WOOL BAND - Y9-10', 20, 33.44, 0, '', 0, 0),
(560, 4, 20, '0', 560, 561, '10561', 'WOOL BAND - Y9-11', 20, 34.2, 0, '', 0, 0),
(561, 4, 20, '0', 561, 562, '10562', 'WOOL BAND - Y9-12', 20, 31.16, 0, '', 0, 0),
(562, 4, 20, '0', 562, 563, '10563', 'WOOL BAND - Y9-14', 40, 31.16, 0, '', 0, 0),
(563, 4, 20, '0', 563, 564, '10564', 'WOOL BAND - Y9-15', 40, 31.16, 0, '', 0, 0),
(564, 4, 20, '0', 564, 565, '10565', 'WOOL BAND - Y9-16', 20, 34.2, 0, '', 0, 0),
(565, 4, 20, '0', 565, 566, '10566', 'WOOL BAND - Y9-17', 20, 31.16, 0, '', 0, 0),
(566, 4, 20, '0', 566, 567, '10567', 'WOOL BAND - Y9-18', 40, 31.16, 0, '', 0, 0),
(567, 4, 20, '0', 567, 568, '10568', 'WOOL BAND - Y9-20', 40, 38, 0, '', 0, 0),
(568, 4, 20, '0', 568, 569, '10569', 'SAREE BROOCH - Y10-1', 36, 247, 0, '', 0, 0),
(569, 4, 20, '0', 569, 570, '10570', 'SAREE BROOCH - Y10-8', 48, 133, 0, '', 0, 0),
(570, 4, 20, '0', 570, 571, '10571', 'SAREE BROOCH - Y10-9', 48, 133, 0, '', 0, 0),
(571, 4, 20, '0', 571, 572, '10572', 'SAREE BROOCH - Y10-10', 42, 133, 0, '', 0, 0),
(572, 4, 20, '0', 572, 573, '10573', 'SAREE BROOCH - Y10-11', 48, 133, 0, '', 0, 0),
(573, 4, 20, '0', 573, 574, '10574', 'SAREE BROOCH - Y10-12', 64, 133, 0, '', 0, 0),
(574, 4, 20, '0', 574, 575, '10575', 'SAREE BROOCH - Y10-13', 64, 133, 0, '', 0, 0),
(575, 4, 20, '0', 575, 576, '10576', 'SAREE BROOCH - Y10-14', 64, 133, 0, '', 0, 0),
(576, 4, 20, '0', 576, 577, '10577', 'SAREE BROOCH - Y10-15', 64, 133, 0, '', 0, 0),
(577, 4, 20, '0', 577, 578, '10578', 'SAREE BROOCH - Y10-16', 32, 133, 0, '', 0, 0),
(578, 4, 20, '0', 578, 579, '10579', 'SAREE BROOCH - Y10-17', 10, 133, 0, '', 0, 0),
(579, 4, 20, '0', 579, 580, '10580', 'SAREE BROOCH - Y10-18', 64, 133, 0, '', 0, 0),
(580, 4, 20, '0', 580, 581, '10581', 'SAREE BROOCH - Y10-20', 18, 114, 0, '', 0, 0),
(581, 4, 20, '0', 581, 582, '10582', 'SAREE BROOCH - Y10-22', 18, 114, 0, '', 0, 0),
(582, 4, 20, '0', 582, 583, '10583', 'SAREE BROOCH - Y10-23', 18, 114, 0, '', 0, 0),
(583, 4, 20, '0', 583, 584, '10584', 'SAREE BROOCH - Y10-24', 36, 114, 0, '', 0, 0),
(584, 4, 20, '0', 584, 585, '10585', 'SAREE BROOCH - Y10-26', 24, 114, 0, '', 0, 0),
(585, 4, 20, '0', 585, 586, '10586', 'SAREE BROOCH - Y10-27', 24, 114, 0, '', 0, 0),
(586, 4, 20, '0', 586, 587, '10587', 'SAREE BROOCH - Y10-30', 24, 76, 0, '', 0, 0),
(587, 4, 20, '0', 587, 588, '10588', 'SAREE BROOCH - Y10-31', 48, 76, 0, '', 0, 0),
(588, 4, 20, '0', 588, 589, '10589', 'SAREE BROOCH - Y10-32', 36, 76, 0, '', 0, 0),
(589, 4, 20, '0', 589, 590, '10590', 'SAREE BROOCH - Y10-33', 48, 76, 0, '', 0, 0),
(590, 4, 20, '0', 590, 591, '10591', 'HAIR PIN - Y12-1', 470, 36.1, 0, '', 0, 0),
(591, 4, 20, '0', 591, 592, '10592', 'HAIR PIN - Y12-2', 1118, 39.9, 0, '', 0, 0),
(592, 4, 20, '0', 592, 593, '10593', 'HAIR PIN - Y12-3', 407, 34.2, -0.0000000000000044692614337736, '', 0, 0),
(593, 4, 20, '0', 593, 594, '10594', 'HAIR PIN - Y12-4', 127, 39.9, 0, '', 0, 0),
(594, 4, 20, '0', 594, 595, '10595', 'HAIR PIN - Y12-5', 369, 39.9, 0, '', 0, 0),
(595, 4, 20, '0', 595, 596, '10596', 'HAIR PIN - Y12-7', 1, 22.8, 0, '', 0, 0),
(596, 4, 20, '0', 596, 597, '10597', 'HAIR PIN - Y12-9', 19, 24.7, 0, '', 0, 0),
(597, 4, 20, '0', 597, 598, '10598', 'HAIR PIN - Y12-10', 1, 38, 0, '', 0, 0),
(598, 4, 20, '0', 598, 599, '10599', 'HAIR PIN - Y12-11', 428, 39.9, 0, '', 0, 0),
(599, 4, 20, '0', 599, 600, '10600', 'HAIR PIN - Y12-12', 164, 39.9, 0.0000000000000055456994010544, '', 0, 0),
(600, 4, 20, '0', 600, 601, '10601', 'HAIR PIN - Y12-13', 281, 38, 0, '', 0, 0),
(601, 4, 20, '0', 601, 602, '10602', 'HAIR PIN - Y13-1', 264, 39.9, 0, '', 0, 0),
(602, 4, 20, '0', 602, 603, '10603', 'HAIR PIN - Y13-2', 298, 39.9, 0.0000000000000061039912870666, '', 0, 0),
(603, 4, 20, '0', 603, 604, '10604', 'HAIR PIN - Y13-3', 360, 39.9, 0, '', 0, 0),
(604, 4, 20, '0', 604, 605, '10605', 'HAIR PIN - Y13-4', 348, 39.9, 0.000000000000005226981044672, '', 0, 0),
(605, 4, 20, '0', 605, 606, '10606', 'HAIR PIN - Y13-5', 348, 39.9, 0.000000000000005226981044672, '', 0, 0),
(606, 4, 20, '0', 606, 607, '10607', 'HAIR PIN - Y13-6', 336, 39.9, 0, '', 0, 0),
(607, 4, 20, '0', 607, 608, '10608', 'HAIR PIN - Y13-7', 372, 39.9, 0, '', 0, 0),
(608, 4, 20, '0', 608, 609, '10609', 'HAIR PIN - Y13-8', 348, 39.9, 0.000000000000005226981044672, '', 0, 0),
(609, 4, 20, '0', 609, 610, '10610', 'HAIR PIN - Y13-9', 372, 51.3, 0, '', 0, 0),
(610, 4, 20, '0', 610, 611, '10611', 'HAIR PIN - Y13-10', 408, 51.3, 0.000000000000008916614723264, '', 0, 0),
(611, 4, 20, '0', 611, 612, '10612', 'HAIR PIN - Y13-11', 348, 51.3, 0.000000000000010453962089344, '', 0, 0),
(612, 4, 20, '0', 612, 613, '10613', 'HAIR PIN - Y13-12', 444, 51.3, 0.0000000000000081936459619183, '', 0, 0),
(613, 4, 20, '0', 613, 614, '10614', 'HAIR PIN - Y13-13', 348, 39.9, 0.000000000000005226981044672, '', 0, 0),
(614, 4, 20, '0', 614, 615, '10615', 'HAIR PIN - Y13-14', 372, 39.9, 0, '', 0, 0),
(615, 4, 20, '0', 615, 616, '10616', 'HAIR PIN - Y13-15', 375, 53.2, 0, '', 0, 0),
(616, 4, 20, '0', 616, 617, '10617', 'HAIR PIN - Y13-16', 360, 53.2, 0, '', 0, 0),
(617, 4, 20, '0', 617, 618, '10618', 'HAIR PIN - Y13-17', 396, 53.2, 0, '', 0, 0),
(618, 4, 20, '0', 618, 619, '10619', 'HAIR PIN - Y13-18', 468, 47.5, 0, '', 0, 0),
(619, 4, 20, '0', 619, 620, '10620', 'HAIR PIN - Y13-19', 438, 72.2, -0.000000000000008305887687424, '', 0, 0),
(620, 4, 20, '0', 620, 621, '10621', 'HAIR PIN - Y13-20', 336, 57, 0, '', 0, 0),
(621, 4, 20, '0', 621, 622, '10622', 'HAIR PIN - Y13-22', 396, 57, 0, '', 0, 0),
(622, 4, 20, '0', 622, 623, '10623', 'HAIR PIN - Y13-23', 70, 95, 0, '', 0, 0);
INSERT INTO `0_supp_invoice_items` (`id`, `supp_trans_no`, `supp_trans_type`, `gl_code`, `grn_item_id`, `po_detail_item_id`, `stock_id`, `description`, `quantity`, `unit_price`, `unit_tax`, `memo_`, `dimension_id`, `dimension2_id`) VALUES
(623, 4, 20, '0', 623, 624, '10624', 'HAIR PIN - Y13-24', 264, 24.7, 0, '', 0, 0),
(624, 4, 20, '0', 624, 625, '10625', 'HAIR PIN - Y13-25', 36, 13.3, 0, '', 0, 0),
(625, 4, 20, '0', 625, 626, '10626', 'HAIR PIN - Y13-26', 96, 13.3, -0.000000000000002368475785867, '', 0, 0),
(626, 4, 20, '0', 626, 627, '10627', 'HAIR PIN - Y13-27', 108, 13.3, 0, '', 0, 0),
(627, 4, 20, '0', 627, 628, '10628', 'HAIR PIN - Y13-28', 84, 15.2, 0, '', 0, 0),
(628, 4, 20, '0', 628, 629, '10629', 'HAIR PIN - Y13-29', 264, 15.2, 0.0000000000000017225278442669, '', 0, 0),
(629, 4, 20, '0', 629, 630, '10630', 'HAIR PIN - Y13-30', 240, 15.2, 0, '', 0, 0),
(630, 4, 20, '0', 630, 631, '10631', 'HAIR PIN - Y13-31', 240, 15.2, 0, '', 0, 0),
(631, 4, 20, '0', 631, 632, '10632', 'HAIR PIN - Y13-32', 84, 15.2, 0, '', 0, 0),
(632, 4, 20, '0', 632, 633, '10633', 'HAIR PIN - Y13-33', 48, 15.2, 0.000000000000002368475785867, '', 0, 0),
(633, 4, 20, '0', 633, 634, '10634', 'HAIR PIN - Y13-34', 204, 15.2, 0.000000000000002229153680816, '', 0, 0),
(634, 4, 20, '0', 634, 635, '10635', 'HAIR PIN - Y13-35', 216, 15.2, 0, '', 0, 0),
(635, 4, 20, '0', 635, 636, '10636', 'HAIR PIN - Y13-36', 355, 57, 0, '', 0, 0),
(636, 4, 20, '0', 636, 637, '10637', 'HAIR PIN - Y13-37', 372, 57, 0, '', 0, 0),
(637, 4, 20, '0', 637, 638, '10638', 'HAIR PIN - Y13-38', 300, 41.8, 0, '', 0, 0),
(638, 4, 20, '0', 638, 639, '10639', 'HAIR PIN - Y13-39', 229, 41.8, 0.0000000000000079431851683225, '', 0, 0),
(639, 4, 20, '0', 639, 640, '10640', 'HAIR PIN - Y13-40', 288, 41.8, 0, '', 0, 0),
(640, 4, 20, '0', 649, 650, '10650', 'HAIR PIN - Y13-50', 372, 30.4, 0, '', 0, 0),
(641, 4, 20, '0', 640, 641, '10641', 'HAIR PIN - Y13-41', 348, 41.8, 0, '', 0, 0),
(642, 4, 20, '0', 641, 642, '10642', 'HAIR PIN - Y13-42', 330, 39.9, 0, '', 0, 0),
(643, 4, 20, '0', 642, 643, '10643', 'HAIR PIN - Y13-43', 360, 34.2, -0.0000000000000050527483431829, '', 0, 0),
(644, 4, 20, '0', 643, 644, '10644', 'HAIR PIN - Y13-44', 296, 34.2, 0, '', 0, 0),
(645, 4, 20, '0', 644, 645, '10645', 'HAIR PIN - Y13-45', 360, 39.9, 0, '', 0, 0),
(646, 4, 20, '0', 645, 646, '10646', 'HAIR PIN - Y13-46', 360, 39.9, 0, '', 0, 0),
(647, 4, 20, '0', 646, 647, '10647', 'HAIR PIN - Y13-47', 180, 26.6, 0, '', 0, 0),
(648, 4, 20, '0', 647, 648, '10648', 'HAIR PIN - Y13-48', 360, 30.4, 0, '', 0, 0),
(649, 4, 20, '0', 648, 649, '10649', 'HAIR PIN - Y13-49', 360, 30.4, 0, '', 0, 0),
(650, 4, 20, '0', 650, 651, '10651', 'HAIR PIN - Y13-51', 345, 49.4, 0, '', 0, 0),
(651, 4, 20, '0', 651, 652, '10652', 'HAIR PIN - Y13-52', 372, 45.6, 0, '', 0, 0),
(652, 4, 20, '0', 652, 653, '10653', 'HAIR PIN - Y13-53', 408, 45.6, 0, '', 0, 0),
(653, 4, 20, '0', 653, 654, '10654', 'HAIR PIN - Y13-54', 396, 45.6, -0.0000000000000091868151694235, '', 0, 0),
(654, 4, 20, '0', 654, 655, '10655', 'HAIR PIN - Y13-55', 360, 45.6, 0, '', 0, 0),
(655, 4, 20, '0', 655, 656, '10656', 'HAIR PIN - Y13-56', 408, 45.6, 0, '', 0, 0),
(656, 4, 20, '0', 656, 657, '10657', 'HAIR PIN - Y13-57', 396, 57, 0, '', 0, 0),
(657, 4, 20, '0', 657, 658, '10658', 'HAIR PIN - Y13-58', 384, 45.6, 0, '', 0, 0),
(658, 4, 20, '0', 658, 659, '10659', 'HAIR PIN - Y13-59', 396, 45.6, -0.0000000000000091868151694235, '', 0, 0),
(659, 4, 20, '0', 659, 660, '10660', 'HAIR PIN - Y13-60', 348, 45.6, -0.000000000000005226981044672, '', 0, 0),
(660, 4, 20, '0', 660, 661, '10661', 'HAIR PIN - Y13-61', 480, 53.2, 0, '', 0, 0),
(661, 4, 20, '0', 661, 662, '10662', 'HAIR PIN - Y13-62', 444, 79.8, 0, '', 0, 0),
(662, 4, 20, '0', 662, 663, '10663', 'BEACH BAG - Y14-1', 13, 323, 0, '', 0, 0),
(663, 4, 20, '0', 663, 664, '10664', 'BEACH BAG - Y14-2', 2, 323, 0, '', 0, 0),
(664, 4, 20, '0', 664, 665, '10665', 'BEACH BAG - Y14-3', 19, 323, 0, '', 0, 0),
(665, 4, 20, '0', 665, 666, '10666', 'BEACH BAG - Y14-5', 33, 323, 0, '', 0, 0),
(666, 4, 20, '0', 666, 667, '10667', 'BEACH BAG - Y14-6', 17, 323, 0, '', 0, 0),
(667, 4, 20, '0', 667, 668, '10668', 'BEACH BAG - Y14-7', 39, 323, 0, '', 0, 0),
(668, 4, 20, '0', 668, 669, '10669', 'BEACH BAG - Y14-8', 15, 323, 0, '', 0, 0),
(669, 4, 20, '0', 669, 670, '10670', 'BEACH BAG - Y14-9', 13, 323, 0, '', 0, 0),
(670, 4, 20, '0', 670, 671, '10671', 'BEACH BAG - Y14-10', 7, 323, 0, '', 0, 0),
(671, 4, 20, '0', 671, 672, '10672', 'BEACH BAG - Y14-11', 19, 323, 0, '', 0, 0),
(672, 4, 20, '0', 672, 673, '10673', 'BEACH BAG - Y14-13', 46, 323, 0, '', 0, 0),
(673, 4, 20, '0', 673, 674, '10674', 'BEACH BAG - Y14-14', 66, 323, 0, '', 0, 0),
(674, 4, 20, '0', 674, 675, '10675', 'BEACH BAG - Y14-15', 17, 323, 0, '', 0, 0),
(675, 4, 20, '0', 675, 676, '10676', 'BEACH BAG - Y14-16', 65, 323, 0, '', 0, 0),
(676, 4, 20, '0', 676, 677, '10677', 'BEACH BAG - Y14-17', 20, 323, 0, '', 0, 0),
(677, 4, 20, '0', 677, 678, '10678', 'BEACH BAG - Y14-18', 55, 323, 0, '', 0, 0),
(678, 4, 20, '0', 678, 679, '10679', 'BEACH BAG - Y14-19', 19, 323, 0, '', 0, 0),
(679, 4, 20, '0', 679, 680, '10680', 'BEACH BAG - Y14-20', 3, 323, 0, '', 0, 0),
(680, 4, 20, '0', 680, 681, '10681', 'BEACH BAG - Y14-21', 49, 323, 0, '', 0, 0),
(681, 4, 20, '0', 681, 682, '10682', 'BEACH BAG - Y14-23', 18, 323, 0, '', 0, 0),
(682, 4, 20, '0', 682, 683, '10683', 'BEACH BAG - Y14-25', 3, 323, 0, '', 0, 0),
(683, 4, 20, '0', 683, 684, '10684', 'BEACH BAG - Y14-27', 23, 323, 0, '', 0, 0),
(684, 4, 20, '0', 684, 685, '10685', 'BEACH BAG - Y14-28', 11, 323, 0, '', 0, 0),
(685, 4, 20, '0', 685, 686, '10686', 'BEACH BAG - Y14-29', 12, 323, 0, '', 0, 0),
(686, 4, 20, '0', 686, 687, '10687', 'BEACH BAG - Y14-31', 1, 323, 0, '', 0, 0),
(687, 4, 20, '0', 687, 688, '10688', 'BEACH BAG - Y14-32', 34, 323, 0, '', 0, 0),
(688, 4, 20, '0', 688, 689, '10689', 'BEACH BAG - Y14-33', 27, 323, 0, '', 0, 0),
(689, 4, 20, '0', 689, 690, '10690', 'BEACH BAG - Y14-34', 38, 323, 0, '', 0, 0),
(690, 4, 20, '0', 690, 691, '10691', 'BEACH BAG - Y14-36', 1, 323, 0, '', 0, 0),
(691, 4, 20, '0', 691, 692, '10692', 'BEACH BAG - Y14-37', 22, 323, 0, '', 0, 0),
(692, 4, 20, '0', 692, 693, '10693', 'BEACH BAG - Y14-38', 39, 323, 0, '', 0, 0),
(693, 4, 20, '0', 693, 694, '10694', 'BEACH BAG - Y14-40', 14, 323, 0, '', 0, 0),
(694, 4, 20, '0', 694, 695, '10695', 'BEACH BAG - Y14-41', 44, 323, 0, '', 0, 0),
(695, 4, 20, '0', 695, 696, '10696', 'BEACH BAG - Y14-45', 40, 323, 0, '', 0, 0),
(696, 4, 20, '0', 696, 697, '10697', 'BEACH BAG - Y14-47', 71, 323, 0, '', 0, 0),
(697, 4, 20, '0', 697, 698, '10698', 'BEACH BAG - Y14-53', 6, 323, 0, '', 0, 0),
(698, 4, 20, '0', 698, 699, '10699', 'BEACH BAG - Y14-55', 1, 323, 0, '', 0, 0),
(699, 4, 20, '0', 699, 700, '10700', 'HAND BAG - Y15-2', 2, 1330, 0, '', 0, 0),
(700, 4, 20, '0', 700, 701, '10701', 'HAND BAG - Y15-3', 4, 2090, 0, '', 0, 0),
(701, 4, 20, '0', 701, 702, '10702', 'HAND BAG - Y15-8', 3, 1824, 0, '', 0, 0),
(702, 4, 20, '0', 702, 703, '10703', 'HAND BAG - Y15-9', 2, 1748, 0, '', 0, 0),
(703, 4, 20, '0', 703, 704, '10704', 'BAGPACK - Y16-1', 20, 760, 0, '', 0, 0),
(704, 4, 20, '0', 704, 705, '10705', 'BAGPACK - Y16-2', 41, 760, 0, '', 0, 0),
(705, 4, 20, '0', 705, 706, '10706', 'BAGPACK - Y16-3', 18, 646, 0, '', 0, 0),
(706, 4, 20, '0', 706, 707, '10707', 'BAGPACK - Y16-4', 36, 627, 0, '', 0, 0),
(707, 4, 20, '0', 707, 708, '10708', 'BAGPACK - Y16-5', 42, 760, 0, '', 0, 0),
(708, 4, 20, '0', 708, 709, '10709', 'BAGPACK - Y16-6', 41, 760, 0, '', 0, 0),
(709, 4, 20, '0', 709, 710, '10710', 'BAGPACK - Y16-7', 15, 760, 0, '', 0, 0),
(710, 4, 20, '0', 710, 711, '10711', 'SIDE PURSE - Y17-1', 5, 437, 0, '', 0, 0),
(711, 4, 20, '0', 711, 712, '10712', 'SIDE PURSE - Y17-2', 26, 437, 0, '', 0, 0),
(712, 4, 20, '0', 712, 713, '10713', 'SIDE PURSE - Y17-4', 2, 437, 0, '', 0, 0),
(713, 4, 20, '0', 713, 714, '10714', 'SIDE PURSE - Y17-5', 1, 437, 0, '', 0, 0),
(714, 4, 20, '0', 714, 715, '10715', 'SIDE PURSE - Y17-6', 1, 437, 0, '', 0, 0),
(715, 4, 20, '0', 715, 716, '10716', 'SIDE PURSE - Y17-7', 13, 437, 0, '', 0, 0),
(716, 4, 20, '0', 716, 717, '10717', 'SIDE PURSE - Y17-8', 24, 437, 0, '', 0, 0),
(717, 4, 20, '0', 717, 718, '10718', 'SIDE PURSE - Y17-10', 11, 437, 0, '', 0, 0),
(718, 4, 20, '0', 718, 719, '10719', 'SIDE PURSE - Y17-11', 1, 437, 0, '', 0, 0),
(719, 4, 20, '0', 719, 720, '10720', 'SIDE PURSE - Y17-14', 1, 1064, 0, '', 0, 0),
(720, 4, 20, '0', 720, 721, '10721', 'SIDE PURSE - Y17-17', 1, 1178, 0, '', 0, 0),
(721, 4, 20, '0', 721, 722, '10722', 'SIDE PURSE - Y17-19', 1, 1026, 0, '', 0, 0),
(722, 4, 20, '0', 722, 723, '10723', 'SIDE PURSE - Y17-20', 1, 608, 0, '', 0, 0),
(723, 4, 20, '0', 723, 724, '10724', 'LADIES PURSE - Y19-3', 4, 342, 0, '', 0, 0),
(724, 4, 20, '0', 724, 725, '10725', 'LADIES PURSE - Y19-7', 4, 475, 0, '', 0, 0),
(725, 4, 20, '0', 725, 726, '10726', 'LADIES PURSE - Y19-8', 22, 475, 0, '', 0, 0),
(726, 4, 20, '0', 726, 727, '10727', 'LADIES PURSE - Y19-9', 1, 494, 0, '', 0, 0),
(727, 4, 20, '0', 727, 728, '10728', 'LADIES PURSE - Y19-10', 1, 418, 0, '', 0, 0),
(728, 4, 20, '0', 728, 729, '10729', 'LADIES PURSE - Y19-11', 2, 475, 0, '', 0, 0),
(729, 4, 20, '0', 729, 730, '10730', 'LADIES PURSE - Y19-12', 8, 342, 0, '', 0, 0),
(730, 4, 20, '0', 730, 731, '10731', 'LADIES PURSE - Y19-14', 1, 334.4, 0, '', 0, 0),
(731, 4, 20, '0', 731, 732, '10732', 'LADIES PURSE - Y19-16', 2, 475, 0, '', 0, 0),
(732, 4, 20, '0', 732, 733, '10733', 'LADIES PURSE - Y19-17', 2, 494, 0, '', 0, 0),
(733, 4, 20, '0', 733, 734, '10734', 'LADIES PURSE - Y19-18', 1, 475, 0, '', 0, 0),
(734, 4, 20, '0', 734, 735, '10735', 'LADIES PURSE - Y19-19', 14, 456, 0, '', 0, 0),
(735, 4, 20, '0', 735, 736, '10736', 'LADIES PURSE - Y19-20', 2, 494, 0, '', 0, 0),
(736, 4, 20, '0', 736, 737, '10737', 'LADIES PURSE - Y19-21', 5, 513, 0, '', 0, 0),
(737, 4, 20, '0', 737, 738, '10738', 'LADIES PURSE - Y19-22', 6, 437, 0, '', 0, 0),
(738, 4, 20, '0', 738, 739, '10739', 'LADIES PURSE - Y19-23', 1, 418, 0, '', 0, 0),
(739, 4, 20, '0', 739, 740, '10740', 'LADIES PURSE - Y19-24', 1, 494, 0, '', 0, 0),
(740, 4, 20, '0', 740, 741, '10741', 'LADIES PURSE - Y19-25', 2, 513, 0, '', 0, 0),
(741, 4, 20, '0', 741, 742, '10742', 'LADIES PURSE - Y19-26', 1, 570, 0, '', 0, 0),
(742, 4, 20, '0', 742, 743, '10743', 'GENTS PURSE - Y19-27', 19, 1444, 0, '', 0, 0),
(743, 4, 20, '0', 743, 744, '10744', 'GENTS PURSE - Y19-28', 17, 1444, 0, '', 0, 0),
(744, 4, 20, '0', 744, 745, '10745', 'GENTS PURSE - Y19-29', 21, 988, 0, '', 0, 0),
(745, 4, 20, '0', 745, 746, '10746', 'GENTS PURSE - Y19-30', 6, 684, 0, '', 0, 0),
(746, 4, 20, '0', 746, 747, '10747', 'GENTS PURSE - Y19-31', 20, 1330, 0, '', 0, 0),
(747, 4, 20, '0', 747, 748, '10748', 'GENTS PURSE - Y19-32', 22, 1482, 0, '', 0, 0),
(748, 4, 20, '0', 748, 749, '10749', 'GENTS PURSE - Y19-33', 8, 608, 0, '', 0, 0),
(749, 4, 20, '0', 749, 750, '10750', 'GENTS PURSE - Y19-34', 6, 418, 0, '', 0, 0),
(750, 4, 20, '0', 750, 751, '10751', 'GENTS PURSE - Y19-36', 8, 418, 0, '', 0, 0),
(751, 4, 20, '0', 751, 752, '10752', 'GENTS PURSE - Y19-37', 5, 418, 0, '', 0, 0),
(752, 4, 20, '0', 752, 753, '10753', 'GENTS PURSE - Y19-38', 7, 418, 0, '', 0, 0),
(753, 4, 20, '0', 753, 754, '10754', 'GENTS PURSE - Y19-40', 1, 418, 0, '', 0, 0),
(754, 4, 20, '0', 754, 755, '10755', 'GENTS PURSE - Y19-46', 1, 456, 0, '', 0, 0),
(755, 4, 20, '0', 755, 756, '10756', 'GENTS PURSE - Y19-49', 12, 456, 0, '', 0, 0),
(756, 4, 20, '0', 756, 757, '10757', 'GENTS PURSE - Y19-50', 14, 456, 0, '', 0, 0),
(757, 4, 20, '0', 757, 758, '10758', 'GENTS PURSE - Y19-51', 8, 361, 0, '', 0, 0),
(758, 4, 20, '0', 758, 759, '10759', 'SIDE PURSE - Y19-66', 1, 627, 0, '', 0, 0),
(759, 4, 20, '0', 759, 760, '10760', 'SIDE PURSE - Y19-67', 3, 950, 0, '', 0, 0),
(760, 4, 20, '0', 760, 761, '10761', 'SIDE PURSE - Y19-68', 1, 570, 0, '', 0, 0),
(761, 4, 20, '0', 761, 762, '10762', 'SIDE PURSE - Y19-69', 2, 912, 0, '', 0, 0),
(762, 4, 20, '0', 762, 763, '10763', 'SIDE PURSE - Y19-70', 4, 570, 0, '', 0, 0),
(763, 4, 20, '0', 763, 764, '10764', 'SIDE PURSE - Y19-71', 2, 570, 0, '', 0, 0),
(764, 4, 20, '0', 764, 765, '10765', 'KEY TAG - Y22-2', 71, 171, 0, '', 0, 0),
(765, 4, 20, '0', 765, 766, '10766', 'KEY TAG - Y22-3', 102, 114, 0, '', 0, 0),
(766, 4, 20, '0', 766, 767, '10767', 'KEY TAG - Y22-4', 81, 133, 0, '', 0, 0),
(767, 4, 20, '0', 767, 768, '10768', 'KEY TAG - Y22-5', 63, 190, 0, '', 0, 0),
(768, 4, 20, '0', 768, 769, '10769', 'KEY TAG - Y22-7', 98, 133, 0, '', 0, 0),
(769, 4, 20, '0', 769, 770, '10770', 'KEY TAG - Y22-8', 93, 34.2, -0.0000000000000048897564611448, '', 0, 0),
(770, 4, 20, '0', 770, 771, '10771', 'KEY TAG - Y22-10', 82, 133, 0, '', 0, 0),
(771, 4, 20, '0', 771, 772, '10772', 'LADIES PURSE - H5-1', 1, 530.1, 0, '', 0, 0),
(772, 4, 20, '0', 772, 773, '10773', 'LADIES PURSE - H5-2', 3, 530.1, -0.000000000000075791225147744, '', 0, 0),
(773, 4, 20, '0', 773, 774, '10774', 'LADIES PURSE - H5-3', 13, 530.1, 0, '', 0, 0),
(774, 4, 20, '0', 774, 775, '10775', 'LADIES PURSE - H5-4', 63, 530.1, 0, '', 0, 0),
(775, 4, 20, '0', 775, 776, '10776', 'LADIES PURSE - H5-5', 39, 530.1, 0, '', 0, 0),
(776, 4, 20, '0', 776, 777, '10777', 'LADIES PURSE - H5-6', 57, 530.1, 0, '', 0, 0),
(777, 5, 20, '0', 1, 1, '10001', 'EARRING - 3-1', 15, 41.16, 0, '', 0, 0),
(778, 5, 20, '0', 2, 2, '10002', 'EARRING - 3-2', 40, 44.1, 0, '', 0, 0),
(779, 5, 20, '0', 3, 3, '10003', 'EARRING - 3-3', 70, 47.04, 0.0000000000000064963907269495, '', 0, 0),
(780, 5, 20, '0', 4, 4, '10004', 'BANGLE - 5-1', 510, 88.2, 0, '', 0, 0),
(781, 5, 20, '0', 5, 5, '10005', 'BANGLE - 5-4', 8, 220.5, 0, '', 0, 0),
(782, 5, 20, '0', 6, 6, '10006', 'BANGLE - 5-5', 208, 35.28, 0, '', 0, 0),
(783, 5, 20, '0', 7, 7, '10007', 'BANGLE - 5-7', 66, 44.1, 0, '', 0, 0),
(784, 5, 20, '0', 8, 8, '10008', 'NECKLACE SETS - 7-1', 302, 426.3, 0, '', 0, 0),
(785, 5, 20, '0', 9, 9, '10009', 'NECKLACE SETS - 7-2', 641, 426.3, 0, '', 0, 0),
(786, 5, 20, '0', 10, 10, '10010', 'WOOL BAND - 8-1', 16, 352.8, 0, '', 0, 0),
(787, 5, 20, '0', 11, 11, '10011', 'WOOL BAND - 8-2', 21, 235.2, 0, '', 0, 0),
(788, 5, 20, '0', 12, 12, '10012', 'WOOL BAND - 8-3', 7, 382.2, 0, '', 0, 0),
(789, 5, 20, '0', 13, 13, '10013', 'WOOL BAND - 8-4', 21, 382.2, 0, '', 0, 0),
(790, 5, 20, '0', 14, 14, '10014', 'WOOL BAND - 8-5', 24, 411.6, -0.000000000000075791225147744, '', 0, 0),
(791, 5, 20, '0', 15, 15, '10015', 'WOOL BAND - 8-8', 18, 558.6, -0.00000000000010105496686366, '', 0, 0),
(792, 5, 20, '0', 16, 16, '10016', 'WOOL BAND - 8-9', 18, 588, 0, '', 0, 0),
(793, 5, 20, '0', 17, 17, '10017', 'WOOL BAND - 8-10', 40, 249.9, 0, '', 0, 0),
(794, 5, 20, '0', 18, 18, '10018', 'HAIR CLIP - 10-4', 45, 77.62, 0, '', 0, 0),
(795, 5, 20, '0', 19, 19, '10019', 'HAIR CLIP - 10-5', 12, 70.56, 0, '', 0, 0),
(796, 5, 20, '0', 20, 20, '10020', 'HAIR CLIP - 10-11', 121, 77.62, 0, '', 0, 0),
(797, 5, 20, '0', 21, 21, '10021', 'HAIR CLIP - 10-19', 37, 119.95, -0.000000000000024580937885755, '', 0, 0),
(798, 5, 20, '0', 22, 22, '10022', 'HAIR CLIP - 10-20', 82, 70.56, 0, '', 0, 0),
(799, 5, 20, '0', 23, 23, '10023', 'HAIR CLIP - 10-21', 6, 222.26, 0, '', 0, 0),
(800, 5, 20, '0', 24, 24, '10024', 'HAIR CLIP - 10-22', 102, 77.62, -0.000000000000008916614723264, '', 0, 0),
(801, 5, 20, '0', 25, 25, '10025', 'HAIR CLIP - 10-24', 27, 63.5, 0, '', 0, 0),
(802, 5, 20, '0', 26, 26, '10026', 'HAIR CLIP - 10-25', 27, 141.12, -0.000000000000016842494477276, '', 0, 0),
(803, 5, 20, '0', 27, 27, '10027', 'HAIR CLIP - 10-31', 1, 155.82, 0, '', 0, 0),
(804, 5, 20, '0', 28, 28, '10028', 'HAIR CLIP - 10-32', 1, 155.82, 0, '', 0, 0),
(805, 5, 20, '0', 29, 29, '10029', 'HAIR CLIP - 10-33', 1, 264.6, 0, '', 0, 0),
(806, 5, 20, '0', 30, 30, '10030', 'HAIR CLIP - 10-34', 40, 169.34, 0, '', 0, 0),
(807, 5, 20, '0', 31, 31, '10031', 'SOLER POWER - 30-1', 200, 82.32, 0, '', 0, 0),
(808, 5, 20, '0', 32, 32, '10032', 'HAIR CLIP - 31-2', 124, 176.4, -0.000000000000029338538766869, '', 0, 0),
(809, 5, 20, '0', 33, 33, '10033', 'HAIR CLIP - 32-6', 16, 705.6, 0, '', 0, 0),
(810, 5, 20, '0', 34, 34, '10034', 'HAIR CLIP - 35-1', 5, 382.2, 0, '', 0, 0),
(811, 5, 20, '0', 35, 35, '10035', 'HAIR CLIP - 35-4', 17, 147, 0, '', 0, 0),
(812, 5, 20, '0', 36, 36, '10036', 'HAIR CLIP - 35-5', 17, 235.2, 0.000000000000026749844169792, '', 0, 0),
(813, 5, 20, '0', 37, 37, '10037', 'HAIR CLIP - 35-10', 31, 470.4, 0, '', 0, 0),
(814, 5, 20, '0', 38, 38, '10038', 'HAIR CLIP - 35-11', 16, 441, 0, '', 0, 0),
(815, 5, 20, '0', 39, 39, '10039', 'HAIR CLIP - 36-1', 35, 141.12, 0, '', 0, 0),
(816, 5, 20, '0', 40, 40, '10040', 'BROOCH - 32--2', 11, 720, 0, '', 0, 0),
(817, 5, 20, '0', 41, 41, '10041', 'Wedding Purse - 2-1', 125, 936, 0, '', 0, 0),
(818, 5, 20, '0', 42, 42, '10042', 'Purse - 5-2', 63, 253.5, 0, '', 0, 0),
(819, 5, 20, '0', 43, 43, '10043', 'Ladies Purse - 6-1', 33, 304.2, 0, '', 0, 0),
(820, 5, 20, '0', 44, 44, '10044', 'Hand Band - 6-2', 2, 304.2, 0, '', 0, 0),
(821, 5, 20, '0', 45, 45, '10045', 'Ladies Purse - 7-9', 71, 124.8, 0, '', 0, 0),
(822, 5, 20, '0', 46, 46, '10046', 'HAIR PEG - 11-2', 2, 140.4, 0, '', 0, 0),
(823, 5, 20, '0', 47, 47, '10047', 'HAIR PEG - 11-3', 7, 140.4, -0.000000000000016240976817374, '', 0, 0),
(824, 5, 20, '0', 48, 48, '10048', 'HAIR PEG - 11-7', 6, 294.84, 0, '', 0, 0),
(825, 5, 20, '0', 49, 49, '10049', 'HAIR PEG - 11-8', 3, 84.24, 0.000000000000009473903143468, '', 0, 0),
(826, 5, 20, '0', 50, 50, '10050', 'HAIR PEG - 11-12', 1, 248.04, 0, '', 0, 0),
(827, 5, 20, '0', 51, 51, '10051', 'HAIR PEG - 11-14', 32, 271.44, 0, '', 0, 0),
(828, 5, 20, '0', 52, 52, '10052', 'HAIR PEG - 11-18', 47, 93.6, 0, '', 0, 0),
(829, 5, 20, '0', 53, 53, '10053', 'HAIR PEG - 11-20', 4, 102.96, 0, '', 0, 0),
(830, 5, 20, '0', 54, 54, '10054', 'HAIR PEG - 11-22', 14, 585, 0, '', 0, 0),
(831, 5, 20, '0', 55, 55, '10055', 'HAIR PEG - 11-23', 2, 514.8, 0, '', 0, 0),
(832, 5, 20, '0', 56, 56, '10056', 'HAIR PEG - 11-24', 27, 126.36, 0, '', 0, 0),
(833, 5, 20, '0', 57, 57, '10057', 'HAIR PEG - 11-27', 40, 56.16, 0.000000000000011368683772162, '', 0, 0),
(834, 5, 20, '0', 58, 58, '10058', 'HAIR PEG - 11-33', 5, 121.68, -0.000000000000022737367544323, '', 0, 0),
(835, 5, 20, '0', 59, 59, '10059', 'HAIR PEG - 11-37', 23, 173.16, 0, '', 0, 0),
(836, 5, 20, '0', 60, 60, '10060', 'HAIR PEG - 11-38', 31, 173.16, 0, '', 0, 0),
(837, 5, 20, '0', 61, 61, '10061', 'HAIR PEG - 11-41', 34, 196.56, 0, '', 0, 0),
(838, 5, 20, '0', 62, 62, '10062', 'HAIR PEG - 11-47', 1, 294.84, 0, '', 0, 0),
(839, 5, 20, '0', 63, 63, '10063', 'HAIR PEG - 11-50', 3, 102.96, 0, '', 0, 0),
(840, 5, 20, '0', 64, 64, '10064', 'HAIR PEG - 11-51', 1, 102.96, 0, '', 0, 0),
(841, 5, 20, '0', 65, 65, '10065', 'HAIR PEG - 11-54', 1, 187.2, 0, '', 0, 0),
(842, 5, 20, '0', 66, 66, '10066', 'HAIR PEG - 11-55', 2, 93.6, 0, '', 0, 0),
(843, 5, 20, '0', 67, 67, '10067', 'HAIR PEG - 11-56', 8, 280.8, 0, '', 0, 0),
(844, 5, 20, '0', 68, 68, '10068', 'HAIR PEG - 11-57', 4, 65.52, 0, '', 0, 0),
(845, 5, 20, '0', 69, 69, '10069', 'HAIR PEG - 11-58', 1, 205.92, 0, '', 0, 0),
(846, 5, 20, '0', 70, 70, '10070', 'HAIR PEG - 11-61', 1, 842.4, 0, '', 0, 0),
(847, 5, 20, '0', 71, 71, '10071', 'HAIR PEG - 11-62', 36, 468, 0, '', 0, 0),
(848, 5, 20, '0', 72, 72, '10072', 'HAIR PEG - 11-65', 100, 84.24, 0, '', 0, 0),
(849, 5, 20, '0', 73, 73, '10073', 'HAIR PEG - 11-66', 5, 248.04, 0, '', 0, 0),
(850, 5, 20, '0', 74, 74, '10074', 'HAIR PEG - 11-70', 4, 370.5, 0, '', 0, 0),
(851, 5, 20, '0', 75, 75, '10075', 'HAIR PEG - 11-72', 22, 444.6, 0, '', 0, 0),
(852, 5, 20, '0', 76, 76, '10076', 'HAIR PEG - 11-73', 20, 468, 0, '', 0, 0),
(853, 5, 20, '0', 77, 77, '10077', 'HAIR PEG - 11-74', 169, 421.2, 0, '', 0, 0),
(854, 5, 20, '0', 78, 78, '10078', 'ELIS BAND - 11-76', 60, 655.2, 0, '', 0, 0),
(855, 5, 20, '0', 79, 79, '10079', 'ELIS BAND - 11-79', 12, 468, 0, '', 0, 0),
(856, 5, 20, '0', 80, 80, '10080', 'ELIS BAND - 11-80', 3, 538.2, -0.000000000000075791225147744, '', 0, 0),
(857, 5, 20, '0', 81, 81, '10081', 'ELIS BAND - 11-81', 24, 538.2, -0.000000000000075791225147744, '', 0, 0),
(858, 5, 20, '0', 82, 82, '10082', 'ELIS BAND - 11-82', 5, 631.8, 0, '', 0, 0),
(859, 5, 20, '0', 83, 83, '10083', 'HAIR PEG - 11-83', 396, 351, 0, '', 0, 0),
(860, 5, 20, '0', 84, 84, '10084', 'ELIS BAND - 11-88', 60, 140.4, 0, '', 0, 0),
(861, 5, 20, '0', 85, 85, '10085', 'RING - 12-1', 36, 3120, 0, '', 0, 0),
(862, 5, 20, '0', 86, 86, '10086', 'RING - 12-2', 34, 31.2, 0, '', 0, 0),
(863, 5, 20, '0', 87, 87, '10087', 'BRESLET - 13-1', 38, 327.6, -0.000000000000047868142198575, '', 0, 0),
(864, 5, 20, '0', 88, 88, '10088', 'BRESLET - 13-2', 37, 374.4, 0, '', 0, 0),
(865, 5, 20, '0', 89, 89, '10089', 'BRESLET - 13-5', 14, 327.6, -0.000000000000064963907269495, '', 0, 0),
(866, 5, 20, '0', 90, 90, '10090', 'BRESLET - 13-6', 2, 374.4, 0, '', 0, 0),
(867, 5, 20, '0', 91, 91, '10091', 'BRESLET - 13-7', 1, 234, 0, '', 0, 0),
(868, 5, 20, '0', 92, 92, '10092', 'BANGLE - 13-8', 2, 304.2, 0, '', 0, 0),
(869, 5, 20, '0', 93, 93, '10093', 'BRESLET - 13-10', 24, 374.4, 0.000000000000075791225147744, '', 0, 0),
(870, 5, 20, '0', 94, 94, '10094', 'BRESLET - 13-11', 37, 304.2, 0, '', 0, 0),
(871, 5, 20, '0', 95, 95, '10095', 'BRESLET - 13-12', 5, 304.2, 0, '', 0, 0),
(872, 5, 20, '0', 96, 96, '10096', 'BRESLET - 13-13', 22, 561.6, 0, '', 0, 0),
(873, 5, 20, '0', 97, 97, '10097', 'BRESLET - 13-14', 4, 374.4, 0, '', 0, 0),
(874, 5, 20, '0', 98, 98, '10098', 'BRESLET - 13-17', 22, 608.4, 0, '', 0, 0),
(875, 5, 20, '0', 99, 99, '10099', 'BRESLET - 13-15', 8, 234, 0, '', 0, 0),
(876, 5, 20, '0', 100, 100, '10100', 'BRESLET - 13-18', 25, 304.2, 0, '', 0, 0),
(877, 5, 20, '0', 101, 101, '10101', 'BRESLET - 13-19', 5, 468, 0, '', 0, 0),
(878, 5, 20, '0', 102, 102, '10102', 'BRESLET - 13-20', 2, 351, 0, '', 0, 0),
(879, 5, 20, '0', 103, 103, '10103', 'BRESLET - 13-21', 3, 468, 0, '', 0, 0),
(880, 5, 20, '0', 104, 104, '10104', 'BRESLET - 13-22', 6, 304.2, 0.000000000000037895612573872, '', 0, 0),
(881, 5, 20, '0', 105, 105, '10105', 'BRESLET - 13-23', 1, 327.6, 0, '', 0, 0),
(882, 5, 20, '0', 106, 106, '10106', 'EARING - 14-1', 38, 507, 0, '', 0, 0),
(883, 5, 20, '0', 107, 107, '10107', 'EARING - 14-5', 1, 585, 0, '', 0, 0),
(884, 5, 20, '0', 108, 108, '10108', 'BRESLET - 15-8', 28, 421.2, 0, '', 0, 0),
(885, 5, 20, '0', 109, 109, '10109', 'BRESLET - 15-2', 2, 468, 0, '', 0, 0),
(886, 5, 20, '0', 110, 110, '10110', 'BRESLET - 15-7', 27, 514.8, 0.000000000000067369977909106, '', 0, 0),
(887, 5, 20, '0', 111, 111, '10111', 'BRESLET - 15-4', 17, 421.2, 0, '', 0, 0),
(888, 5, 20, '0', 112, 112, '10112', 'BRESLET - 15-5', 4, 842.4, 0, '', 0, 0),
(889, 5, 20, '0', 113, 113, '10113', 'BRESLET - 15-6', 9, 2574, 0, '', 0, 0),
(890, 5, 20, '0', 114, 114, '10114', 'PABALU CHAIN - 16-1', 7, 234, 0, '', 0, 0),
(891, 5, 20, '0', 115, 115, '10115', 'PABALU CHAIN - 16-2', 49, 234, 0, '', 0, 0),
(892, 5, 20, '0', 116, 116, '10116', 'PABALU CHAIN - 16-3', 36, 390, 0, '', 0, 0),
(893, 5, 20, '0', 117, 117, '10117', 'PABALU CHAIN - 16-4', 18, 390, 0, '', 0, 0),
(894, 5, 20, '0', 118, 118, '10118', 'PABALU CHAIN - 16-5', 46, 304.2, 0.000000000000039543247903171, '', 0, 0),
(895, 5, 20, '0', 119, 119, '10119', 'PABALU CHAIN - 16-6', 37, 292.5, 0, '', 0, 0),
(896, 5, 20, '0', 120, 120, '10120', 'PABALU CHAIN - 16-7', 27, 292.5, 0, '', 0, 0),
(897, 5, 20, '0', 121, 121, '10121', 'PABALU CHAIN - 16-8', 47, 214.5, 0, '', 0, 0),
(898, 5, 20, '0', 122, 122, '10122', 'PABALU CHAIN - 16-9', 41, 214.5, 0, '', 0, 0),
(899, 5, 20, '0', 123, 123, '10123', 'PABALU CHAIN - 16-10', 10, 234, 0, '', 0, 0),
(900, 5, 20, '0', 124, 124, '10124', 'PABALU CHAIN - 16-11', 39, 234, 0, '', 0, 0),
(901, 5, 20, '0', 125, 125, '10125', 'PABALU CHAIN - 16-12', 23, 234, 0, '', 0, 0),
(902, 5, 20, '0', 126, 126, '10126', 'PABALU CHAIN - 16-13', 123, 795.6, 0, '', 0, 0),
(903, 5, 20, '0', 127, 127, '10127', 'PABALU CHAIN - 16-16', 48, 655.2, -0.000000000000075791225147744, '', 0, 0),
(904, 5, 20, '0', 128, 128, '10128', 'PABALU CHAIN - 16-17', 68, 561.6, 0, '', 0, 0),
(905, 5, 20, '0', 129, 129, '10129', 'PABALU CHAIN - 16-18', 20, 655.2, 0, '', 0, 0),
(906, 5, 20, '0', 130, 130, '10130', 'PABALU CHAIN - 16-19', 47, 561.6, 0, '', 0, 0),
(907, 5, 20, '0', 131, 131, '10131', 'PABALU CHAIN - 16-20', 33, 561.6, 0, '', 0, 0),
(908, 5, 20, '0', 132, 132, '10132', 'NECKLACE - 18-5', 363, 234, 0, '', 0, 0),
(909, 5, 20, '0', 133, 133, '10133', 'NECKLACE - 18-17', 203, 273, 0, '', 0, 0),
(910, 5, 20, '0', 134, 134, '10134', 'NECKLACE - 19-2', 12, 292.5, 0, '', 0, 0),
(911, 5, 20, '0', 135, 135, '10135', 'HEAD BAND - 21-10', 10, 351, 0, '', 0, 0),
(912, 5, 20, '0', 136, 136, '10136', 'HEAD BAND - 21-11', 20, 468, 0, '', 0, 0),
(913, 5, 20, '0', 137, 137, '10137', 'WOOL BAND - 22-1', 3, 234, 0, '', 0, 0),
(914, 5, 20, '0', 138, 138, '10138', 'WOOL BAND - 22-3', 3, 245.7, 0.000000000000037895612573872, '', 0, 0),
(915, 5, 20, '0', 139, 139, '10139', 'WOOL BAND - 22-4', 3, 280.8, -0.000000000000037895612573872, '', 0, 0),
(916, 5, 20, '0', 140, 140, '10140', 'WOOL BAND - 22-12', 2, 101.4, 0, '', 0, 0),
(917, 5, 20, '0', 141, 141, '10141', 'SAREE BROOCH - 23-24', 2, 1170, 0, '', 0, 0),
(918, 5, 20, '0', 142, 142, '10142', 'SAREE BROOCH - 23-38', 2, 1170, 0, '', 0, 0),
(919, 5, 20, '0', 143, 143, '10143', 'SAREE BROOCH - 23-44', 1, 1170, 0, '', 0, 0),
(920, 5, 20, '0', 144, 144, '10144', 'SAREE BROOCH - 23-50', 1, 1170, 0, '', 0, 0),
(921, 5, 20, '0', 145, 145, '10145', 'SAREE BROOCH - 23-51', 1, 1170, 0, '', 0, 0),
(922, 5, 20, '0', 146, 146, '10146', 'SAREE BROOCH - 23-73', 2, 1170, 0, '', 0, 0),
(923, 5, 20, '0', 147, 147, '10147', 'SAREE BROOCH - 23-74', 1, 1170, 0, '', 0, 0),
(924, 5, 20, '0', 148, 148, '10148', 'SAREE BROOCH - 23-99', 8, 468, 0, '', 0, 0),
(925, 5, 20, '0', 149, 149, '10149', 'SAREE BROOCH - 23-100', 9, 468, 0, '', 0, 0),
(926, 5, 20, '0', 150, 150, '10150', 'SAREE BROOCH - 23-101', 59, 468, 0, '', 0, 0),
(927, 5, 20, '0', 151, 151, '10151', 'SAREE BROOCH - 23-102', 15, 468, 0, '', 0, 0),
(928, 5, 20, '0', 152, 152, '10152', 'SAREE BROOCH - 23-103', 43, 468, 0, '', 0, 0),
(929, 5, 20, '0', 153, 153, '10153', 'SAREE BROOCH - 23-104', 6, 468, 0, '', 0, 0),
(930, 5, 20, '0', 154, 154, '10154', 'SAREE BROOCH - 23-105', 11, 468, 0, '', 0, 0),
(931, 5, 20, '0', 155, 155, '10155', 'SAREE BROOCH - 23-106', 10, 468, 0, '', 0, 0),
(932, 5, 20, '0', 156, 156, '10156', 'SAREE BROOCH - 23-107', 13, 327.6, 0, '', 0, 0),
(933, 5, 20, '0', 157, 157, '10157', 'SAREE BROOCH - 23-108', 7, 327.6, -0.000000000000064963907269495, '', 0, 0),
(934, 5, 20, '0', 158, 158, '10158', 'SAREE BROOCH - 23-110', 33, 327.6, -0.000000000000055120891016541, '', 0, 0),
(935, 5, 20, '0', 159, 159, '10159', 'SAREE BROOCH - 23-111', 37, 327.6, 0, '', 0, 0),
(936, 5, 20, '0', 160, 160, '10160', 'SAREE BROOCH - 23-112', 29, 327.6, -0.000000000000062723772536064, '', 0, 0),
(937, 5, 20, '0', 161, 161, '10161', 'HAIR PIN - 23-113', 13, 1404, 0, '', 0, 0),
(938, 5, 20, '0', 162, 162, '10162', 'SAREE BROOCH - 23-115', 7, 702, 0, '', 0, 0),
(939, 5, 20, '0', 163, 163, '10163', 'SAREE BROOCH - 23-116', 3, 702, 0, '', 0, 0),
(940, 5, 20, '0', 164, 164, '10164', 'HABAYA PIN - 23-118', 1, 608.4, 0, '', 0, 0),
(941, 5, 20, '0', 165, 165, '10165', 'HABAYA PIN - 23-119', 3, 608.4, 0.000000000000075791225147744, '', 0, 0),
(942, 5, 20, '0', 166, 166, '10166', 'SAREE BROOCH - 23-125', 3, 327.6, -0.000000000000037895612573872, '', 0, 0),
(943, 5, 20, '0', 167, 167, '10167', 'WOOL BAND - 24-9', 10, 214.5, 0, '', 0, 0),
(944, 5, 20, '0', 168, 168, '10168', 'HAIR PEG - 25-1', 640, 50.7, 0, '', 0, 0),
(945, 5, 20, '0', 169, 169, '10169', 'HAIR PEG - 25-2', 1100, 50.7, 0, '', 0, 0),
(946, 5, 20, '0', 171, 171, '10171', 'HAIR PEG - 25-4', 630, 50.7, 0, '', 0, 0),
(947, 5, 20, '0', 170, 170, '10170', 'HAIR PEG - 25-3', 640, 50.7, 0, '', 0, 0),
(948, 5, 20, '0', 172, 172, '10172', 'HAIR PEG - 25-5', 1100, 50.7, 0, '', 0, 0),
(949, 5, 20, '0', 173, 173, '10173', 'HAIR PEG - 25-6', 89, 48.75, 0, '', 0, 0),
(950, 5, 20, '0', 174, 174, '10174', 'HAIR CLIP - 26-2', 340, 31.2, 0, '', 0, 0),
(951, 5, 20, '0', 175, 175, '10175', 'HAIR CLIP - 26-7', 14, 23.4, 0.0000000000000040602442043434, '', 0, 0),
(952, 5, 20, '0', 176, 176, '10176', 'HAIR CLIP - 26-9', 131, 64.35, 0.000000000000013885415294243, '', 0, 0),
(953, 5, 20, '0', 177, 177, '10177', 'HAIR CLIP - 26-10', 19, 23.4, 0.0000000000000029917588874109, '', 0, 0),
(954, 5, 20, '0', 178, 178, '10178', 'HAIR CLIP - 26-11', 15, 23.4, 0, '', 0, 0),
(955, 5, 20, '0', 179, 179, '10179', 'HAIR CLIP - 26-12', 2, 54.6, 0, '', 0, 0),
(956, 5, 20, '0', 180, 180, '10180', 'HAIR CLIP - 26-14', 4, 78, 0, '', 0, 0),
(957, 5, 20, '0', 181, 181, '10181', 'HAIR CLIP - 26-15', 3, 78, 0, '', 0, 0),
(958, 5, 20, '0', 182, 182, '10182', 'HAIR CLIP - 26-17', 12, 175.5, 0, '', 0, 0),
(959, 5, 20, '0', 183, 183, '10183', 'HAIR CLIP - 26-20', 22, 46.8, 0, '', 0, 0),
(960, 5, 20, '0', 184, 184, '10184', 'HAIR CLIP - 26-23', 1, 39, 0, '', 0, 0),
(961, 5, 20, '0', 185, 185, '10185', 'HAIR CLIP - 26-25', 8, 46.8, 0, '', 0, 0),
(962, 5, 20, '0', 186, 186, '10186', 'HAIR CLIP - 26-27', 1, 39, 0, '', 0, 0),
(963, 5, 20, '0', 187, 187, '10187', 'HAIR CLIP - 26-29', 61, 39, 0, '', 0, 0),
(964, 5, 20, '0', 188, 188, '10188', 'HAIR CLIP - 26-30', 16, 39, 0, '', 0, 0),
(965, 5, 20, '0', 189, 189, '10189', 'HAIR CLIP - 26-32', 9, 35.1, -0.0000000000000063159354289787, '', 0, 0),
(966, 5, 20, '0', 190, 190, '10190', 'HAIR CLIP - 26-33', 31, 46.8, 0, '', 0, 0),
(967, 5, 20, '0', 191, 191, '10191', 'HAIR CLIP - 26-34', 24, 46.8, 0.000000000000009473903143468, '', 0, 0),
(968, 5, 20, '0', 192, 192, '10192', 'BELTS - 27', 703, 101.4, 0, '', 0, 0),
(969, 5, 20, '0', 193, 193, '10193', 'SARI BROOCH - I001', 96, 269.7, 0.000000000000037895612573872, '', 0, 0),
(970, 5, 20, '0', 194, 194, '10194', 'SARI BROOCH - I002', 1, 250.13, 0, '', 0, 0),
(971, 5, 20, '0', 195, 195, '10195', 'SARI BROOCH - I003', 36, 261, 0, '', 0, 0),
(972, 5, 20, '0', 196, 196, '10196', 'SARI BROOCH - I004', 30, 269.7, 0, '', 0, 0),
(973, 5, 20, '0', 197, 197, '10197', 'SARI BROOCH - I006', 131, 239.25, 0, '', 0, 0),
(974, 5, 20, '0', 198, 198, '10198', 'SARI BROOCH - I007', 5, 282.75, 0, '', 0, 0),
(975, 5, 20, '0', 199, 199, '10199', 'SARI BROOCH - I008', 1, 141.38, 0, '', 0, 0),
(976, 5, 20, '0', 200, 200, '10200', 'SARI BROOCH - I009', 12, 152.25, 0, '', 0, 0),
(977, 5, 20, '0', 201, 201, '10201', 'SARI BROOCH - I010', 14, 72.5, 0, '', 0, 0),
(978, 5, 20, '0', 202, 202, '10202', 'SARI BROOCH - I011', 4, 139.2, 0, '', 0, 0),
(979, 5, 20, '0', 203, 203, '10203', 'SARI BROOCH - I012', 2, 152.25, 0, '', 0, 0),
(980, 5, 20, '0', 204, 204, '10204', 'SARI BROOCH - I013', 2, 247.95, 0, '', 0, 0),
(981, 5, 20, '0', 205, 205, '10205', 'SARI BROOCH - I014', 1, 152.25, 0, '', 0, 0),
(982, 5, 20, '0', 206, 206, '10206', 'SARI BROOCH - I015', 1, 287.1, 0, '', 0, 0),
(983, 5, 20, '0', 207, 207, '10207', 'SARI BROOCH - I016', 1, 330.6, 0, '', 0, 0),
(984, 5, 20, '0', 208, 208, '10208', 'EARING - I017', 49, 182.7, 0, '', 0, 0),
(985, 5, 20, '0', 209, 209, '10209', 'EARING - I018', 12, 121.8, 0, '', 0, 0),
(986, 5, 20, '0', 210, 210, '10210', 'EARING - I019', 7, 261, 0, '', 0, 0),
(987, 5, 20, '0', 211, 211, '10211', 'EARING - I021', 27, 287.1, -0.000000000000033684988954553, '', 0, 0),
(988, 5, 20, '0', 212, 212, '10212', 'EARING - I022', 195, 87, 0, '', 0, 0),
(989, 5, 20, '0', 213, 213, '10213', 'EARING - I023', 148, 152.25, 0, '', 0, 0),
(990, 5, 20, '0', 214, 214, '10214', 'EARING - I024', 1, 152.25, 0, '', 0, 0),
(991, 5, 20, '0', 215, 215, '10215', 'HAIR PEG - I026', 4, 87, 0, '', 0, 0),
(992, 5, 20, '0', 216, 216, '10216', 'SLIDE - I035', 25, 52.2, 0, '', 0, 0),
(993, 5, 20, '0', 217, 217, '10217', 'SLIDE - I036', 16, 73.95, 0, '', 0, 0),
(994, 5, 20, '0', 218, 218, '10218', 'SLIDE - I038', 1, 65.25, 0, '', 0, 0),
(995, 5, 20, '0', 219, 219, '10219', 'SLIDE - I039', 1, 65.25, 0, '', 0, 0),
(996, 5, 20, '0', 220, 220, '10220', 'KEY TAG - I040', 1222, 16.31, 0, '', 0, 0),
(997, 5, 20, '0', 221, 221, '10221', 'HAIR ORNAMENT - I055', 7, 68.88, 0.0000000000000081204884086869, '', 0, 0),
(998, 5, 20, '0', 222, 222, '10222', 'SLIDE - I056', 17, 97.88, 0, '', 0, 0),
(999, 5, 20, '0', 223, 223, '10223', 'HAIR ORNAMENT - I058', 3, 50.75, 0, '', 0, 0),
(1000, 5, 20, '0', 224, 224, '10224', 'SARI BROOCH - I060', 89, 58, 0, '', 0, 0),
(1001, 5, 20, '0', 225, 225, '10225', 'HAIR ORNAMENT - I062', 12, 29, 0, '', 0, 0),
(1002, 5, 20, '0', 226, 226, '10226', 'HAIR ORNAMENT - I065', 244, 54.38, -0.0000000000000074548746046961, '', 0, 0),
(1003, 5, 20, '0', 227, 227, '10227', 'HAIR ORNAMENT - I066', 1, 39.88, 0, '', 0, 0),
(1004, 5, 20, '0', 228, 228, '10228', 'SLIDE - I075', 5, 65.25, 0, '', 0, 0),
(1005, 5, 20, '0', 229, 229, '10229', 'SLIDE - I076', 5, 130.5, 0, '', 0, 0),
(1006, 5, 20, '0', 230, 230, '10230', 'SLIDE - I080', 23, 65.25, 0, '', 0, 0),
(1007, 5, 20, '0', 231, 231, '10231', 'SLIDE - I081', 1, 97.88, 0, '', 0, 0),
(1008, 5, 20, '0', 232, 232, '10232', 'SLIDE - I082', 1, 65.25, 0, '', 0, 0),
(1009, 5, 20, '0', 233, 233, '10233', 'SLIDE - I083', 28, 65.25, 0, '', 0, 0),
(1010, 5, 20, '0', 234, 234, '10234', 'SLIDE - I084', 3, 73.95, -0.000000000000009473903143468, '', 0, 0),
(1011, 5, 20, '0', 235, 235, '10235', 'SLIDE - I085', 5, 73.95, 0, '', 0, 0),
(1012, 5, 20, '0', 236, 236, '10236', 'WOOL BAND - I090', 7, 123.25, 0, '', 0, 0),
(1013, 5, 20, '0', 237, 237, '10237', 'BROOCH - I128', 3, 280, 0, '', 0, 0),
(1014, 5, 20, '0', 238, 238, '10238', 'SLIDE - I130', 652, 35.7, 0, '', 0, 0),
(1015, 5, 20, '0', 239, 239, '10239', 'SLIDE - I131', 634, 39.9, 0, '', 0, 0),
(1016, 5, 20, '0', 240, 240, '10240', 'HAIR CLIP - 184-2', 11, 30, 0, '', 0, 0);

-- --------------------------------------------------------

--
-- Table structure for table `0_supp_trans`
--

CREATE TABLE IF NOT EXISTS `0_supp_trans` (
  `trans_no` int(11) unsigned NOT NULL DEFAULT '0',
  `type` smallint(6) unsigned NOT NULL DEFAULT '0',
  `supplier_id` int(11) unsigned DEFAULT NULL,
  `reference` tinytext COLLATE utf8_unicode_ci NOT NULL,
  `supp_reference` varchar(60) COLLATE utf8_unicode_ci NOT NULL DEFAULT '',
  `tran_date` date NOT NULL DEFAULT '0000-00-00',
  `due_date` date NOT NULL DEFAULT '0000-00-00',
  `ov_amount` double NOT NULL DEFAULT '0',
  `ov_discount` double NOT NULL DEFAULT '0',
  `ov_gst` double NOT NULL DEFAULT '0',
  `rate` double NOT NULL DEFAULT '1',
  `alloc` double NOT NULL DEFAULT '0',
  `tax_included` tinyint(1) NOT NULL DEFAULT '0'
) ENGINE=InnoDB DEFAULT CHARSET=utf8 COLLATE=utf8_unicode_ci;

--
-- Dumping data for table `0_supp_trans`
--

INSERT INTO `0_supp_trans` (`trans_no`, `type`, `supplier_id`, `reference`, `supp_reference`, `tran_date`, `due_date`, `ov_amount`, `ov_discount`, `ov_gst`, `rate`, `alloc`, `tax_included`) VALUES
(1, 20, 1, '001/2018', 'BCG-Inv-1', '2018-05-17', '2018-04-30', 0, 0, 0, 1, 0, 0),
(2, 20, 2, '002/2018', 'ini_inv_2', '2018-05-17', '2018-05-17', 1863929.92, 0, 0, 1, 0, 0),
(3, 20, 3, '003/2018', 'ini_stock_ship3', '2018-05-17', '2018-05-17', 2548624.68, 0, 0, 1, 0, 0),
(4, 20, 4, '004/2018', 'ini_stock_ship_4', '2018-05-17', '2018-05-17', 3044719.6, 0, 0, 1, 0, 0),
(5, 20, 1, '005/2018', 'BCG-Inv-1', '2018-05-17', '2018-05-17', 2689555.01, 0, 0, 1, 0, 0);

-- --------------------------------------------------------

--
-- Table structure for table `0_sys_prefs`
--

CREATE TABLE IF NOT EXISTS `0_sys_prefs` (
  `name` varchar(35) COLLATE utf8_unicode_ci NOT NULL DEFAULT '',
  `category` varchar(30) COLLATE utf8_unicode_ci DEFAULT NULL,
  `type` varchar(20) COLLATE utf8_unicode_ci NOT NULL DEFAULT '',
  `length` smallint(6) DEFAULT NULL,
  `value` text COLLATE utf8_unicode_ci NOT NULL
) ENGINE=InnoDB DEFAULT CHARSET=utf8 COLLATE=utf8_unicode_ci;

--
-- Dumping data for table `0_sys_prefs`
--

INSERT INTO `0_sys_prefs` (`name`, `category`, `type`, `length`, `value`) VALUES
('accounts_alpha', 'glsetup.general', 'tinyint', 1, '0'),
('accumulate_shipping', 'glsetup.customer', 'tinyint', 1, '0'),
('add_pct', 'setup.company', 'int', 5, '-1'),
('allow_negative_prices', 'glsetup.inventory', 'tinyint', 1, '1'),
('allow_negative_stock', 'glsetup.inventory', 'tinyint', 1, '0'),
('alternative_tax_include_on_docs', 'setup.company', 'tinyint', 1, ''),
('auto_curr_reval', 'setup.company', 'smallint', 6, '1'),
('bank_charge_act', 'glsetup.general', 'varchar', 15, '5690'),
('base_sales', 'setup.company', 'int', 11, '2'),
('bcc_email', 'setup.company', 'varchar', 100, ''),
('coy_logo', 'setup.company', 'varchar', 100, 'bcg_logo.jpg'),
('coy_name', 'setup.company', 'varchar', 60, 'Symi Holdings'),
('coy_no', 'setup.company', 'varchar', 25, ''),
('creditors_act', 'glsetup.purchase', 'varchar', 15, '2100'),
('curr_default', 'setup.company', 'char', 3, 'LKR'),
('debtors_act', 'glsetup.sales', 'varchar', 15, '1200'),
('default_adj_act', 'glsetup.items', 'varchar', 15, '5040'),
('default_cogs_act', 'glsetup.items', 'varchar', 15, '5010'),
('default_credit_limit', 'glsetup.customer', 'int', 11, '1000'),
('default_delivery_required', 'glsetup.sales', 'smallint', 6, '1'),
('default_dim_required', 'glsetup.dims', 'int', 11, '20'),
('default_inv_sales_act', 'glsetup.items', 'varchar', 15, '4010'),
('default_inventory_act', 'glsetup.items', 'varchar', 15, '1510'),
('default_loss_on_asset_disposal_act', 'glsetup.items', 'varchar', 15, '5660'),
('default_prompt_payment_act', 'glsetup.sales', 'varchar', 15, '4500'),
('default_quote_valid_days', 'glsetup.sales', 'smallint', 6, '30'),
('default_receival_required', 'glsetup.purchase', 'smallint', 6, '10'),
('default_sales_act', 'glsetup.sales', 'varchar', 15, '4010'),
('default_sales_discount_act', 'glsetup.sales', 'varchar', 15, '4510'),
('default_wip_act', 'glsetup.items', 'varchar', 15, '1530'),
('default_workorder_required', 'glsetup.manuf', 'int', 11, '20'),
('deferred_income_act', 'glsetup.sales', 'varchar', 15, ''),
('depreciation_period', 'glsetup.company', 'tinyint', 1, '1'),
('domicile', 'setup.company', 'varchar', 55, 'Beruwela'),
('email', 'setup.company', 'varchar', 100, 'symiholdings@gmail.com'),
('exchange_diff_act', 'glsetup.general', 'varchar', 15, '4450'),
('f_year', 'setup.company', 'int', 11, '1'),
('fax', 'setup.company', 'varchar', 30, ''),
('freight_act', 'glsetup.customer', 'varchar', 15, '4430'),
('gl_closing_date', 'setup.closing_date', 'date', 8, '2016-12-31'),
('grn_clearing_act', 'glsetup.purchase', 'varchar', 15, '1550'),
('gst_no', 'setup.company', 'varchar', 25, ''),
('legal_text', 'glsetup.customer', 'tinytext', 0, ''),
('loc_notification', 'glsetup.inventory', 'tinyint', 1, '0'),
('login_tout', 'setup.company', 'smallint', 6, '1200'),
('no_customer_list', 'setup.company', 'tinyint', 1, ''),
('no_item_list', 'setup.company', 'tinyint', 1, ''),
('no_supplier_list', 'setup.company', 'tinyint', 1, ''),
('no_zero_lines_amount', 'glsetup.sales', 'tinyint', 1, '1'),
('past_due_days', 'glsetup.general', 'int', 11, '30'),
('phone', 'setup.company', 'varchar', 30, '(+94) 034 227 9099'),
('po_over_charge', 'glsetup.purchase', 'int', 11, '10'),
('po_over_receive', 'glsetup.purchase', 'int', 11, '10'),
('postal_address', 'setup.company', 'tinytext', 0, 'No 21, Arab Road,\r\nBeruwela, Sri Lanka.'),
('print_invoice_no', 'glsetup.sales', 'tinyint', 1, '0'),
('print_item_images_on_quote', 'glsetup.inventory', 'tinyint', 1, '0'),
('profit_loss_year_act', 'glsetup.general', 'varchar', 15, '9990'),
('pyt_discount_act', 'glsetup.purchase', 'varchar', 15, '5060'),
('retained_earnings_act', 'glsetup.general', 'varchar', 15, '3590'),
('round_to', 'setup.company', 'int', 5, '1'),
('show_po_item_codes', 'glsetup.purchase', 'tinyint', 1, '0'),
('suppress_tax_rates', 'setup.company', 'tinyint', 1, ''),
('tax_algorithm', 'glsetup.customer', 'tinyint', 1, '1'),
('tax_last', 'setup.company', 'int', 11, '1'),
('tax_prd', 'setup.company', 'int', 11, '1'),
('time_zone', 'setup.company', 'tinyint', 1, ''),
('use_dimension', 'setup.company', 'tinyint', 1, '1'),
('use_fixed_assets', 'setup.company', 'tinyint', 1, ''),
('use_manufacturing', 'setup.company', 'tinyint', 1, ''),
('version_id', 'system', 'varchar', 11, '2.4.1');

-- --------------------------------------------------------

--
-- Table structure for table `0_tags`
--

CREATE TABLE IF NOT EXISTS `0_tags` (
  `id` int(11) NOT NULL,
  `type` smallint(6) NOT NULL,
  `name` varchar(30) COLLATE utf8_unicode_ci NOT NULL,
  `description` varchar(60) COLLATE utf8_unicode_ci DEFAULT NULL,
  `inactive` tinyint(1) NOT NULL DEFAULT '0'
) ENGINE=InnoDB DEFAULT CHARSET=utf8 COLLATE=utf8_unicode_ci;

-- --------------------------------------------------------

--
-- Table structure for table `0_tag_associations`
--

CREATE TABLE IF NOT EXISTS `0_tag_associations` (
  `record_id` varchar(15) COLLATE utf8_unicode_ci NOT NULL,
  `tag_id` int(11) NOT NULL
) ENGINE=InnoDB DEFAULT CHARSET=utf8 COLLATE=utf8_unicode_ci;

-- --------------------------------------------------------

--
-- Table structure for table `0_tax_groups`
--

CREATE TABLE IF NOT EXISTS `0_tax_groups` (
  `id` int(11) NOT NULL,
  `name` varchar(60) COLLATE utf8_unicode_ci NOT NULL DEFAULT '',
  `inactive` tinyint(1) NOT NULL DEFAULT '0'
) ENGINE=InnoDB AUTO_INCREMENT=2 DEFAULT CHARSET=utf8 COLLATE=utf8_unicode_ci;

--
-- Dumping data for table `0_tax_groups`
--

INSERT INTO `0_tax_groups` (`id`, `name`, `inactive`) VALUES
(1, 'Default Tax Group', 0);

-- --------------------------------------------------------

--
-- Table structure for table `0_tax_group_items`
--

CREATE TABLE IF NOT EXISTS `0_tax_group_items` (
  `tax_group_id` int(11) NOT NULL DEFAULT '0',
  `tax_type_id` int(11) NOT NULL DEFAULT '0',
  `tax_shipping` tinyint(1) NOT NULL DEFAULT '0'
) ENGINE=InnoDB DEFAULT CHARSET=utf8 COLLATE=utf8_unicode_ci;

--
-- Dumping data for table `0_tax_group_items`
--

INSERT INTO `0_tax_group_items` (`tax_group_id`, `tax_type_id`, `tax_shipping`) VALUES
(1, 1, 0);

-- --------------------------------------------------------

--
-- Table structure for table `0_tax_types`
--

CREATE TABLE IF NOT EXISTS `0_tax_types` (
  `id` int(11) NOT NULL,
  `rate` double NOT NULL DEFAULT '0',
  `sales_gl_code` varchar(15) COLLATE utf8_unicode_ci NOT NULL DEFAULT '',
  `purchasing_gl_code` varchar(15) COLLATE utf8_unicode_ci NOT NULL DEFAULT '',
  `name` varchar(60) COLLATE utf8_unicode_ci NOT NULL DEFAULT '',
  `inactive` tinyint(1) NOT NULL DEFAULT '0'
) ENGINE=InnoDB AUTO_INCREMENT=2 DEFAULT CHARSET=utf8 COLLATE=utf8_unicode_ci;

--
-- Dumping data for table `0_tax_types`
--

INSERT INTO `0_tax_types` (`id`, `rate`, `sales_gl_code`, `purchasing_gl_code`, `name`, `inactive`) VALUES
(1, 0, '1060', '1060', 'Default Tax', 0);

-- --------------------------------------------------------

--
-- Table structure for table `0_trans_tax_details`
--

CREATE TABLE IF NOT EXISTS `0_trans_tax_details` (
  `id` int(11) NOT NULL,
  `trans_type` smallint(6) DEFAULT NULL,
  `trans_no` int(11) DEFAULT NULL,
  `tran_date` date NOT NULL,
  `tax_type_id` int(11) NOT NULL DEFAULT '0',
  `rate` double NOT NULL DEFAULT '0',
  `ex_rate` double NOT NULL DEFAULT '1',
  `included_in_price` tinyint(1) NOT NULL DEFAULT '0',
  `net_amount` double NOT NULL DEFAULT '0',
  `amount` double NOT NULL DEFAULT '0',
  `memo` tinytext COLLATE utf8_unicode_ci,
  `reg_type` tinyint(1) DEFAULT NULL
) ENGINE=InnoDB AUTO_INCREMENT=6 DEFAULT CHARSET=utf8 COLLATE=utf8_unicode_ci;

--
-- Dumping data for table `0_trans_tax_details`
--

INSERT INTO `0_trans_tax_details` (`id`, `trans_type`, `trans_no`, `tran_date`, `tax_type_id`, `rate`, `ex_rate`, `included_in_price`, `net_amount`, `amount`, `memo`, `reg_type`) VALUES
(1, 20, 1, '2018-05-17', 1, 0, 1, 0, 0, 0, 'BCG-Inv-1', 1),
(2, 20, 2, '2018-05-17', 1, 0, 1, 0, 1863929.92, 0, 'ini_inv_2', 1),
(3, 20, 3, '2018-05-17', 1, 0, 1, 0, 2548624.68, 0, 'ini_stock_ship3', 1),
(4, 20, 4, '2018-05-17', 1, 0, 1, 0, 3044719.6, 0, 'ini_stock_ship_4', 1),
(5, 20, 5, '2018-05-17', 1, 0, 1, 0, 2689555.01, 0, 'BCG-Inv-1', 1);

-- --------------------------------------------------------

--
-- Table structure for table `0_useronline`
--

CREATE TABLE IF NOT EXISTS `0_useronline` (
  `id` int(11) NOT NULL,
  `timestamp` int(15) NOT NULL DEFAULT '0',
  `ip` varchar(40) COLLATE utf8_unicode_ci NOT NULL DEFAULT '',
  `file` varchar(100) COLLATE utf8_unicode_ci NOT NULL DEFAULT ''
) ENGINE=InnoDB DEFAULT CHARSET=utf8 COLLATE=utf8_unicode_ci;

-- --------------------------------------------------------

--
-- Table structure for table `0_users`
--

CREATE TABLE IF NOT EXISTS `0_users` (
  `id` smallint(6) NOT NULL,
  `user_id` varchar(60) COLLATE utf8_unicode_ci NOT NULL DEFAULT '',
  `password` varchar(100) COLLATE utf8_unicode_ci NOT NULL DEFAULT '',
  `real_name` varchar(100) COLLATE utf8_unicode_ci NOT NULL DEFAULT '',
  `role_id` int(11) NOT NULL DEFAULT '1',
  `phone` varchar(30) COLLATE utf8_unicode_ci NOT NULL DEFAULT '',
  `email` varchar(100) COLLATE utf8_unicode_ci DEFAULT NULL,
  `language` varchar(20) COLLATE utf8_unicode_ci DEFAULT NULL,
  `date_format` tinyint(1) NOT NULL DEFAULT '0',
  `date_sep` tinyint(1) NOT NULL DEFAULT '0',
  `tho_sep` tinyint(1) NOT NULL DEFAULT '0',
  `dec_sep` tinyint(1) NOT NULL DEFAULT '0',
  `theme` varchar(20) COLLATE utf8_unicode_ci NOT NULL DEFAULT 'default',
  `page_size` varchar(20) COLLATE utf8_unicode_ci NOT NULL DEFAULT 'A4',
  `prices_dec` smallint(6) NOT NULL DEFAULT '2',
  `qty_dec` smallint(6) NOT NULL DEFAULT '2',
  `rates_dec` smallint(6) NOT NULL DEFAULT '4',
  `percent_dec` smallint(6) NOT NULL DEFAULT '1',
  `show_gl` tinyint(1) NOT NULL DEFAULT '1',
  `show_codes` tinyint(1) NOT NULL DEFAULT '0',
  `show_hints` tinyint(1) NOT NULL DEFAULT '0',
  `last_visit_date` datetime DEFAULT NULL,
  `query_size` tinyint(1) unsigned NOT NULL DEFAULT '10',
  `graphic_links` tinyint(1) DEFAULT '1',
  `pos` smallint(6) DEFAULT '1',
  `print_profile` varchar(30) COLLATE utf8_unicode_ci NOT NULL DEFAULT '',
  `rep_popup` tinyint(1) DEFAULT '1',
  `sticky_doc_date` tinyint(1) DEFAULT '0',
  `startup_tab` varchar(20) COLLATE utf8_unicode_ci NOT NULL DEFAULT '',
  `transaction_days` smallint(6) NOT NULL DEFAULT '30',
  `save_report_selections` smallint(6) NOT NULL DEFAULT '0',
  `use_date_picker` tinyint(1) NOT NULL DEFAULT '1',
  `def_print_destination` tinyint(1) NOT NULL DEFAULT '0',
  `def_print_orientation` tinyint(1) NOT NULL DEFAULT '0',
  `inactive` tinyint(1) NOT NULL DEFAULT '0'
) ENGINE=InnoDB AUTO_INCREMENT=4 DEFAULT CHARSET=utf8 COLLATE=utf8_unicode_ci;

--
-- Dumping data for table `0_users`
--

INSERT INTO `0_users` (`id`, `user_id`, `password`, `real_name`, `role_id`, `phone`, `email`, `language`, `date_format`, `date_sep`, `tho_sep`, `dec_sep`, `theme`, `page_size`, `prices_dec`, `qty_dec`, `rates_dec`, `percent_dec`, `show_gl`, `show_codes`, `show_hints`, `last_visit_date`, `query_size`, `graphic_links`, `pos`, `print_profile`, `rep_popup`, `sticky_doc_date`, `startup_tab`, `transaction_days`, `save_report_selections`, `use_date_picker`, `def_print_destination`, `def_print_orientation`, `inactive`) VALUES
(1, 'admin', '2267805b609e6b33ff137c0f7f258416', 'Administrator', 2, '', 'adm@example.com', 'C', 1, 2, 0, 0, 'dashboard', 'A4', 2, 2, 4, 1, 0, 1, 0, '2018-05-17 10:42:48', 10, 1, 1, '', 1, 0, 'orders', 30, 0, 1, 0, 0, 0),
(3, 'bigcity', '31d6c84a332706c27ea3834abec13917', 'Bigcity User', 11, '0775440889', NULL, 'C', 0, 0, 0, 0, 'dashboard', 'A4', 2, 2, 4, 1, 1, 0, 0, '2018-05-17 07:21:16', 10, 1, 1, '', 1, 0, 'orders', 30, 0, 1, 0, 0, 0);

-- --------------------------------------------------------

--
-- Table structure for table `0_voided`
--

CREATE TABLE IF NOT EXISTS `0_voided` (
  `type` int(11) NOT NULL DEFAULT '0',
  `id` int(11) NOT NULL DEFAULT '0',
  `date_` date NOT NULL DEFAULT '0000-00-00',
  `memo_` tinytext COLLATE utf8_unicode_ci NOT NULL
) ENGINE=InnoDB DEFAULT CHARSET=utf8 COLLATE=utf8_unicode_ci;

--
-- Dumping data for table `0_voided`
--

INSERT INTO `0_voided` (`type`, `id`, `date_`, `memo_`) VALUES
(20, 1, '2018-05-17', 'Document reentered.');

-- --------------------------------------------------------

--
-- Table structure for table `0_workcentres`
--

CREATE TABLE IF NOT EXISTS `0_workcentres` (
  `id` int(11) NOT NULL,
  `name` char(40) COLLATE utf8_unicode_ci NOT NULL DEFAULT '',
  `description` char(50) COLLATE utf8_unicode_ci NOT NULL DEFAULT '',
  `inactive` tinyint(1) NOT NULL DEFAULT '0'
) ENGINE=InnoDB DEFAULT CHARSET=utf8 COLLATE=utf8_unicode_ci;

-- --------------------------------------------------------

--
-- Table structure for table `0_workorders`
--

CREATE TABLE IF NOT EXISTS `0_workorders` (
  `id` int(11) NOT NULL,
  `wo_ref` varchar(60) COLLATE utf8_unicode_ci NOT NULL DEFAULT '',
  `loc_code` varchar(5) COLLATE utf8_unicode_ci NOT NULL DEFAULT '',
  `units_reqd` double NOT NULL DEFAULT '1',
  `stock_id` varchar(20) COLLATE utf8_unicode_ci NOT NULL DEFAULT '',
  `date_` date NOT NULL DEFAULT '0000-00-00',
  `type` tinyint(4) NOT NULL DEFAULT '0',
  `required_by` date NOT NULL DEFAULT '0000-00-00',
  `released_date` date NOT NULL DEFAULT '0000-00-00',
  `units_issued` double NOT NULL DEFAULT '0',
  `closed` tinyint(1) NOT NULL DEFAULT '0',
  `released` tinyint(1) NOT NULL DEFAULT '0',
  `additional_costs` double NOT NULL DEFAULT '0'
) ENGINE=InnoDB DEFAULT CHARSET=utf8 COLLATE=utf8_unicode_ci;

-- --------------------------------------------------------

--
-- Table structure for table `0_wo_costing`
--

CREATE TABLE IF NOT EXISTS `0_wo_costing` (
  `id` int(11) NOT NULL,
  `workorder_id` int(11) NOT NULL DEFAULT '0',
  `cost_type` tinyint(1) NOT NULL DEFAULT '0',
  `trans_type` int(11) NOT NULL DEFAULT '0',
  `trans_no` int(11) NOT NULL DEFAULT '0',
  `factor` double NOT NULL DEFAULT '1'
) ENGINE=InnoDB DEFAULT CHARSET=utf8 COLLATE=utf8_unicode_ci;

-- --------------------------------------------------------

--
-- Table structure for table `0_wo_issues`
--

CREATE TABLE IF NOT EXISTS `0_wo_issues` (
  `issue_no` int(11) NOT NULL,
  `workorder_id` int(11) NOT NULL DEFAULT '0',
  `reference` varchar(100) COLLATE utf8_unicode_ci DEFAULT NULL,
  `issue_date` date DEFAULT NULL,
  `loc_code` varchar(5) COLLATE utf8_unicode_ci DEFAULT NULL,
  `workcentre_id` int(11) DEFAULT NULL
) ENGINE=InnoDB DEFAULT CHARSET=utf8 COLLATE=utf8_unicode_ci;

-- --------------------------------------------------------

--
-- Table structure for table `0_wo_issue_items`
--

CREATE TABLE IF NOT EXISTS `0_wo_issue_items` (
  `id` int(11) NOT NULL,
  `stock_id` varchar(40) COLLATE utf8_unicode_ci DEFAULT NULL,
  `issue_id` int(11) DEFAULT NULL,
  `qty_issued` double DEFAULT NULL,
  `unit_cost` double NOT NULL DEFAULT '0'
) ENGINE=InnoDB DEFAULT CHARSET=utf8 COLLATE=utf8_unicode_ci;

-- --------------------------------------------------------

--
-- Table structure for table `0_wo_manufacture`
--

CREATE TABLE IF NOT EXISTS `0_wo_manufacture` (
  `id` int(11) NOT NULL,
  `reference` varchar(100) COLLATE utf8_unicode_ci DEFAULT NULL,
  `workorder_id` int(11) NOT NULL DEFAULT '0',
  `quantity` double NOT NULL DEFAULT '0',
  `date_` date NOT NULL DEFAULT '0000-00-00'
) ENGINE=InnoDB DEFAULT CHARSET=utf8 COLLATE=utf8_unicode_ci;

-- --------------------------------------------------------

--
-- Table structure for table `0_wo_requirements`
--

CREATE TABLE IF NOT EXISTS `0_wo_requirements` (
  `id` int(11) NOT NULL,
  `workorder_id` int(11) NOT NULL DEFAULT '0',
  `stock_id` char(20) COLLATE utf8_unicode_ci NOT NULL DEFAULT '',
  `workcentre` int(11) NOT NULL DEFAULT '0',
  `units_req` double NOT NULL DEFAULT '1',
  `unit_cost` double NOT NULL DEFAULT '0',
  `loc_code` char(5) COLLATE utf8_unicode_ci NOT NULL DEFAULT '',
  `units_issued` double NOT NULL DEFAULT '0'
) ENGINE=InnoDB DEFAULT CHARSET=utf8 COLLATE=utf8_unicode_ci;

--
-- Indexes for dumped tables
--

--
-- Indexes for table `0_areas`
--
ALTER TABLE `0_areas`
  ADD PRIMARY KEY (`area_code`),
  ADD UNIQUE KEY `description` (`description`);

--
-- Indexes for table `0_attachments`
--
ALTER TABLE `0_attachments`
  ADD PRIMARY KEY (`id`),
  ADD KEY `type_no` (`type_no`,`trans_no`);

--
-- Indexes for table `0_audit_trail`
--
ALTER TABLE `0_audit_trail`
  ADD PRIMARY KEY (`id`),
  ADD KEY `Seq` (`fiscal_year`,`gl_date`,`gl_seq`),
  ADD KEY `Type_and_Number` (`type`,`trans_no`);

--
-- Indexes for table `0_bank_accounts`
--
ALTER TABLE `0_bank_accounts`
  ADD PRIMARY KEY (`id`),
  ADD KEY `bank_account_name` (`bank_account_name`),
  ADD KEY `bank_account_number` (`bank_account_number`),
  ADD KEY `account_code` (`account_code`);

--
-- Indexes for table `0_bank_trans`
--
ALTER TABLE `0_bank_trans`
  ADD PRIMARY KEY (`id`),
  ADD KEY `bank_act` (`bank_act`,`ref`),
  ADD KEY `type` (`type`,`trans_no`),
  ADD KEY `bank_act_2` (`bank_act`,`reconciled`),
  ADD KEY `bank_act_3` (`bank_act`,`trans_date`);

--
-- Indexes for table `0_bom`
--
ALTER TABLE `0_bom`
  ADD PRIMARY KEY (`parent`,`component`,`workcentre_added`,`loc_code`),
  ADD KEY `component` (`component`),
  ADD KEY `id` (`id`),
  ADD KEY `loc_code` (`loc_code`),
  ADD KEY `parent` (`parent`,`loc_code`),
  ADD KEY `workcentre_added` (`workcentre_added`);

--
-- Indexes for table `0_budget_trans`
--
ALTER TABLE `0_budget_trans`
  ADD PRIMARY KEY (`id`),
  ADD KEY `Account` (`account`,`tran_date`,`dimension_id`,`dimension2_id`);

--
-- Indexes for table `0_chart_class`
--
ALTER TABLE `0_chart_class`
  ADD PRIMARY KEY (`cid`);

--
-- Indexes for table `0_chart_master`
--
ALTER TABLE `0_chart_master`
  ADD PRIMARY KEY (`account_code`),
  ADD KEY `account_name` (`account_name`),
  ADD KEY `accounts_by_type` (`account_type`,`account_code`);

--
-- Indexes for table `0_chart_types`
--
ALTER TABLE `0_chart_types`
  ADD PRIMARY KEY (`id`),
  ADD KEY `name` (`name`),
  ADD KEY `class_id` (`class_id`);

--
-- Indexes for table `0_comments`
--
ALTER TABLE `0_comments`
  ADD KEY `type_and_id` (`type`,`id`);

--
-- Indexes for table `0_credit_status`
--
ALTER TABLE `0_credit_status`
  ADD PRIMARY KEY (`id`),
  ADD UNIQUE KEY `reason_description` (`reason_description`);

--
-- Indexes for table `0_crm_categories`
--
ALTER TABLE `0_crm_categories`
  ADD PRIMARY KEY (`id`),
  ADD UNIQUE KEY `type` (`type`,`action`),
  ADD UNIQUE KEY `type_2` (`type`,`name`);

--
-- Indexes for table `0_crm_contacts`
--
ALTER TABLE `0_crm_contacts`
  ADD PRIMARY KEY (`id`),
  ADD KEY `type` (`type`,`action`);

--
-- Indexes for table `0_crm_persons`
--
ALTER TABLE `0_crm_persons`
  ADD PRIMARY KEY (`id`),
  ADD KEY `ref` (`ref`);

--
-- Indexes for table `0_currencies`
--
ALTER TABLE `0_currencies`
  ADD PRIMARY KEY (`curr_abrev`);

--
-- Indexes for table `0_cust_allocations`
--
ALTER TABLE `0_cust_allocations`
  ADD PRIMARY KEY (`id`),
  ADD UNIQUE KEY `trans_type_from` (`person_id`,`trans_type_from`,`trans_no_from`,`trans_type_to`,`trans_no_to`),
  ADD KEY `From` (`trans_type_from`,`trans_no_from`),
  ADD KEY `To` (`trans_type_to`,`trans_no_to`);

--
-- Indexes for table `0_cust_branch`
--
ALTER TABLE `0_cust_branch`
  ADD PRIMARY KEY (`branch_code`,`debtor_no`),
  ADD KEY `branch_ref` (`branch_ref`),
  ADD KEY `group_no` (`group_no`);

--
-- Indexes for table `0_dashboard_reminders`
--
ALTER TABLE `0_dashboard_reminders`
  ADD PRIMARY KEY (`id`);

--
-- Indexes for table `0_dashboard_widgets`
--
ALTER TABLE `0_dashboard_widgets`
  ADD PRIMARY KEY (`id`);

--
-- Indexes for table `0_debtors_master`
--
ALTER TABLE `0_debtors_master`
  ADD PRIMARY KEY (`debtor_no`),
  ADD UNIQUE KEY `debtor_ref` (`debtor_ref`),
  ADD KEY `name` (`name`);

--
-- Indexes for table `0_debtor_trans`
--
ALTER TABLE `0_debtor_trans`
  ADD PRIMARY KEY (`type`,`trans_no`),
  ADD KEY `debtor_no` (`debtor_no`,`branch_code`),
  ADD KEY `tran_date` (`tran_date`),
  ADD KEY `order_` (`order_`);

--
-- Indexes for table `0_debtor_trans_details`
--
ALTER TABLE `0_debtor_trans_details`
  ADD PRIMARY KEY (`id`),
  ADD KEY `Transaction` (`debtor_trans_type`,`debtor_trans_no`),
  ADD KEY `src_id` (`src_id`);

--
-- Indexes for table `0_dimensions`
--
ALTER TABLE `0_dimensions`
  ADD PRIMARY KEY (`id`),
  ADD UNIQUE KEY `reference` (`reference`),
  ADD KEY `date_` (`date_`),
  ADD KEY `due_date` (`due_date`),
  ADD KEY `type_` (`type_`);

--
-- Indexes for table `0_exchange_rates`
--
ALTER TABLE `0_exchange_rates`
  ADD PRIMARY KEY (`id`),
  ADD UNIQUE KEY `curr_code` (`curr_code`,`date_`);

--
-- Indexes for table `0_fiscal_year`
--
ALTER TABLE `0_fiscal_year`
  ADD PRIMARY KEY (`id`),
  ADD UNIQUE KEY `begin` (`begin`),
  ADD UNIQUE KEY `end` (`end`);

--
-- Indexes for table `0_gl_trans`
--
ALTER TABLE `0_gl_trans`
  ADD PRIMARY KEY (`counter`),
  ADD KEY `Type_and_Number` (`type`,`type_no`),
  ADD KEY `dimension_id` (`dimension_id`),
  ADD KEY `dimension2_id` (`dimension2_id`),
  ADD KEY `tran_date` (`tran_date`),
  ADD KEY `account_and_tran_date` (`account`,`tran_date`);

--
-- Indexes for table `0_grn_batch`
--
ALTER TABLE `0_grn_batch`
  ADD PRIMARY KEY (`id`),
  ADD KEY `delivery_date` (`delivery_date`),
  ADD KEY `purch_order_no` (`purch_order_no`);

--
-- Indexes for table `0_grn_items`
--
ALTER TABLE `0_grn_items`
  ADD PRIMARY KEY (`id`),
  ADD KEY `grn_batch_id` (`grn_batch_id`);

--
-- Indexes for table `0_groups`
--
ALTER TABLE `0_groups`
  ADD PRIMARY KEY (`id`),
  ADD UNIQUE KEY `description` (`description`);

--
-- Indexes for table `0_item_codes`
--
ALTER TABLE `0_item_codes`
  ADD PRIMARY KEY (`id`),
  ADD UNIQUE KEY `stock_id` (`stock_id`,`item_code`),
  ADD KEY `item_code` (`item_code`);

--
-- Indexes for table `0_item_tax_types`
--
ALTER TABLE `0_item_tax_types`
  ADD PRIMARY KEY (`id`),
  ADD UNIQUE KEY `name` (`name`);

--
-- Indexes for table `0_item_tax_type_exemptions`
--
ALTER TABLE `0_item_tax_type_exemptions`
  ADD PRIMARY KEY (`item_tax_type_id`,`tax_type_id`);

--
-- Indexes for table `0_item_units`
--
ALTER TABLE `0_item_units`
  ADD PRIMARY KEY (`abbr`),
  ADD UNIQUE KEY `name` (`name`);

--
-- Indexes for table `0_journal`
--
ALTER TABLE `0_journal`
  ADD PRIMARY KEY (`type`,`trans_no`),
  ADD KEY `tran_date` (`tran_date`);

--
-- Indexes for table `0_locations`
--
ALTER TABLE `0_locations`
  ADD PRIMARY KEY (`loc_code`);

--
-- Indexes for table `0_loc_stock`
--
ALTER TABLE `0_loc_stock`
  ADD PRIMARY KEY (`loc_code`,`stock_id`),
  ADD KEY `stock_id` (`stock_id`);

--
-- Indexes for table `0_payment_terms`
--
ALTER TABLE `0_payment_terms`
  ADD PRIMARY KEY (`terms_indicator`),
  ADD UNIQUE KEY `terms` (`terms`);

--
-- Indexes for table `0_prices`
--
ALTER TABLE `0_prices`
  ADD PRIMARY KEY (`id`),
  ADD UNIQUE KEY `price` (`stock_id`,`sales_type_id`,`curr_abrev`);

--
-- Indexes for table `0_printers`
--
ALTER TABLE `0_printers`
  ADD PRIMARY KEY (`id`),
  ADD UNIQUE KEY `name` (`name`);

--
-- Indexes for table `0_print_profiles`
--
ALTER TABLE `0_print_profiles`
  ADD PRIMARY KEY (`id`),
  ADD UNIQUE KEY `profile` (`profile`,`report`);

--
-- Indexes for table `0_purch_data`
--
ALTER TABLE `0_purch_data`
  ADD PRIMARY KEY (`supplier_id`,`stock_id`);

--
-- Indexes for table `0_purch_orders`
--
ALTER TABLE `0_purch_orders`
  ADD PRIMARY KEY (`order_no`),
  ADD KEY `ord_date` (`ord_date`);

--
-- Indexes for table `0_purch_order_details`
--
ALTER TABLE `0_purch_order_details`
  ADD PRIMARY KEY (`po_detail_item`),
  ADD KEY `order` (`order_no`,`po_detail_item`),
  ADD KEY `itemcode` (`item_code`);

--
-- Indexes for table `0_quick_entries`
--
ALTER TABLE `0_quick_entries`
  ADD PRIMARY KEY (`id`),
  ADD KEY `description` (`description`);

--
-- Indexes for table `0_quick_entry_lines`
--
ALTER TABLE `0_quick_entry_lines`
  ADD PRIMARY KEY (`id`),
  ADD KEY `qid` (`qid`);

--
-- Indexes for table `0_recurrent_invoices`
--
ALTER TABLE `0_recurrent_invoices`
  ADD PRIMARY KEY (`id`),
  ADD UNIQUE KEY `description` (`description`);

--
-- Indexes for table `0_reflines`
--
ALTER TABLE `0_reflines`
  ADD PRIMARY KEY (`id`),
  ADD UNIQUE KEY `prefix` (`trans_type`,`prefix`);

--
-- Indexes for table `0_refs`
--
ALTER TABLE `0_refs`
  ADD PRIMARY KEY (`id`,`type`),
  ADD KEY `Type_and_Reference` (`type`,`reference`);

--
-- Indexes for table `0_salesman`
--
ALTER TABLE `0_salesman`
  ADD PRIMARY KEY (`salesman_code`),
  ADD UNIQUE KEY `salesman_name` (`salesman_name`);

--
-- Indexes for table `0_sales_orders`
--
ALTER TABLE `0_sales_orders`
  ADD PRIMARY KEY (`trans_type`,`order_no`);

--
-- Indexes for table `0_sales_order_details`
--
ALTER TABLE `0_sales_order_details`
  ADD PRIMARY KEY (`id`),
  ADD KEY `sorder` (`trans_type`,`order_no`),
  ADD KEY `stkcode` (`stk_code`);

--
-- Indexes for table `0_sales_pos`
--
ALTER TABLE `0_sales_pos`
  ADD PRIMARY KEY (`id`),
  ADD UNIQUE KEY `pos_name` (`pos_name`);

--
-- Indexes for table `0_sales_types`
--
ALTER TABLE `0_sales_types`
  ADD PRIMARY KEY (`id`),
  ADD UNIQUE KEY `sales_type` (`sales_type`);

--
-- Indexes for table `0_security_roles`
--
ALTER TABLE `0_security_roles`
  ADD PRIMARY KEY (`id`),
  ADD UNIQUE KEY `role` (`role`);

--
-- Indexes for table `0_shippers`
--
ALTER TABLE `0_shippers`
  ADD PRIMARY KEY (`shipper_id`),
  ADD UNIQUE KEY `name` (`shipper_name`);

--
-- Indexes for table `0_sql_trail`
--
ALTER TABLE `0_sql_trail`
  ADD PRIMARY KEY (`id`);

--
-- Indexes for table `0_stock_category`
--
ALTER TABLE `0_stock_category`
  ADD PRIMARY KEY (`category_id`),
  ADD UNIQUE KEY `description` (`description`);

--
-- Indexes for table `0_stock_category_parent`
--
ALTER TABLE `0_stock_category_parent`
  ADD PRIMARY KEY (`id`);

--
-- Indexes for table `0_stock_fa_class`
--
ALTER TABLE `0_stock_fa_class`
  ADD PRIMARY KEY (`fa_class_id`);

--
-- Indexes for table `0_stock_master`
--
ALTER TABLE `0_stock_master`
  ADD PRIMARY KEY (`id`);

--
-- Indexes for table `0_stock_moves`
--
ALTER TABLE `0_stock_moves`
  ADD PRIMARY KEY (`trans_id`),
  ADD KEY `type` (`type`,`trans_no`),
  ADD KEY `Move` (`stock_id`,`loc_code`,`tran_date`);

--
-- Indexes for table `0_suppliers`
--
ALTER TABLE `0_suppliers`
  ADD PRIMARY KEY (`supplier_id`),
  ADD KEY `supp_ref` (`supp_ref`);

--
-- Indexes for table `0_supp_allocations`
--
ALTER TABLE `0_supp_allocations`
  ADD PRIMARY KEY (`id`),
  ADD UNIQUE KEY `trans_type_from` (`person_id`,`trans_type_from`,`trans_no_from`,`trans_type_to`,`trans_no_to`),
  ADD KEY `From` (`trans_type_from`,`trans_no_from`),
  ADD KEY `To` (`trans_type_to`,`trans_no_to`);

--
-- Indexes for table `0_supp_invoice_items`
--
ALTER TABLE `0_supp_invoice_items`
  ADD PRIMARY KEY (`id`),
  ADD KEY `Transaction` (`supp_trans_type`,`supp_trans_no`,`stock_id`);

--
-- Indexes for table `0_supp_trans`
--
ALTER TABLE `0_supp_trans`
  ADD PRIMARY KEY (`type`,`trans_no`),
  ADD KEY `supplier_id` (`supplier_id`),
  ADD KEY `tran_date` (`tran_date`);

--
-- Indexes for table `0_sys_prefs`
--
ALTER TABLE `0_sys_prefs`
  ADD PRIMARY KEY (`name`),
  ADD KEY `category` (`category`);

--
-- Indexes for table `0_tags`
--
ALTER TABLE `0_tags`
  ADD PRIMARY KEY (`id`),
  ADD UNIQUE KEY `type` (`type`,`name`);

--
-- Indexes for table `0_tag_associations`
--
ALTER TABLE `0_tag_associations`
  ADD UNIQUE KEY `record_id` (`record_id`,`tag_id`);

--
-- Indexes for table `0_tax_groups`
--
ALTER TABLE `0_tax_groups`
  ADD PRIMARY KEY (`id`),
  ADD UNIQUE KEY `name` (`name`);

--
-- Indexes for table `0_tax_group_items`
--
ALTER TABLE `0_tax_group_items`
  ADD PRIMARY KEY (`tax_group_id`,`tax_type_id`);

--
-- Indexes for table `0_tax_types`
--
ALTER TABLE `0_tax_types`
  ADD PRIMARY KEY (`id`);

--
-- Indexes for table `0_trans_tax_details`
--
ALTER TABLE `0_trans_tax_details`
  ADD PRIMARY KEY (`id`),
  ADD KEY `Type_and_Number` (`trans_type`,`trans_no`),
  ADD KEY `tran_date` (`tran_date`);

--
-- Indexes for table `0_useronline`
--
ALTER TABLE `0_useronline`
  ADD PRIMARY KEY (`id`),
  ADD KEY `timestamp` (`timestamp`),
  ADD KEY `ip` (`ip`);

--
-- Indexes for table `0_users`
--
ALTER TABLE `0_users`
  ADD PRIMARY KEY (`id`),
  ADD UNIQUE KEY `user_id` (`user_id`);

--
-- Indexes for table `0_voided`
--
ALTER TABLE `0_voided`
  ADD UNIQUE KEY `id` (`type`,`id`);

--
-- Indexes for table `0_workcentres`
--
ALTER TABLE `0_workcentres`
  ADD PRIMARY KEY (`id`),
  ADD UNIQUE KEY `name` (`name`);

--
-- Indexes for table `0_workorders`
--
ALTER TABLE `0_workorders`
  ADD PRIMARY KEY (`id`),
  ADD UNIQUE KEY `wo_ref` (`wo_ref`);

--
-- Indexes for table `0_wo_costing`
--
ALTER TABLE `0_wo_costing`
  ADD PRIMARY KEY (`id`);

--
-- Indexes for table `0_wo_issues`
--
ALTER TABLE `0_wo_issues`
  ADD PRIMARY KEY (`issue_no`),
  ADD KEY `workorder_id` (`workorder_id`);

--
-- Indexes for table `0_wo_issue_items`
--
ALTER TABLE `0_wo_issue_items`
  ADD PRIMARY KEY (`id`);

--
-- Indexes for table `0_wo_manufacture`
--
ALTER TABLE `0_wo_manufacture`
  ADD PRIMARY KEY (`id`),
  ADD KEY `workorder_id` (`workorder_id`);

--
-- Indexes for table `0_wo_requirements`
--
ALTER TABLE `0_wo_requirements`
  ADD PRIMARY KEY (`id`),
  ADD KEY `workorder_id` (`workorder_id`);

--
-- AUTO_INCREMENT for dumped tables
--

--
-- AUTO_INCREMENT for table `0_areas`
--
ALTER TABLE `0_areas`
  MODIFY `area_code` int(11) NOT NULL AUTO_INCREMENT,AUTO_INCREMENT=2;
--
-- AUTO_INCREMENT for table `0_attachments`
--
ALTER TABLE `0_attachments`
  MODIFY `id` int(11) unsigned NOT NULL AUTO_INCREMENT;
--
-- AUTO_INCREMENT for table `0_audit_trail`
--
ALTER TABLE `0_audit_trail`
  MODIFY `id` int(11) NOT NULL AUTO_INCREMENT,AUTO_INCREMENT=14;
--
-- AUTO_INCREMENT for table `0_bank_accounts`
--
ALTER TABLE `0_bank_accounts`
  MODIFY `id` smallint(6) NOT NULL AUTO_INCREMENT,AUTO_INCREMENT=2;
--
-- AUTO_INCREMENT for table `0_bank_trans`
--
ALTER TABLE `0_bank_trans`
  MODIFY `id` int(11) NOT NULL AUTO_INCREMENT;
--
-- AUTO_INCREMENT for table `0_bom`
--
ALTER TABLE `0_bom`
  MODIFY `id` int(11) NOT NULL AUTO_INCREMENT;
--
-- AUTO_INCREMENT for table `0_budget_trans`
--
ALTER TABLE `0_budget_trans`
  MODIFY `id` int(11) NOT NULL AUTO_INCREMENT;
--
-- AUTO_INCREMENT for table `0_credit_status`
--
ALTER TABLE `0_credit_status`
  MODIFY `id` int(11) NOT NULL AUTO_INCREMENT,AUTO_INCREMENT=5;
--
-- AUTO_INCREMENT for table `0_crm_categories`
--
ALTER TABLE `0_crm_categories`
  MODIFY `id` int(11) NOT NULL AUTO_INCREMENT COMMENT 'pure technical key',AUTO_INCREMENT=13;
--
-- AUTO_INCREMENT for table `0_crm_contacts`
--
ALTER TABLE `0_crm_contacts`
  MODIFY `id` int(11) NOT NULL AUTO_INCREMENT,AUTO_INCREMENT=184;
--
-- AUTO_INCREMENT for table `0_crm_persons`
--
ALTER TABLE `0_crm_persons`
  MODIFY `id` int(11) NOT NULL AUTO_INCREMENT,AUTO_INCREMENT=99;
--
-- AUTO_INCREMENT for table `0_cust_allocations`
--
ALTER TABLE `0_cust_allocations`
  MODIFY `id` int(11) NOT NULL AUTO_INCREMENT;
--
-- AUTO_INCREMENT for table `0_cust_branch`
--
ALTER TABLE `0_cust_branch`
  MODIFY `branch_code` int(11) NOT NULL AUTO_INCREMENT,AUTO_INCREMENT=95;
--
-- AUTO_INCREMENT for table `0_dashboard_reminders`
--
ALTER TABLE `0_dashboard_reminders`
  MODIFY `id` int(11) NOT NULL AUTO_INCREMENT;
--
-- AUTO_INCREMENT for table `0_dashboard_widgets`
--
ALTER TABLE `0_dashboard_widgets`
  MODIFY `id` int(11) NOT NULL AUTO_INCREMENT,AUTO_INCREMENT=40;
--
-- AUTO_INCREMENT for table `0_debtors_master`
--
ALTER TABLE `0_debtors_master`
  MODIFY `debtor_no` int(11) NOT NULL AUTO_INCREMENT,AUTO_INCREMENT=86;
--
-- AUTO_INCREMENT for table `0_debtor_trans_details`
--
ALTER TABLE `0_debtor_trans_details`
  MODIFY `id` int(11) NOT NULL AUTO_INCREMENT;
--
-- AUTO_INCREMENT for table `0_dimensions`
--
ALTER TABLE `0_dimensions`
  MODIFY `id` int(11) NOT NULL AUTO_INCREMENT;
--
-- AUTO_INCREMENT for table `0_exchange_rates`
--
ALTER TABLE `0_exchange_rates`
  MODIFY `id` int(11) NOT NULL AUTO_INCREMENT,AUTO_INCREMENT=4;
--
-- AUTO_INCREMENT for table `0_fiscal_year`
--
ALTER TABLE `0_fiscal_year`
  MODIFY `id` int(11) NOT NULL AUTO_INCREMENT,AUTO_INCREMENT=2;
--
-- AUTO_INCREMENT for table `0_gl_trans`
--
ALTER TABLE `0_gl_trans`
  MODIFY `counter` int(11) NOT NULL AUTO_INCREMENT,AUTO_INCREMENT=1807;
--
-- AUTO_INCREMENT for table `0_grn_batch`
--
ALTER TABLE `0_grn_batch`
  MODIFY `id` int(11) NOT NULL AUTO_INCREMENT,AUTO_INCREMENT=5;
--
-- AUTO_INCREMENT for table `0_grn_items`
--
ALTER TABLE `0_grn_items`
  MODIFY `id` int(11) NOT NULL AUTO_INCREMENT,AUTO_INCREMENT=777;
--
-- AUTO_INCREMENT for table `0_groups`
--
ALTER TABLE `0_groups`
  MODIFY `id` smallint(6) unsigned NOT NULL AUTO_INCREMENT,AUTO_INCREMENT=4;
--
-- AUTO_INCREMENT for table `0_item_codes`
--
ALTER TABLE `0_item_codes`
  MODIFY `id` int(11) unsigned NOT NULL AUTO_INCREMENT,AUTO_INCREMENT=778;
--
-- AUTO_INCREMENT for table `0_item_tax_types`
--
ALTER TABLE `0_item_tax_types`
  MODIFY `id` int(11) NOT NULL AUTO_INCREMENT,AUTO_INCREMENT=2;
--
-- AUTO_INCREMENT for table `0_payment_terms`
--
ALTER TABLE `0_payment_terms`
  MODIFY `terms_indicator` int(11) NOT NULL AUTO_INCREMENT,AUTO_INCREMENT=3;
--
-- AUTO_INCREMENT for table `0_prices`
--
ALTER TABLE `0_prices`
  MODIFY `id` int(11) NOT NULL AUTO_INCREMENT,AUTO_INCREMENT=778;
--
-- AUTO_INCREMENT for table `0_printers`
--
ALTER TABLE `0_printers`
  MODIFY `id` tinyint(3) unsigned NOT NULL AUTO_INCREMENT,AUTO_INCREMENT=4;
--
-- AUTO_INCREMENT for table `0_print_profiles`
--
ALTER TABLE `0_print_profiles`
  MODIFY `id` smallint(6) unsigned NOT NULL AUTO_INCREMENT,AUTO_INCREMENT=11;
--
-- AUTO_INCREMENT for table `0_purch_orders`
--
ALTER TABLE `0_purch_orders`
  MODIFY `order_no` int(11) NOT NULL AUTO_INCREMENT,AUTO_INCREMENT=5;
--
-- AUTO_INCREMENT for table `0_purch_order_details`
--
ALTER TABLE `0_purch_order_details`
  MODIFY `po_detail_item` int(11) NOT NULL AUTO_INCREMENT,AUTO_INCREMENT=778;
--
-- AUTO_INCREMENT for table `0_quick_entries`
--
ALTER TABLE `0_quick_entries`
  MODIFY `id` smallint(6) unsigned NOT NULL AUTO_INCREMENT,AUTO_INCREMENT=5;
--
-- AUTO_INCREMENT for table `0_quick_entry_lines`
--
ALTER TABLE `0_quick_entry_lines`
  MODIFY `id` smallint(6) unsigned NOT NULL AUTO_INCREMENT,AUTO_INCREMENT=7;
--
-- AUTO_INCREMENT for table `0_recurrent_invoices`
--
ALTER TABLE `0_recurrent_invoices`
  MODIFY `id` smallint(6) unsigned NOT NULL AUTO_INCREMENT;
--
-- AUTO_INCREMENT for table `0_reflines`
--
ALTER TABLE `0_reflines`
  MODIFY `id` int(11) NOT NULL AUTO_INCREMENT,AUTO_INCREMENT=23;
--
-- AUTO_INCREMENT for table `0_salesman`
--
ALTER TABLE `0_salesman`
  MODIFY `salesman_code` int(11) NOT NULL AUTO_INCREMENT,AUTO_INCREMENT=3;
--
-- AUTO_INCREMENT for table `0_sales_order_details`
--
ALTER TABLE `0_sales_order_details`
  MODIFY `id` int(11) NOT NULL AUTO_INCREMENT;
--
-- AUTO_INCREMENT for table `0_sales_pos`
--
ALTER TABLE `0_sales_pos`
  MODIFY `id` smallint(6) unsigned NOT NULL AUTO_INCREMENT,AUTO_INCREMENT=2;
--
-- AUTO_INCREMENT for table `0_sales_types`
--
ALTER TABLE `0_sales_types`
  MODIFY `id` int(11) NOT NULL AUTO_INCREMENT,AUTO_INCREMENT=3;
--
-- AUTO_INCREMENT for table `0_security_roles`
--
ALTER TABLE `0_security_roles`
  MODIFY `id` int(11) NOT NULL AUTO_INCREMENT,AUTO_INCREMENT=13;
--
-- AUTO_INCREMENT for table `0_shippers`
--
ALTER TABLE `0_shippers`
  MODIFY `shipper_id` int(11) NOT NULL AUTO_INCREMENT,AUTO_INCREMENT=2;
--
-- AUTO_INCREMENT for table `0_sql_trail`
--
ALTER TABLE `0_sql_trail`
  MODIFY `id` int(11) unsigned NOT NULL AUTO_INCREMENT;
--
-- AUTO_INCREMENT for table `0_stock_category`
--
ALTER TABLE `0_stock_category`
  MODIFY `category_id` int(11) NOT NULL AUTO_INCREMENT,AUTO_INCREMENT=40;
--
-- AUTO_INCREMENT for table `0_stock_category_parent`
--
ALTER TABLE `0_stock_category_parent`
  MODIFY `id` int(11) NOT NULL AUTO_INCREMENT,AUTO_INCREMENT=22;
--
-- AUTO_INCREMENT for table `0_stock_master`
--
ALTER TABLE `0_stock_master`
  MODIFY `id` int(11) NOT NULL AUTO_INCREMENT,AUTO_INCREMENT=778;
--
-- AUTO_INCREMENT for table `0_stock_moves`
--
ALTER TABLE `0_stock_moves`
  MODIFY `trans_id` int(11) NOT NULL AUTO_INCREMENT,AUTO_INCREMENT=777;
--
-- AUTO_INCREMENT for table `0_suppliers`
--
ALTER TABLE `0_suppliers`
  MODIFY `supplier_id` int(11) NOT NULL AUTO_INCREMENT,AUTO_INCREMENT=5;
--
-- AUTO_INCREMENT for table `0_supp_allocations`
--
ALTER TABLE `0_supp_allocations`
  MODIFY `id` int(11) NOT NULL AUTO_INCREMENT;
--
-- AUTO_INCREMENT for table `0_supp_invoice_items`
--
ALTER TABLE `0_supp_invoice_items`
  MODIFY `id` int(11) NOT NULL AUTO_INCREMENT,AUTO_INCREMENT=1017;
--
-- AUTO_INCREMENT for table `0_tags`
--
ALTER TABLE `0_tags`
  MODIFY `id` int(11) NOT NULL AUTO_INCREMENT;
--
-- AUTO_INCREMENT for table `0_tax_groups`
--
ALTER TABLE `0_tax_groups`
  MODIFY `id` int(11) NOT NULL AUTO_INCREMENT,AUTO_INCREMENT=2;
--
-- AUTO_INCREMENT for table `0_tax_types`
--
ALTER TABLE `0_tax_types`
  MODIFY `id` int(11) NOT NULL AUTO_INCREMENT,AUTO_INCREMENT=2;
--
-- AUTO_INCREMENT for table `0_trans_tax_details`
--
ALTER TABLE `0_trans_tax_details`
  MODIFY `id` int(11) NOT NULL AUTO_INCREMENT,AUTO_INCREMENT=6;
--
-- AUTO_INCREMENT for table `0_useronline`
--
ALTER TABLE `0_useronline`
  MODIFY `id` int(11) NOT NULL AUTO_INCREMENT;
--
-- AUTO_INCREMENT for table `0_users`
--
ALTER TABLE `0_users`
  MODIFY `id` smallint(6) NOT NULL AUTO_INCREMENT,AUTO_INCREMENT=4;
--
-- AUTO_INCREMENT for table `0_workcentres`
--
ALTER TABLE `0_workcentres`
  MODIFY `id` int(11) NOT NULL AUTO_INCREMENT;
--
-- AUTO_INCREMENT for table `0_workorders`
--
ALTER TABLE `0_workorders`
  MODIFY `id` int(11) NOT NULL AUTO_INCREMENT;
--
-- AUTO_INCREMENT for table `0_wo_costing`
--
ALTER TABLE `0_wo_costing`
  MODIFY `id` int(11) NOT NULL AUTO_INCREMENT;
--
-- AUTO_INCREMENT for table `0_wo_issues`
--
ALTER TABLE `0_wo_issues`
  MODIFY `issue_no` int(11) NOT NULL AUTO_INCREMENT;
--
-- AUTO_INCREMENT for table `0_wo_issue_items`
--
ALTER TABLE `0_wo_issue_items`
  MODIFY `id` int(11) NOT NULL AUTO_INCREMENT;
--
-- AUTO_INCREMENT for table `0_wo_manufacture`
--
ALTER TABLE `0_wo_manufacture`
  MODIFY `id` int(11) NOT NULL AUTO_INCREMENT;
--
-- AUTO_INCREMENT for table `0_wo_requirements`
--
ALTER TABLE `0_wo_requirements`
  MODIFY `id` int(11) NOT NULL AUTO_INCREMENT;
/*!40101 SET CHARACTER_SET_CLIENT=@OLD_CHARACTER_SET_CLIENT */;
/*!40101 SET CHARACTER_SET_RESULTS=@OLD_CHARACTER_SET_RESULTS */;
/*!40101 SET COLLATION_CONNECTION=@OLD_COLLATION_CONNECTION */;
